 WARN Encountered 2 warnings while parsing the manifest:
  ⚠ The feature 'state' is defined but not used in any environment.
  │ Dependencies of unused features are not resolved or checked, and use
  │ wildcard (*) version specifiers by default, disregarding any set `pinning-
  │ strategy`
     ╭─[/ictstr01/groups/ml01/workspace/goncalo.pinto/embpy/pixi.toml:386:10]
 385 │ # ---------------------------------------------------------------------------
 386 │ [feature.state]
     ·          ─────
 387 │ platforms = ["linux-64"]
     ╰────
  help: Remove the feature from the manifest or add it to an environment

  ⚠ The feature 'stack' is defined but not used in any environment.
  │ Dependencies of unused features are not resolved or checked, and use
  │ wildcard (*) version specifiers by default, disregarding any set `pinning-
  │ strategy`
     ╭─[/ictstr01/groups/ml01/workspace/goncalo.pinto/embpy/pixi.toml:402:10]
 401 │ 
 402 │ [feature.stack]
     ·          ─────
 403 │ platforms = ["linux-64"]
     ╰────
  help: Remove the feature from the manifest or add it to an environment

[2026-05-18 20:00:28,356] INFO __main__: Found 2393 unique non-control perturbation labels in data/datasets/nadig/NadigOConner2024_jurkat.h5ad (filtered out 12013 control cells).
[2026-05-18 20:00:28,464] INFO world_model.data.embeddings.bio_embedder: BioEmbedderProvider cache hit 0/2393 unique gene symbols (model=minilm_l6_v2)
[2026-05-18 20:03:06,171] INFO root: CUDA device found, using GPU.
[2026-05-18 20:03:06,171] INFO root: GeneResolver initialized for human (Release 109).
[2026-05-18 20:03:07,803] INFO root: Checking if Ensembl data needs downloading/indexing...
[2026-05-18 20:03:08,883] INFO pyensembl.sequence_data: Loaded sequence dictionary from /home/icb/goncalo.pinto/.cache/pyensembl/GRCh38/ensembl109/Homo_sapiens.GRCh38.cdna.all.fa.gz.pickle
[2026-05-18 20:03:09,132] INFO pyensembl.sequence_data: Loaded sequence dictionary from /home/icb/goncalo.pinto/.cache/pyensembl/GRCh38/ensembl109/Homo_sapiens.GRCh38.ncrna.fa.gz.pickle
[2026-05-18 20:03:09,367] INFO pyensembl.sequence_data: Loaded sequence dictionary from /home/icb/goncalo.pinto/.cache/pyensembl/GRCh38/ensembl109/Homo_sapiens.GRCh38.pep.all.fa.gz.pickle
[2026-05-18 20:03:09,370] INFO root: pyensembl data is ready.
[2026-05-18 20:03:09,370] INFO root: BioEmbedder initialized: device=cuda, organism=human, backend=api
[2026-05-18 20:03:09,370] INFO root: Loading registered model 'minilm_l6_v2' onto device 'cuda'...
[2026-05-18 20:03:09,370] INFO root: Loading text model 'sentence-transformers/all-MiniLM-L6-v2'...
[2026-05-18 20:03:26,219] INFO root: Using max_length=512, cls_token_position=0
[2026-05-18 20:03:26,219] INFO root: Model 'minilm_l6_v2' loaded successfully.
[2026-05-18 20:03:26,219] INFO root: Batch: 2393 items for 'minilm_l6_v2' (text)...
[2026-05-18 20:03:26,995] ERROR root: Missing key in response for format string: 'identifier'
[2026-05-18 20:03:26,996] WARNING root: No data for AAAS; skipping.
[2026-05-18 20:03:27,748] ERROR root: Missing key in response for format string: 'identifier'
[2026-05-18 20:03:27,749] WARNING root: No data for AAMP; skipping.
[2026-05-18 20:03:28,498] ERROR root: Missing key in response for format string: 'identifier'
[2026-05-18 20:03:28,499] WARNING root: No data for AAR2; skipping.
[2026-05-18 20:03:29,271] ERROR root: Missing key in response for format string: 'identifier'
[2026-05-18 20:03:29,272] WARNING root: No data for AARS; skipping.
[2026-05-18 20:03:30,029] ERROR root: Missing key in response for format string: 'identifier'
[2026-05-18 20:03:30,030] WARNING root: No data for AARS2; skipping.
[2026-05-18 20:03:30,939] ERROR root: Missing key in response for format string: 'identifier'
[2026-05-18 20:03:30,940] WARNING root: No data for AASDHPPT; skipping.
[2026-05-18 20:03:31,698] ERROR root: Missing key in response for format string: 'identifier'
[2026-05-18 20:03:31,699] WARNING root: No data for AATF; skipping.
[2026-05-18 20:03:32,453] ERROR root: Missing key in response for format string: 'identifier'
[2026-05-18 20:03:32,454] WARNING root: No data for ABCB10; skipping.
[2026-05-18 20:03:33,216] ERROR root: Missing key in response for format string: 'identifier'
[2026-05-18 20:03:33,217] WARNING root: No data for ABCB7; skipping.
[2026-05-18 20:03:34,181] ERROR root: Missing key in response for format string: 'identifier'
[2026-05-18 20:03:34,183] WARNING root: No data for ABCE1; skipping.
[2026-05-18 20:03:34,944] ERROR root: Missing key in response for format string: 'identifier'
[2026-05-18 20:03:34,945] WARNING root: No data for ABCF1; skipping.
[2026-05-18 20:03:35,892] ERROR root: Missing key in response for format string: 'identifier'
[2026-05-18 20:03:35,893] WARNING root: No data for ABCG1; skipping.
[2026-05-18 20:03:36,651] ERROR root: Missing key in response for format string: 'identifier'
[2026-05-18 20:03:36,652] WARNING root: No data for ABHD11; skipping.
[2026-05-18 20:03:37,412] ERROR root: Missing key in response for format string: 'identifier'
[2026-05-18 20:03:37,413] WARNING root: No data for ABHD17A; skipping.
[2026-05-18 20:03:38,164] ERROR root: Missing key in response for format string: 'identifier'
[2026-05-18 20:03:38,166] WARNING root: No data for ABT1; skipping.
[2026-05-18 20:03:38,916] WARNING root: No gene information found for AC118549.1
[2026-05-18 20:03:38,917] WARNING root: No data for AC118549.1; skipping.
[2026-05-18 20:03:39,670] ERROR root: Missing key in response for format string: 'identifier'
[2026-05-18 20:03:39,672] WARNING root: No data for ACD; skipping.
[2026-05-18 20:03:40,424] ERROR root: Missing key in response for format string: 'identifier'
[2026-05-18 20:03:40,425] WARNING root: No data for ACIN1; skipping.
[2026-05-18 20:03:41,173] ERROR root: Missing key in response for format string: 'identifier'
[2026-05-18 20:03:41,174] WARNING root: No data for ACOT12; skipping.
[2026-05-18 20:03:41,931] ERROR root: Missing key in response for format string: 'identifier'
[2026-05-18 20:03:41,932] WARNING root: No data for ACSS2; skipping.
[2026-05-18 20:03:42,879] ERROR root: Missing key in response for format string: 'identifier'
[2026-05-18 20:03:42,881] WARNING root: No data for ACTB; skipping.
[2026-05-18 20:03:43,636] ERROR root: Missing key in response for format string: 'identifier'
[2026-05-18 20:03:43,637] WARNING root: No data for ACTL6A; skipping.
[2026-05-18 20:03:44,393] ERROR root: Missing key in response for format string: 'identifier'
[2026-05-18 20:03:44,394] WARNING root: No data for ACTR10; skipping.
[2026-05-18 20:03:45,151] ERROR root: Missing key in response for format string: 'identifier'
[2026-05-18 20:03:45,152] WARNING root: No data for ACTR1A; skipping.
[2026-05-18 20:03:45,897] ERROR root: Missing key in response for format string: 'identifier'
[2026-05-18 20:03:45,899] WARNING root: No data for ACTR1B; skipping.
[2026-05-18 20:03:46,657] ERROR root: Missing key in response for format string: 'identifier'
[2026-05-18 20:03:46,659] WARNING root: No data for ACTR2; skipping.
[2026-05-18 20:03:47,418] ERROR root: Missing key in response for format string: 'identifier'
[2026-05-18 20:03:47,420] WARNING root: No data for ACTR3; skipping.
[2026-05-18 20:03:48,172] ERROR root: Missing key in response for format string: 'identifier'
[2026-05-18 20:03:48,173] WARNING root: No data for ACTR5; skipping.
[2026-05-18 20:03:48,933] ERROR root: Missing key in response for format string: 'identifier'
[2026-05-18 20:03:48,934] WARNING root: No data for ACTR6; skipping.
[2026-05-18 20:03:49,680] ERROR root: Missing key in response for format string: 'identifier'
[2026-05-18 20:03:49,681] WARNING root: No data for ACTR8; skipping.
[2026-05-18 20:03:50,626] ERROR root: Missing key in response for format string: 'identifier'
[2026-05-18 20:03:50,627] WARNING root: No data for ADAM10; skipping.
[2026-05-18 20:03:51,375] ERROR root: Missing key in response for format string: 'identifier'
[2026-05-18 20:03:51,376] WARNING root: No data for ADAT2; skipping.
[2026-05-18 20:03:52,134] ERROR root: Missing key in response for format string: 'identifier'
[2026-05-18 20:03:52,135] WARNING root: No data for ADAT3; skipping.
[2026-05-18 20:03:52,889] ERROR root: Missing key in response for format string: 'identifier'
[2026-05-18 20:03:52,890] WARNING root: No data for ADNP2; skipping.
[2026-05-18 20:03:53,642] ERROR root: Missing key in response for format string: 'identifier'
[2026-05-18 20:03:53,643] WARNING root: No data for ADRM1; skipping.
[2026-05-18 20:03:54,388] ERROR root: Missing key in response for format string: 'identifier'
[2026-05-18 20:03:54,389] WARNING root: No data for ADSL; skipping.
[2026-05-18 20:03:55,153] ERROR root: Missing key in response for format string: 'identifier'
[2026-05-18 20:03:55,155] WARNING root: No data for AFG3L2; skipping.
[2026-05-18 20:03:55,914] ERROR root: Missing key in response for format string: 'identifier'
[2026-05-18 20:03:55,915] WARNING root: No data for AGBL5; skipping.
[2026-05-18 20:03:56,676] ERROR root: Missing key in response for format string: 'identifier'
[2026-05-18 20:03:56,677] WARNING root: No data for AHCTF1; skipping.
[2026-05-18 20:03:57,616] ERROR root: Missing key in response for format string: 'identifier'
[2026-05-18 20:03:57,617] WARNING root: No data for AHCY; skipping.
[2026-05-18 20:03:58,562] ERROR root: Missing key in response for format string: 'identifier'
[2026-05-18 20:03:58,563] WARNING root: No data for AIFM1; skipping.
[2026-05-18 20:03:59,316] ERROR root: Missing key in response for format string: 'identifier'
[2026-05-18 20:03:59,317] WARNING root: No data for AKIRIN2; skipping.
[2026-05-18 20:04:00,117] ERROR root: Missing key in response for format string: 'identifier'
[2026-05-18 20:04:00,118] WARNING root: No data for ALDOA; skipping.
[2026-05-18 20:04:00,879] ERROR root: Missing key in response for format string: 'identifier'
[2026-05-18 20:04:00,880] WARNING root: No data for ALG1; skipping.
[2026-05-18 20:04:01,644] ERROR root: Missing key in response for format string: 'identifier'
[2026-05-18 20:04:01,645] WARNING root: No data for ALG11; skipping.
[2026-05-18 20:04:02,598] ERROR root: Missing key in response for format string: 'identifier'
[2026-05-18 20:04:02,599] WARNING root: No data for ALG13; skipping.
[2026-05-18 20:04:03,539] ERROR root: Missing key in response for format string: 'identifier'
[2026-05-18 20:04:03,540] WARNING root: No data for ALG14; skipping.
[2026-05-18 20:04:04,287] ERROR root: Missing key in response for format string: 'identifier'
[2026-05-18 20:04:04,288] WARNING root: No data for ALG1L; skipping.
[2026-05-18 20:04:05,215] ERROR root: Missing key in response for format string: 'identifier'
[2026-05-18 20:04:05,216] WARNING root: No data for ALG2; skipping.
[2026-05-18 20:04:05,969] ERROR root: Missing key in response for format string: 'identifier'
[2026-05-18 20:04:05,970] WARNING root: No data for ALYREF; skipping.
[2026-05-18 20:04:06,741] ERROR root: Missing key in response for format string: 'identifier'
[2026-05-18 20:04:06,742] WARNING root: No data for ANAPC1; skipping.
[2026-05-18 20:04:07,492] ERROR root: Missing key in response for format string: 'identifier'
[2026-05-18 20:04:07,494] WARNING root: No data for ANAPC10; skipping.
[2026-05-18 20:04:08,251] ERROR root: Missing key in response for format string: 'identifier'
[2026-05-18 20:04:08,253] WARNING root: No data for ANAPC11; skipping.
[2026-05-18 20:04:09,003] ERROR root: Missing key in response for format string: 'identifier'
[2026-05-18 20:04:09,004] WARNING root: No data for ANAPC13; skipping.
[2026-05-18 20:04:09,763] ERROR root: Missing key in response for format string: 'identifier'
[2026-05-18 20:04:09,765] WARNING root: No data for ANAPC15; skipping.
[2026-05-18 20:04:10,520] ERROR root: Missing key in response for format string: 'identifier'
[2026-05-18 20:04:10,521] WARNING root: No data for ANAPC2; skipping.
[2026-05-18 20:04:11,276] ERROR root: Missing key in response for format string: 'identifier'
[2026-05-18 20:04:11,278] WARNING root: No data for ANAPC4; skipping.
[2026-05-18 20:04:12,032] ERROR root: Missing key in response for format string: 'identifier'
[2026-05-18 20:04:12,033] WARNING root: No data for ANAPC5; skipping.
[2026-05-18 20:04:12,788] ERROR root: Missing key in response for format string: 'identifier'
[2026-05-18 20:04:12,789] WARNING root: No data for ANKLE2; skipping.
[2026-05-18 20:04:13,546] ERROR root: Missing key in response for format string: 'identifier'
[2026-05-18 20:04:13,547] WARNING root: No data for ANKRD11; skipping.
[2026-05-18 20:04:14,300] ERROR root: Missing key in response for format string: 'identifier'
[2026-05-18 20:04:14,301] WARNING root: No data for ANKRD17; skipping.
[2026-05-18 20:04:15,058] ERROR root: Missing key in response for format string: 'identifier'
[2026-05-18 20:04:15,060] WARNING root: No data for ANKRD39; skipping.
[2026-05-18 20:04:15,811] ERROR root: Missing key in response for format string: 'identifier'
[2026-05-18 20:04:15,812] WARNING root: No data for ANKRD49; skipping.
[2026-05-18 20:04:16,560] ERROR root: Missing key in response for format string: 'identifier'
[2026-05-18 20:04:16,561] WARNING root: No data for ANKS6; skipping.
[2026-05-18 20:04:17,321] ERROR root: Missing key in response for format string: 'identifier'
[2026-05-18 20:04:17,322] WARNING root: No data for ANLN; skipping.
[2026-05-18 20:04:18,079] ERROR root: Missing key in response for format string: 'identifier'
[2026-05-18 20:04:18,080] WARNING root: No data for AP2A1; skipping.
[2026-05-18 20:04:18,836] ERROR root: Missing key in response for format string: 'identifier'
[2026-05-18 20:04:18,837] WARNING root: No data for AP2M1; skipping.
[2026-05-18 20:04:19,581] ERROR root: Missing key in response for format string: 'identifier'
[2026-05-18 20:04:19,582] WARNING root: No data for AP2S1; skipping.
[2026-05-18 20:04:20,342] ERROR root: Missing key in response for format string: 'identifier'
[2026-05-18 20:04:20,343] WARNING root: No data for AQP7; skipping.
[2026-05-18 20:04:21,097] ERROR root: Missing key in response for format string: 'identifier'
[2026-05-18 20:04:21,098] WARNING root: No data for AQR; skipping.
[2026-05-18 20:04:21,846] ERROR root: Missing key in response for format string: 'identifier'
[2026-05-18 20:04:21,847] WARNING root: No data for ARCN1; skipping.
[2026-05-18 20:04:22,800] ERROR root: Missing key in response for format string: 'identifier'
[2026-05-18 20:04:22,801] WARNING root: No data for ARF4; skipping.
[2026-05-18 20:04:23,574] ERROR root: Missing key in response for format string: 'identifier'
[2026-05-18 20:04:23,575] WARNING root: No data for ARFRP1; skipping.
[2026-05-18 20:04:24,334] ERROR root: Missing key in response for format string: 'identifier'
[2026-05-18 20:04:24,336] WARNING root: No data for ARGFX; skipping.
[2026-05-18 20:04:25,091] ERROR root: Missing key in response for format string: 'identifier'
[2026-05-18 20:04:25,092] WARNING root: No data for ARGLU1; skipping.
[2026-05-18 20:04:25,847] ERROR root: Missing key in response for format string: 'identifier'
[2026-05-18 20:04:25,848] WARNING root: No data for ARHGAP11B; skipping.
[2026-05-18 20:04:26,603] ERROR root: Missing key in response for format string: 'identifier'
[2026-05-18 20:04:26,604] WARNING root: No data for ARHGAP6; skipping.
[2026-05-18 20:04:27,359] ERROR root: Missing key in response for format string: 'identifier'
[2026-05-18 20:04:27,360] WARNING root: No data for ARID3A; skipping.
[2026-05-18 20:04:28,121] ERROR root: Missing key in response for format string: 'identifier'
[2026-05-18 20:04:28,122] WARNING root: No data for ARID5B; skipping.
[2026-05-18 20:04:28,876] ERROR root: Missing key in response for format string: 'identifier'
[2026-05-18 20:04:28,878] WARNING root: No data for ARIH1; skipping.
[2026-05-18 20:04:29,827] ERROR root: Missing key in response for format string: 'identifier'
[2026-05-18 20:04:29,829] WARNING root: No data for ARL2; skipping.
[2026-05-18 20:04:30,594] ERROR root: Missing key in response for format string: 'identifier'
[2026-05-18 20:04:30,595] WARNING root: No data for ARL4D; skipping.
[2026-05-18 20:04:31,346] ERROR root: Missing key in response for format string: 'identifier'
[2026-05-18 20:04:31,347] WARNING root: No data for ARL6IP6; skipping.
[2026-05-18 20:04:32,102] ERROR root: Missing key in response for format string: 'identifier'
[2026-05-18 20:04:32,103] WARNING root: No data for ARMC6; skipping.
[2026-05-18 20:04:32,851] ERROR root: Missing key in response for format string: 'identifier'
[2026-05-18 20:04:32,852] WARNING root: No data for ARMC7; skipping.
[2026-05-18 20:04:33,605] ERROR root: Missing key in response for format string: 'identifier'
[2026-05-18 20:04:33,606] WARNING root: No data for ARPC1B; skipping.
[2026-05-18 20:04:34,357] ERROR root: Missing key in response for format string: 'identifier'
[2026-05-18 20:04:34,359] WARNING root: No data for ARPC2; skipping.
[2026-05-18 20:04:35,117] ERROR root: Missing key in response for format string: 'identifier'
[2026-05-18 20:04:35,118] WARNING root: No data for ARPC3; skipping.
[2026-05-18 20:04:35,865] ERROR root: Missing key in response for format string: 'identifier'
[2026-05-18 20:04:35,866] WARNING root: No data for ARPC4; skipping.
[2026-05-18 20:04:36,805] ERROR root: Missing key in response for format string: 'identifier'
[2026-05-18 20:04:36,806] WARNING root: No data for ARRB2; skipping.
[2026-05-18 20:04:37,567] ERROR root: Missing key in response for format string: 'identifier'
[2026-05-18 20:04:37,568] WARNING root: No data for ASCC3; skipping.
[2026-05-18 20:04:38,326] ERROR root: Missing key in response for format string: 'identifier'
[2026-05-18 20:04:38,327] WARNING root: No data for ASF1B; skipping.
[2026-05-18 20:04:39,696] ERROR root: Missing key in response for format string: 'identifier'
[2026-05-18 20:04:39,697] WARNING root: No data for ATF4; skipping.
[2026-05-18 20:04:40,451] ERROR root: Missing key in response for format string: 'identifier'
[2026-05-18 20:04:40,452] WARNING root: No data for ATF5; skipping.
[2026-05-18 20:04:41,645] ERROR root: Missing key in response for format string: 'identifier'
[2026-05-18 20:04:41,646] WARNING root: No data for ATIC; skipping.
[2026-05-18 20:04:42,406] ERROR root: Missing key in response for format string: 'identifier'
[2026-05-18 20:04:42,407] WARNING root: No data for ATL2; skipping.
[2026-05-18 20:04:43,165] ERROR root: Missing key in response for format string: 'identifier'
[2026-05-18 20:04:43,166] WARNING root: No data for ATP11B; skipping.
[2026-05-18 20:04:44,101] ERROR root: Missing key in response for format string: 'identifier'
[2026-05-18 20:04:44,102] WARNING root: No data for ATP1A1; skipping.
[2026-05-18 20:04:45,044] ERROR root: Missing key in response for format string: 'identifier'
[2026-05-18 20:04:45,045] WARNING root: No data for ATP2A2; skipping.
[2026-05-18 20:04:45,806] ERROR root: Missing key in response for format string: 'identifier'
[2026-05-18 20:04:45,807] WARNING root: No data for ATP5F1A; skipping.
[2026-05-18 20:04:46,552] ERROR root: Missing key in response for format string: 'identifier'
[2026-05-18 20:04:46,553] WARNING root: No data for ATP5F1B; skipping.
[2026-05-18 20:04:47,311] ERROR root: Missing key in response for format string: 'identifier'
[2026-05-18 20:04:47,312] WARNING root: No data for ATP5F1C; skipping.
[2026-05-18 20:04:48,058] ERROR root: Missing key in response for format string: 'identifier'
[2026-05-18 20:04:48,059] WARNING root: No data for ATP5MD; skipping.
[2026-05-18 20:04:48,816] ERROR root: Missing key in response for format string: 'identifier'
[2026-05-18 20:04:48,817] WARNING root: No data for ATP5ME; skipping.
[2026-05-18 20:04:49,577] ERROR root: Missing key in response for format string: 'identifier'
[2026-05-18 20:04:49,578] WARNING root: No data for ATP5MF; skipping.
[2026-05-18 20:04:50,329] ERROR root: Missing key in response for format string: 'identifier'
[2026-05-18 20:04:50,331] WARNING root: No data for ATP5PD; skipping.
[2026-05-18 20:04:51,087] ERROR root: Missing key in response for format string: 'identifier'
[2026-05-18 20:04:51,089] WARNING root: No data for ATP5PO; skipping.
[2026-05-18 20:04:51,837] ERROR root: Missing key in response for format string: 'identifier'
[2026-05-18 20:04:51,838] WARNING root: No data for ATP6AP1; skipping.
[2026-05-18 20:04:52,591] ERROR root: Missing key in response for format string: 'identifier'
[2026-05-18 20:04:52,592] WARNING root: No data for ATP6AP2; skipping.
[2026-05-18 20:04:53,344] ERROR root: Missing key in response for format string: 'identifier'
[2026-05-18 20:04:53,345] WARNING root: No data for ATP6V0B; skipping.
[2026-05-18 20:04:54,095] ERROR root: Missing key in response for format string: 'identifier'
[2026-05-18 20:04:54,096] WARNING root: No data for ATP6V0C; skipping.
[2026-05-18 20:04:54,848] ERROR root: Missing key in response for format string: 'identifier'
[2026-05-18 20:04:54,849] WARNING root: No data for ATP6V0D1; skipping.
[2026-05-18 20:04:55,609] ERROR root: Missing key in response for format string: 'identifier'
[2026-05-18 20:04:55,610] WARNING root: No data for ATP6V1A; skipping.
[2026-05-18 20:04:56,366] ERROR root: Missing key in response for format string: 'identifier'
[2026-05-18 20:04:56,367] WARNING root: No data for ATP6V1B2; skipping.
[2026-05-18 20:04:57,113] ERROR root: Missing key in response for format string: 'identifier'
[2026-05-18 20:04:57,114] WARNING root: No data for ATP6V1C1; skipping.
[2026-05-18 20:04:57,862] ERROR root: Missing key in response for format string: 'identifier'
[2026-05-18 20:04:57,863] WARNING root: No data for ATP6V1D; skipping.
[2026-05-18 20:04:58,617] ERROR root: Missing key in response for format string: 'identifier'
[2026-05-18 20:04:58,618] WARNING root: No data for ATP6V1E1; skipping.
[2026-05-18 20:04:59,378] ERROR root: Missing key in response for format string: 'identifier'
[2026-05-18 20:04:59,379] WARNING root: No data for ATP6V1F; skipping.
[2026-05-18 20:05:00,153] ERROR root: Missing key in response for format string: 'identifier'
[2026-05-18 20:05:00,154] WARNING root: No data for ATP6V1G1; skipping.
[2026-05-18 20:05:00,900] ERROR root: Missing key in response for format string: 'identifier'
[2026-05-18 20:05:00,901] WARNING root: No data for ATP6V1H; skipping.
[2026-05-18 20:05:02,053] ERROR root: Missing key in response for format string: 'identifier'
[2026-05-18 20:05:02,055] WARNING root: No data for ATR; skipping.
[2026-05-18 20:05:02,812] ERROR root: Missing key in response for format string: 'identifier'
[2026-05-18 20:05:02,813] WARNING root: No data for ATRIP; skipping.
[2026-05-18 20:05:03,567] ERROR root: Missing key in response for format string: 'identifier'
[2026-05-18 20:05:03,568] WARNING root: No data for ATXN10; skipping.
[2026-05-18 20:05:04,729] ERROR root: Missing key in response for format string: 'identifier'
[2026-05-18 20:05:04,730] WARNING root: No data for AURKA; skipping.
[2026-05-18 20:05:05,480] ERROR root: Missing key in response for format string: 'identifier'
[2026-05-18 20:05:05,481] WARNING root: No data for AURKAIP1; skipping.
[2026-05-18 20:05:06,422] ERROR root: Missing key in response for format string: 'identifier'
[2026-05-18 20:05:06,423] WARNING root: No data for AURKB; skipping.
[2026-05-18 20:05:07,373] ERROR root: Missing key in response for format string: 'identifier'
[2026-05-18 20:05:07,375] WARNING root: No data for BAG6; skipping.
[2026-05-18 20:05:08,133] ERROR root: Missing key in response for format string: 'identifier'
[2026-05-18 20:05:08,134] WARNING root: No data for BANF1; skipping.
[2026-05-18 20:05:09,082] ERROR root: Missing key in response for format string: 'identifier'
[2026-05-18 20:05:09,083] WARNING root: No data for BANP; skipping.
[2026-05-18 20:05:10,226] ERROR root: Missing key in response for format string: 'identifier'
[2026-05-18 20:05:10,227] WARNING root: No data for BAP1; skipping.
[2026-05-18 20:05:11,775] ERROR root: Missing key in response for format string: 'identifier'
[2026-05-18 20:05:11,777] WARNING root: No data for BARD1; skipping.
[2026-05-18 20:05:12,727] ERROR root: Missing key in response for format string: 'identifier'
[2026-05-18 20:05:12,728] WARNING root: No data for BCAR1; skipping.
[2026-05-18 20:05:13,479] ERROR root: Missing key in response for format string: 'identifier'
[2026-05-18 20:05:13,480] WARNING root: No data for BCAS2; skipping.
[2026-05-18 20:05:14,845] ERROR root: Missing key in response for format string: 'identifier'
[2026-05-18 20:05:14,846] WARNING root: No data for BCL2L1; skipping.
[2026-05-18 20:05:15,962] ERROR root: Missing key in response for format string: 'identifier'
[2026-05-18 20:05:15,963] WARNING root: No data for BCLAF1; skipping.
[2026-05-18 20:05:16,936] ERROR root: Missing key in response for format string: 'identifier'
[2026-05-18 20:05:16,937] WARNING root: No data for BCR; skipping.
[2026-05-18 20:05:17,698] ERROR root: Missing key in response for format string: 'identifier'
[2026-05-18 20:05:17,699] WARNING root: No data for BCS1L; skipping.
[2026-05-18 20:05:18,451] ERROR root: Missing key in response for format string: 'identifier'
[2026-05-18 20:05:18,452] WARNING root: No data for BDP1; skipping.
[2026-05-18 20:05:19,210] ERROR root: Missing key in response for format string: 'identifier'
[2026-05-18 20:05:19,211] WARNING root: No data for BET1; skipping.
[2026-05-18 20:05:20,152] ERROR root: Missing key in response for format string: 'identifier'
[2026-05-18 20:05:20,154] WARNING root: No data for BGLAP; skipping.
[2026-05-18 20:05:21,295] ERROR root: Missing key in response for format string: 'identifier'
[2026-05-18 20:05:21,296] WARNING root: No data for BIRC5; skipping.
[2026-05-18 20:05:23,426] ERROR root: Missing key in response for format string: 'identifier'
[2026-05-18 20:05:23,427] WARNING root: No data for BMP2K; skipping.
[2026-05-18 20:05:24,181] ERROR root: Missing key in response for format string: 'identifier'
[2026-05-18 20:05:24,182] WARNING root: No data for BMS1; skipping.
[2026-05-18 20:05:24,937] ERROR root: Missing key in response for format string: 'identifier'
[2026-05-18 20:05:24,938] WARNING root: No data for BNIP1; skipping.
[2026-05-18 20:05:25,693] ERROR root: Missing key in response for format string: 'identifier'
[2026-05-18 20:05:25,694] WARNING root: No data for BOD1L1; skipping.
[2026-05-18 20:05:26,451] ERROR root: Missing key in response for format string: 'identifier'
[2026-05-18 20:05:26,453] WARNING root: No data for BOP1; skipping.
[2026-05-18 20:05:27,210] ERROR root: Missing key in response for format string: 'identifier'
[2026-05-18 20:05:27,211] WARNING root: No data for BORA; skipping.
[2026-05-18 20:05:28,162] ERROR root: Missing key in response for format string: 'identifier'
[2026-05-18 20:05:28,163] WARNING root: No data for BPTF; skipping.
[2026-05-18 20:05:29,744] ERROR root: Missing key in response for format string: 'identifier'
[2026-05-18 20:05:29,746] WARNING root: No data for BRCA1; skipping.
[2026-05-18 20:05:31,355] ERROR root: Missing key in response for format string: 'identifier'
[2026-05-18 20:05:31,356] WARNING root: No data for BRCA2; skipping.
[2026-05-18 20:05:32,308] ERROR root: Missing key in response for format string: 'identifier'
[2026-05-18 20:05:32,309] WARNING root: No data for BRD2; skipping.
[2026-05-18 20:05:33,262] ERROR root: Missing key in response for format string: 'identifier'
[2026-05-18 20:05:33,263] WARNING root: No data for BRD4; skipping.
[2026-05-18 20:05:34,019] ERROR root: Missing key in response for format string: 'identifier'
[2026-05-18 20:05:34,020] WARNING root: No data for BRD8; skipping.
[2026-05-18 20:05:35,593] ERROR root: Missing key in response for format string: 'identifier'
[2026-05-18 20:05:35,594] WARNING root: No data for BRF1; skipping.
[2026-05-18 20:05:36,354] ERROR root: Missing key in response for format string: 'identifier'
[2026-05-18 20:05:36,355] WARNING root: No data for BRF2; skipping.
[2026-05-18 20:05:37,514] ERROR root: Missing key in response for format string: 'identifier'
[2026-05-18 20:05:37,515] WARNING root: No data for BRIP1; skipping.
[2026-05-18 20:05:39,432] ERROR root: Missing key in response for format string: 'identifier'
[2026-05-18 20:05:39,433] WARNING root: No data for BRIX1; skipping.
[2026-05-18 20:05:40,193] ERROR root: Missing key in response for format string: 'identifier'
[2026-05-18 20:05:40,194] WARNING root: No data for BRK1; skipping.
[2026-05-18 20:05:40,955] ERROR root: Missing key in response for format string: 'identifier'
[2026-05-18 20:05:40,956] WARNING root: No data for BTAF1; skipping.
[2026-05-18 20:05:41,729] ERROR root: Missing key in response for format string: 'identifier'
[2026-05-18 20:05:41,730] WARNING root: No data for BTF3; skipping.
[2026-05-18 20:05:42,481] ERROR root: Missing key in response for format string: 'identifier'
[2026-05-18 20:05:42,482] WARNING root: No data for BTF3L4; skipping.
[2026-05-18 20:05:43,440] ERROR root: Missing key in response for format string: 'identifier'
[2026-05-18 20:05:43,441] WARNING root: No data for BUB1; skipping.
[2026-05-18 20:05:44,378] ERROR root: Missing key in response for format string: 'identifier'
[2026-05-18 20:05:44,379] WARNING root: No data for BUB1B; skipping.
[2026-05-18 20:05:45,325] ERROR root: Missing key in response for format string: 'identifier'
[2026-05-18 20:05:45,326] WARNING root: No data for BUB3; skipping.
[2026-05-18 20:05:46,081] ERROR root: Missing key in response for format string: 'identifier'
[2026-05-18 20:05:46,082] WARNING root: No data for BUD13; skipping.
[2026-05-18 20:05:46,827] ERROR root: Missing key in response for format string: 'identifier'
[2026-05-18 20:05:46,829] WARNING root: No data for BUD23; skipping.
[2026-05-18 20:05:47,583] ERROR root: Missing key in response for format string: 'identifier'
[2026-05-18 20:05:47,584] WARNING root: No data for BUD31; skipping.
[2026-05-18 20:05:48,332] ERROR root: Missing key in response for format string: 'identifier'
[2026-05-18 20:05:48,333] WARNING root: No data for BYSL; skipping.
[2026-05-18 20:05:49,084] ERROR root: Missing key in response for format string: 'identifier'
[2026-05-18 20:05:49,085] WARNING root: No data for C12orf45; skipping.
[2026-05-18 20:05:49,838] ERROR root: Missing key in response for format string: 'identifier'
[2026-05-18 20:05:49,839] WARNING root: No data for C12orf60; skipping.
[2026-05-18 20:05:50,594] ERROR root: Missing key in response for format string: 'identifier'
[2026-05-18 20:05:50,595] WARNING root: No data for C14orf178; skipping.
[2026-05-18 20:05:51,346] ERROR root: Missing key in response for format string: 'identifier'
[2026-05-18 20:05:51,347] WARNING root: No data for C16orf86; skipping.
[2026-05-18 20:05:52,104] ERROR root: Missing key in response for format string: 'identifier'
[2026-05-18 20:05:52,105] WARNING root: No data for C17orf58; skipping.
[2026-05-18 20:05:52,862] ERROR root: Missing key in response for format string: 'identifier'
[2026-05-18 20:05:52,863] WARNING root: No data for C18orf21; skipping.
[2026-05-18 20:05:53,619] ERROR root: Missing key in response for format string: 'identifier'
[2026-05-18 20:05:53,620] WARNING root: No data for C19orf25; skipping.
[2026-05-18 20:05:54,370] ERROR root: Missing key in response for format string: 'identifier'
[2026-05-18 20:05:54,371] WARNING root: No data for C19orf53; skipping.
[2026-05-18 20:05:55,136] ERROR root: Missing key in response for format string: 'identifier'
[2026-05-18 20:05:55,138] WARNING root: No data for C1D; skipping.
[2026-05-18 20:05:55,889] ERROR root: Missing key in response for format string: 'identifier'
[2026-05-18 20:05:55,890] WARNING root: No data for C1QBP; skipping.
[2026-05-18 20:05:56,641] ERROR root: Missing key in response for format string: 'identifier'
[2026-05-18 20:05:56,643] WARNING root: No data for C1QTNF4; skipping.
[2026-05-18 20:05:57,399] ERROR root: Missing key in response for format string: 'identifier'
[2026-05-18 20:05:57,400] WARNING root: No data for C1orf109; skipping.
[2026-05-18 20:05:58,150] ERROR root: Missing key in response for format string: 'identifier'
[2026-05-18 20:05:58,151] WARNING root: No data for C1orf131; skipping.
[2026-05-18 20:05:58,899] ERROR root: Missing key in response for format string: 'identifier'
[2026-05-18 20:05:58,900] WARNING root: No data for C5orf30; skipping.
[2026-05-18 20:05:59,655] ERROR root: Missing key in response for format string: 'identifier'
[2026-05-18 20:05:59,657] WARNING root: No data for C6orf15; skipping.
[2026-05-18 20:06:00,411] ERROR root: Missing key in response for format string: 'identifier'
[2026-05-18 20:06:00,413] WARNING root: No data for C7orf26; skipping.
[2026-05-18 20:06:01,179] ERROR root: Missing key in response for format string: 'identifier'
[2026-05-18 20:06:01,180] WARNING root: No data for C7orf50; skipping.
[2026-05-18 20:06:01,938] ERROR root: Missing key in response for format string: 'identifier'
[2026-05-18 20:06:01,939] WARNING root: No data for C9orf16; skipping.
[2026-05-18 20:06:02,751] ERROR root: Missing key in response for format string: 'identifier'
[2026-05-18 20:06:02,752] WARNING root: No data for C9orf78; skipping.
[2026-05-18 20:06:03,507] ERROR root: Missing key in response for format string: 'identifier'
[2026-05-18 20:06:03,508] WARNING root: No data for CA5A; skipping.
[2026-05-18 20:06:04,275] ERROR root: Missing key in response for format string: 'identifier'
[2026-05-18 20:06:04,276] WARNING root: No data for CABIN1; skipping.
[2026-05-18 20:06:05,038] ERROR root: Missing key in response for format string: 'identifier'
[2026-05-18 20:06:05,039] WARNING root: No data for CACNB3; skipping.
[2026-05-18 20:06:05,798] ERROR root: Missing key in response for format string: 'identifier'
[2026-05-18 20:06:05,799] WARNING root: No data for CACTIN; skipping.
[2026-05-18 20:06:06,963] ERROR root: Missing key in response for format string: 'identifier'
[2026-05-18 20:06:06,964] WARNING root: No data for CAD; skipping.
[2026-05-18 20:06:07,715] ERROR root: Missing key in response for format string: 'identifier'
[2026-05-18 20:06:07,716] WARNING root: No data for CADM4; skipping.
[2026-05-18 20:06:08,665] ERROR root: Missing key in response for format string: 'identifier'
[2026-05-18 20:06:08,666] WARNING root: No data for CALR; skipping.
[2026-05-18 20:06:09,417] ERROR root: Missing key in response for format string: 'identifier'
[2026-05-18 20:06:09,418] WARNING root: No data for CAMLG; skipping.
[2026-05-18 20:06:10,368] ERROR root: Missing key in response for format string: 'identifier'
[2026-05-18 20:06:10,369] WARNING root: No data for CAP1; skipping.
[2026-05-18 20:06:11,122] ERROR root: Missing key in response for format string: 'identifier'
[2026-05-18 20:06:11,123] WARNING root: No data for CAPZB; skipping.
[2026-05-18 20:06:11,877] ERROR root: Missing key in response for format string: 'identifier'
[2026-05-18 20:06:11,878] WARNING root: No data for CARF; skipping.
[2026-05-18 20:06:12,640] ERROR root: Missing key in response for format string: 'identifier'
[2026-05-18 20:06:12,641] WARNING root: No data for CARS; skipping.
[2026-05-18 20:06:13,397] ERROR root: Missing key in response for format string: 'identifier'
[2026-05-18 20:06:13,398] WARNING root: No data for CASC3; skipping.
[2026-05-18 20:06:14,153] ERROR root: Missing key in response for format string: 'identifier'
[2026-05-18 20:06:14,155] WARNING root: No data for CASP8AP2; skipping.
[2026-05-18 20:06:15,136] ERROR root: Missing key in response for format string: 'identifier'
[2026-05-18 20:06:15,137] WARNING root: No data for CAST; skipping.
[2026-05-18 20:06:15,893] ERROR root: Missing key in response for format string: 'identifier'
[2026-05-18 20:06:15,894] WARNING root: No data for CBFA2T3; skipping.
[2026-05-18 20:06:16,646] ERROR root: Missing key in response for format string: 'identifier'
[2026-05-18 20:06:16,647] WARNING root: No data for CBLL1; skipping.
[2026-05-18 20:06:17,409] ERROR root: Missing key in response for format string: 'identifier'
[2026-05-18 20:06:17,410] WARNING root: No data for CBLN1; skipping.
[2026-05-18 20:06:18,162] ERROR root: Missing key in response for format string: 'identifier'
[2026-05-18 20:06:18,163] WARNING root: No data for CBX1; skipping.
[2026-05-18 20:06:18,922] ERROR root: Missing key in response for format string: 'identifier'
[2026-05-18 20:06:18,923] WARNING root: No data for CCAR1; skipping.
[2026-05-18 20:06:19,676] ERROR root: Missing key in response for format string: 'identifier'
[2026-05-18 20:06:19,678] WARNING root: No data for CCDC115; skipping.
[2026-05-18 20:06:20,436] ERROR root: Missing key in response for format string: 'identifier'
[2026-05-18 20:06:20,438] WARNING root: No data for CCDC130; skipping.
[2026-05-18 20:06:21,184] ERROR root: Missing key in response for format string: 'identifier'
[2026-05-18 20:06:21,185] WARNING root: No data for CCDC137; skipping.
[2026-05-18 20:06:21,942] ERROR root: Missing key in response for format string: 'identifier'
[2026-05-18 20:06:21,943] WARNING root: No data for CCDC144A; skipping.
[2026-05-18 20:06:22,697] ERROR root: Missing key in response for format string: 'identifier'
[2026-05-18 20:06:22,698] WARNING root: No data for CCDC144NL; skipping.
[2026-05-18 20:06:23,454] ERROR root: Missing key in response for format string: 'identifier'
[2026-05-18 20:06:23,455] WARNING root: No data for CCDC174; skipping.
[2026-05-18 20:06:24,213] ERROR root: Missing key in response for format string: 'identifier'
[2026-05-18 20:06:24,214] WARNING root: No data for CCDC59; skipping.
[2026-05-18 20:06:24,964] ERROR root: Missing key in response for format string: 'identifier'
[2026-05-18 20:06:24,965] WARNING root: No data for CCDC6; skipping.
[2026-05-18 20:06:25,724] ERROR root: Missing key in response for format string: 'identifier'
[2026-05-18 20:06:25,725] WARNING root: No data for CCDC78; skipping.
[2026-05-18 20:06:26,478] ERROR root: Missing key in response for format string: 'identifier'
[2026-05-18 20:06:26,479] WARNING root: No data for CCDC84; skipping.
[2026-05-18 20:06:27,235] ERROR root: Missing key in response for format string: 'identifier'
[2026-05-18 20:06:27,236] WARNING root: No data for CCDC86; skipping.
[2026-05-18 20:06:28,176] ERROR root: Missing key in response for format string: 'identifier'
[2026-05-18 20:06:28,177] WARNING root: No data for CCNA2; skipping.
[2026-05-18 20:06:29,128] ERROR root: Missing key in response for format string: 'identifier'
[2026-05-18 20:06:29,129] WARNING root: No data for CCNB1; skipping.
[2026-05-18 20:06:29,873] ERROR root: Missing key in response for format string: 'identifier'
[2026-05-18 20:06:29,874] WARNING root: No data for CCNC; skipping.
[2026-05-18 20:06:31,200] ERROR root: Missing key in response for format string: 'identifier'
[2026-05-18 20:06:31,202] WARNING root: No data for CCND1; skipping.
[2026-05-18 20:06:32,144] ERROR root: Missing key in response for format string: 'identifier'
[2026-05-18 20:06:32,145] WARNING root: No data for CCND3; skipping.
[2026-05-18 20:06:32,896] ERROR root: Missing key in response for format string: 'identifier'
[2026-05-18 20:06:32,898] WARNING root: No data for CCNH; skipping.
[2026-05-18 20:06:33,654] ERROR root: Missing key in response for format string: 'identifier'
[2026-05-18 20:06:33,655] WARNING root: No data for CCNK; skipping.
[2026-05-18 20:06:34,591] ERROR root: Missing key in response for format string: 'identifier'
[2026-05-18 20:06:34,592] WARNING root: No data for CCNL1; skipping.
[2026-05-18 20:06:35,337] ERROR root: Missing key in response for format string: 'identifier'
[2026-05-18 20:06:35,339] WARNING root: No data for CCNQ; skipping.
[2026-05-18 20:06:36,093] ERROR root: Missing key in response for format string: 'identifier'
[2026-05-18 20:06:36,094] WARNING root: No data for CCP110; skipping.
[2026-05-18 20:06:36,838] ERROR root: Missing key in response for format string: 'identifier'
[2026-05-18 20:06:36,840] WARNING root: No data for CCT2; skipping.
[2026-05-18 20:06:37,597] ERROR root: Missing key in response for format string: 'identifier'
[2026-05-18 20:06:37,599] WARNING root: No data for CCT3; skipping.
[2026-05-18 20:06:38,348] ERROR root: Missing key in response for format string: 'identifier'
[2026-05-18 20:06:38,349] WARNING root: No data for CCT4; skipping.
[2026-05-18 20:06:39,106] ERROR root: Missing key in response for format string: 'identifier'
[2026-05-18 20:06:39,108] WARNING root: No data for CCT5; skipping.
[2026-05-18 20:06:39,861] ERROR root: Missing key in response for format string: 'identifier'
[2026-05-18 20:06:39,862] WARNING root: No data for CCT6A; skipping.
[2026-05-18 20:06:40,613] ERROR root: Missing key in response for format string: 'identifier'
[2026-05-18 20:06:40,614] WARNING root: No data for CCT7; skipping.
[2026-05-18 20:06:41,375] ERROR root: Missing key in response for format string: 'identifier'
[2026-05-18 20:06:41,376] WARNING root: No data for CCT8; skipping.
[2026-05-18 20:06:42,124] ERROR root: Missing key in response for format string: 'identifier'
[2026-05-18 20:06:42,125] WARNING root: No data for CD2BP2; skipping.
[2026-05-18 20:06:42,871] ERROR root: Missing key in response for format string: 'identifier'
[2026-05-18 20:06:42,872] WARNING root: No data for CD3EAP; skipping.
[2026-05-18 20:06:43,633] ERROR root: Missing key in response for format string: 'identifier'
[2026-05-18 20:06:43,634] WARNING root: No data for CD8B; skipping.
[2026-05-18 20:06:44,391] ERROR root: Missing key in response for format string: 'identifier'
[2026-05-18 20:06:44,392] WARNING root: No data for CDAN1; skipping.
[2026-05-18 20:06:45,145] ERROR root: Missing key in response for format string: 'identifier'
[2026-05-18 20:06:45,146] WARNING root: No data for CDC123; skipping.
[2026-05-18 20:06:46,288] ERROR root: Missing key in response for format string: 'identifier'
[2026-05-18 20:06:46,289] WARNING root: No data for CDC16; skipping.
[2026-05-18 20:06:47,432] ERROR root: Missing key in response for format string: 'identifier'
[2026-05-18 20:06:47,433] WARNING root: No data for CDC20; skipping.
[2026-05-18 20:06:48,188] ERROR root: Missing key in response for format string: 'identifier'
[2026-05-18 20:06:48,189] WARNING root: No data for CDC23; skipping.
[2026-05-18 20:06:48,933] ERROR root: Missing key in response for format string: 'identifier'
[2026-05-18 20:06:48,934] WARNING root: No data for CDC26; skipping.
[2026-05-18 20:06:49,703] ERROR root: Missing key in response for format string: 'identifier'
[2026-05-18 20:06:49,704] WARNING root: No data for CDC27; skipping.
[2026-05-18 20:06:50,464] ERROR root: Missing key in response for format string: 'identifier'
[2026-05-18 20:06:50,465] WARNING root: No data for CDC37; skipping.
[2026-05-18 20:06:51,220] ERROR root: Missing key in response for format string: 'identifier'
[2026-05-18 20:06:51,221] WARNING root: No data for CDC40; skipping.
[2026-05-18 20:06:52,359] ERROR root: Missing key in response for format string: 'identifier'
[2026-05-18 20:06:52,361] WARNING root: No data for CDC42; skipping.
[2026-05-18 20:06:53,290] ERROR root: Missing key in response for format string: 'identifier'
[2026-05-18 20:06:53,292] WARNING root: No data for CDC45; skipping.
[2026-05-18 20:06:54,238] ERROR root: Missing key in response for format string: 'identifier'
[2026-05-18 20:06:54,239] WARNING root: No data for CDC5L; skipping.
[2026-05-18 20:06:55,386] ERROR root: Missing key in response for format string: 'identifier'
[2026-05-18 20:06:55,388] WARNING root: No data for CDC6; skipping.
[2026-05-18 20:06:56,521] ERROR root: Missing key in response for format string: 'identifier'
[2026-05-18 20:06:56,522] WARNING root: No data for CDC7; skipping.
[2026-05-18 20:06:57,459] ERROR root: Missing key in response for format string: 'identifier'
[2026-05-18 20:06:57,460] WARNING root: No data for CDC73; skipping.
[2026-05-18 20:06:58,211] ERROR root: Missing key in response for format string: 'identifier'
[2026-05-18 20:06:58,212] WARNING root: No data for CDCA5; skipping.
[2026-05-18 20:06:58,970] ERROR root: Missing key in response for format string: 'identifier'
[2026-05-18 20:06:58,972] WARNING root: No data for CDIPT; skipping.
[2026-05-18 20:07:00,103] ERROR root: Missing key in response for format string: 'identifier'
[2026-05-18 20:07:00,104] WARNING root: No data for CDK1; skipping.
[2026-05-18 20:07:00,861] ERROR root: Missing key in response for format string: 'identifier'
[2026-05-18 20:07:00,862] WARNING root: No data for CDK11A; skipping.
[2026-05-18 20:07:01,616] ERROR root: Missing key in response for format string: 'identifier'
[2026-05-18 20:07:01,618] WARNING root: No data for CDK12; skipping.
[2026-05-18 20:07:02,815] ERROR root: Missing key in response for format string: 'identifier'
[2026-05-18 20:07:02,816] WARNING root: No data for CDK2; skipping.
[2026-05-18 20:07:04,169] ERROR root: Missing key in response for format string: 'identifier'
[2026-05-18 20:07:04,170] WARNING root: No data for CDK6; skipping.
[2026-05-18 20:07:05,103] ERROR root: Missing key in response for format string: 'identifier'
[2026-05-18 20:07:05,104] WARNING root: No data for CDK7; skipping.
[2026-05-18 20:07:06,047] ERROR root: Missing key in response for format string: 'identifier'
[2026-05-18 20:07:06,049] WARNING root: No data for CDK9; skipping.
[2026-05-18 20:07:07,000] ERROR root: Missing key in response for format string: 'identifier'
[2026-05-18 20:07:07,002] WARNING root: No data for CDT1; skipping.
[2026-05-18 20:07:07,757] ERROR root: Missing key in response for format string: 'identifier'
[2026-05-18 20:07:07,759] WARNING root: No data for CEBPG; skipping.
[2026-05-18 20:07:08,712] ERROR root: Missing key in response for format string: 'identifier'
[2026-05-18 20:07:08,713] WARNING root: No data for CEBPZ; skipping.
[2026-05-18 20:07:09,857] ERROR root: Missing key in response for format string: 'identifier'
[2026-05-18 20:07:09,858] WARNING root: No data for CENPA; skipping.
[2026-05-18 20:07:10,615] ERROR root: Missing key in response for format string: 'identifier'
[2026-05-18 20:07:10,616] WARNING root: No data for CENPC; skipping.
[2026-05-18 20:07:11,549] ERROR root: Missing key in response for format string: 'identifier'
[2026-05-18 20:07:11,550] WARNING root: No data for CENPE; skipping.
[2026-05-18 20:07:12,502] ERROR root: Missing key in response for format string: 'identifier'
[2026-05-18 20:07:12,503] WARNING root: No data for CENPH; skipping.
[2026-05-18 20:07:13,456] ERROR root: Missing key in response for format string: 'identifier'
[2026-05-18 20:07:13,457] WARNING root: No data for CENPI; skipping.
[2026-05-18 20:07:14,209] ERROR root: Missing key in response for format string: 'identifier'
[2026-05-18 20:07:14,210] WARNING root: No data for CENPJ; skipping.
[2026-05-18 20:07:14,968] ERROR root: Missing key in response for format string: 'identifier'
[2026-05-18 20:07:14,969] WARNING root: No data for CENPK; skipping.
[2026-05-18 20:07:15,720] ERROR root: Missing key in response for format string: 'identifier'
[2026-05-18 20:07:15,721] WARNING root: No data for CENPN; skipping.
[2026-05-18 20:07:16,471] ERROR root: Missing key in response for format string: 'identifier'
[2026-05-18 20:07:16,472] WARNING root: No data for CENPP; skipping.
[2026-05-18 20:07:17,672] ERROR root: Missing key in response for format string: 'identifier'
[2026-05-18 20:07:17,673] WARNING root: No data for CENPT; skipping.
[2026-05-18 20:07:18,429] ERROR root: Missing key in response for format string: 'identifier'
[2026-05-18 20:07:18,430] WARNING root: No data for CENPW; skipping.
[2026-05-18 20:07:19,184] ERROR root: Missing key in response for format string: 'identifier'
[2026-05-18 20:07:19,185] WARNING root: No data for CEP152; skipping.
[2026-05-18 20:07:19,939] ERROR root: Missing key in response for format string: 'identifier'
[2026-05-18 20:07:19,940] WARNING root: No data for CEP192; skipping.
[2026-05-18 20:07:20,694] ERROR root: Missing key in response for format string: 'identifier'
[2026-05-18 20:07:20,696] WARNING root: No data for CEP68; skipping.
[2026-05-18 20:07:21,438] ERROR root: Missing key in response for format string: 'identifier'
[2026-05-18 20:07:21,439] WARNING root: No data for CEP85; skipping.
[2026-05-18 20:07:22,194] ERROR root: Missing key in response for format string: 'identifier'
[2026-05-18 20:07:22,195] WARNING root: No data for CEP97; skipping.
[2026-05-18 20:07:22,985] ERROR root: Missing key in response for format string: 'identifier'
[2026-05-18 20:07:22,986] WARNING root: No data for CFDP1; skipping.
[2026-05-18 20:07:23,931] ERROR root: Missing key in response for format string: 'identifier'
[2026-05-18 20:07:23,932] WARNING root: No data for CFL1; skipping.
[2026-05-18 20:07:24,686] ERROR root: Missing key in response for format string: 'identifier'
[2026-05-18 20:07:24,687] WARNING root: No data for CHAF1A; skipping.
[2026-05-18 20:07:25,446] ERROR root: Missing key in response for format string: 'identifier'
[2026-05-18 20:07:25,447] WARNING root: No data for CHAF1B; skipping.
[2026-05-18 20:07:26,202] ERROR root: Missing key in response for format string: 'identifier'
[2026-05-18 20:07:26,203] WARNING root: No data for CHCHD1; skipping.
[2026-05-18 20:07:26,975] ERROR root: Missing key in response for format string: 'identifier'
[2026-05-18 20:07:26,977] WARNING root: No data for CHCHD2; skipping.
[2026-05-18 20:07:27,729] ERROR root: Missing key in response for format string: 'identifier'
[2026-05-18 20:07:27,730] WARNING root: No data for CHCHD3; skipping.
[2026-05-18 20:07:28,487] ERROR root: Missing key in response for format string: 'identifier'
[2026-05-18 20:07:28,488] WARNING root: No data for CHCHD4; skipping.
[2026-05-18 20:07:29,447] ERROR root: Missing key in response for format string: 'identifier'
[2026-05-18 20:07:29,448] WARNING root: No data for CHD4; skipping.
[2026-05-18 20:07:30,397] ERROR root: Missing key in response for format string: 'identifier'
[2026-05-18 20:07:30,398] WARNING root: No data for CHEK1; skipping.
[2026-05-18 20:07:31,146] ERROR root: Missing key in response for format string: 'identifier'
[2026-05-18 20:07:31,148] WARNING root: No data for CHERP; skipping.
[2026-05-18 20:07:32,110] ERROR root: Missing key in response for format string: 'identifier'
[2026-05-18 20:07:32,111] WARNING root: No data for CHMP1A; skipping.
[2026-05-18 20:07:32,861] ERROR root: Missing key in response for format string: 'identifier'
[2026-05-18 20:07:32,862] WARNING root: No data for CHMP2A; skipping.
[2026-05-18 20:07:33,624] ERROR root: Missing key in response for format string: 'identifier'
[2026-05-18 20:07:33,625] WARNING root: No data for CHMP3; skipping.
[2026-05-18 20:07:34,382] ERROR root: Missing key in response for format string: 'identifier'
[2026-05-18 20:07:34,384] WARNING root: No data for CHMP4B; skipping.
[2026-05-18 20:07:35,130] ERROR root: Missing key in response for format string: 'identifier'
[2026-05-18 20:07:35,131] WARNING root: No data for CHMP5; skipping.
[2026-05-18 20:07:35,879] ERROR root: Missing key in response for format string: 'identifier'
[2026-05-18 20:07:35,881] WARNING root: No data for CHMP6; skipping.
[2026-05-18 20:07:36,640] ERROR root: Missing key in response for format string: 'identifier'
[2026-05-18 20:07:36,641] WARNING root: No data for CHMP7; skipping.
[2026-05-18 20:07:37,394] ERROR root: Missing key in response for format string: 'identifier'
[2026-05-18 20:07:37,396] WARNING root: No data for CHORDC1; skipping.
[2026-05-18 20:07:39,575] ERROR root: Missing key in response for format string: 'identifier'
[2026-05-18 20:07:39,576] WARNING root: No data for CHTF18; skipping.
[2026-05-18 20:07:40,328] ERROR root: Missing key in response for format string: 'identifier'
[2026-05-18 20:07:40,329] WARNING root: No data for CHTF8; skipping.
[2026-05-18 20:07:41,078] ERROR root: Missing key in response for format string: 'identifier'
[2026-05-18 20:07:41,079] WARNING root: No data for CHTOP; skipping.
[2026-05-18 20:07:41,833] ERROR root: Missing key in response for format string: 'identifier'
[2026-05-18 20:07:41,834] WARNING root: No data for CIAO1; skipping.
[2026-05-18 20:07:42,591] ERROR root: Missing key in response for format string: 'identifier'
[2026-05-18 20:07:42,592] WARNING root: No data for CIAPIN1; skipping.
[2026-05-18 20:07:43,347] ERROR root: Missing key in response for format string: 'identifier'
[2026-05-18 20:07:43,349] WARNING root: No data for CINP; skipping.
[2026-05-18 20:07:44,104] ERROR root: Missing key in response for format string: 'identifier'
[2026-05-18 20:07:44,105] WARNING root: No data for CKAP5; skipping.
[2026-05-18 20:07:44,854] ERROR root: Missing key in response for format string: 'identifier'
[2026-05-18 20:07:44,855] WARNING root: No data for CLASRP; skipping.
[2026-05-18 20:07:45,614] ERROR root: Missing key in response for format string: 'identifier'
[2026-05-18 20:07:45,616] WARNING root: No data for CLCC1; skipping.
[2026-05-18 20:07:46,376] ERROR root: Missing key in response for format string: 'identifier'
[2026-05-18 20:07:46,377] WARNING root: No data for CLK2; skipping.
[2026-05-18 20:07:47,552] ERROR root: Missing key in response for format string: 'identifier'
[2026-05-18 20:07:47,554] WARNING root: No data for CLNS1A; skipping.
[2026-05-18 20:07:48,704] ERROR root: Missing key in response for format string: 'identifier'
[2026-05-18 20:07:48,706] WARNING root: No data for CLOCK; skipping.
[2026-05-18 20:07:49,641] ERROR root: Missing key in response for format string: 'identifier'
[2026-05-18 20:07:49,643] WARNING root: No data for CLP1; skipping.
[2026-05-18 20:07:50,394] ERROR root: Missing key in response for format string: 'identifier'
[2026-05-18 20:07:50,395] WARNING root: No data for CLPB; skipping.
[2026-05-18 20:07:51,151] ERROR root: Missing key in response for format string: 'identifier'
[2026-05-18 20:07:51,152] WARNING root: No data for CLSPN; skipping.
[2026-05-18 20:07:52,296] ERROR root: Missing key in response for format string: 'identifier'
[2026-05-18 20:07:52,298] WARNING root: No data for CLTC; skipping.
[2026-05-18 20:07:53,046] ERROR root: Missing key in response for format string: 'identifier'
[2026-05-18 20:07:53,047] WARNING root: No data for CMC4; skipping.
[2026-05-18 20:07:53,805] ERROR root: Missing key in response for format string: 'identifier'
[2026-05-18 20:07:53,806] WARNING root: No data for CMPK1; skipping.
[2026-05-18 20:07:54,737] ERROR root: Missing key in response for format string: 'identifier'
[2026-05-18 20:07:54,738] WARNING root: No data for CMTR1; skipping.
[2026-05-18 20:07:55,496] ERROR root: Missing key in response for format string: 'identifier'
[2026-05-18 20:07:55,498] WARNING root: No data for CMTR2; skipping.
[2026-05-18 20:07:56,547] ERROR root: Missing key in response for format string: 'identifier'
[2026-05-18 20:07:56,548] WARNING root: No data for CNIH4; skipping.
[2026-05-18 20:07:57,301] ERROR root: Missing key in response for format string: 'identifier'
[2026-05-18 20:07:57,302] WARNING root: No data for CNN2; skipping.
[2026-05-18 20:07:58,242] ERROR root: Missing key in response for format string: 'identifier'
[2026-05-18 20:07:58,244] WARNING root: No data for CNOT1; skipping.
[2026-05-18 20:07:58,995] ERROR root: Missing key in response for format string: 'identifier'
[2026-05-18 20:07:58,996] WARNING root: No data for CNOT10; skipping.
[2026-05-18 20:07:59,750] ERROR root: Missing key in response for format string: 'identifier'
[2026-05-18 20:07:59,751] WARNING root: No data for CNOT11; skipping.
[2026-05-18 20:08:00,515] ERROR root: Missing key in response for format string: 'identifier'
[2026-05-18 20:08:00,516] WARNING root: No data for CNOT2; skipping.
[2026-05-18 20:08:01,460] ERROR root: Missing key in response for format string: 'identifier'
[2026-05-18 20:08:01,462] WARNING root: No data for CNOT3; skipping.
[2026-05-18 20:08:02,207] ERROR root: Missing key in response for format string: 'identifier'
[2026-05-18 20:08:02,208] WARNING root: No data for CNOT9; skipping.
[2026-05-18 20:08:02,959] ERROR root: Missing key in response for format string: 'identifier'
[2026-05-18 20:08:02,960] WARNING root: No data for COA5; skipping.
[2026-05-18 20:08:03,719] ERROR root: Missing key in response for format string: 'identifier'
[2026-05-18 20:08:03,720] WARNING root: No data for COASY; skipping.
[2026-05-18 20:08:04,482] ERROR root: Missing key in response for format string: 'identifier'
[2026-05-18 20:08:04,484] WARNING root: No data for COG1; skipping.
[2026-05-18 20:08:05,242] ERROR root: Missing key in response for format string: 'identifier'
[2026-05-18 20:08:05,244] WARNING root: No data for COG2; skipping.
[2026-05-18 20:08:07,652] ERROR root: Missing key in response for format string: 'identifier'
[2026-05-18 20:08:07,654] WARNING root: No data for COG3; skipping.
[2026-05-18 20:08:08,404] ERROR root: Missing key in response for format string: 'identifier'
[2026-05-18 20:08:08,405] WARNING root: No data for COG4; skipping.
[2026-05-18 20:08:09,158] ERROR root: Missing key in response for format string: 'identifier'
[2026-05-18 20:08:09,160] WARNING root: No data for COG6; skipping.
[2026-05-18 20:08:09,917] ERROR root: Missing key in response for format string: 'identifier'
[2026-05-18 20:08:09,918] WARNING root: No data for COG8; skipping.
[2026-05-18 20:08:10,742] ERROR root: Missing key in response for format string: 'identifier'
[2026-05-18 20:08:10,743] WARNING root: No data for COMTD1; skipping.
[2026-05-18 20:08:11,496] ERROR root: Missing key in response for format string: 'identifier'
[2026-05-18 20:08:11,498] WARNING root: No data for COPA; skipping.
[2026-05-18 20:08:12,256] ERROR root: Missing key in response for format string: 'identifier'
[2026-05-18 20:08:12,257] WARNING root: No data for COPB1; skipping.
[2026-05-18 20:08:13,015] ERROR root: Missing key in response for format string: 'identifier'
[2026-05-18 20:08:13,016] WARNING root: No data for COPB2; skipping.
[2026-05-18 20:08:13,772] ERROR root: Missing key in response for format string: 'identifier'
[2026-05-18 20:08:13,780] WARNING root: No data for COPE; skipping.
[2026-05-18 20:08:15,883] ERROR root: Missing key in response for format string: 'identifier'
[2026-05-18 20:08:15,884] WARNING root: No data for COPG1; skipping.
[2026-05-18 20:08:16,642] ERROR root: Missing key in response for format string: 'identifier'
[2026-05-18 20:08:16,643] WARNING root: No data for COPS2; skipping.
[2026-05-18 20:08:19,741] ERROR root: Missing key in response for format string: 'identifier'
[2026-05-18 20:08:19,743] WARNING root: No data for COPS3; skipping.
[2026-05-18 20:08:20,499] ERROR root: Missing key in response for format string: 'identifier'
[2026-05-18 20:08:20,500] WARNING root: No data for COPS4; skipping.
[2026-05-18 20:08:21,443] ERROR root: Missing key in response for format string: 'identifier'
[2026-05-18 20:08:21,444] WARNING root: No data for COPS5; skipping.
[2026-05-18 20:08:22,192] ERROR root: Missing key in response for format string: 'identifier'
[2026-05-18 20:08:22,194] WARNING root: No data for COPS6; skipping.
[2026-05-18 20:08:22,950] ERROR root: Missing key in response for format string: 'identifier'
[2026-05-18 20:08:22,951] WARNING root: No data for COPS8; skipping.
[2026-05-18 20:08:23,773] ERROR root: Missing key in response for format string: 'identifier'
[2026-05-18 20:08:23,774] WARNING root: No data for COPZ1; skipping.
[2026-05-18 20:08:24,525] ERROR root: Missing key in response for format string: 'identifier'
[2026-05-18 20:08:24,526] WARNING root: No data for COQ2; skipping.
[2026-05-18 20:08:25,282] ERROR root: Missing key in response for format string: 'identifier'
[2026-05-18 20:08:25,283] WARNING root: No data for COQ4; skipping.
[2026-05-18 20:08:26,036] ERROR root: Missing key in response for format string: 'identifier'
[2026-05-18 20:08:26,037] WARNING root: No data for COQ5; skipping.
[2026-05-18 20:08:26,792] ERROR root: Missing key in response for format string: 'identifier'
[2026-05-18 20:08:26,793] WARNING root: No data for COTL1; skipping.
[2026-05-18 20:08:27,553] ERROR root: Missing key in response for format string: 'identifier'
[2026-05-18 20:08:27,554] WARNING root: No data for COX10; skipping.
[2026-05-18 20:08:28,299] ERROR root: Missing key in response for format string: 'identifier'
[2026-05-18 20:08:28,300] WARNING root: No data for COX11; skipping.
[2026-05-18 20:08:29,055] ERROR root: Missing key in response for format string: 'identifier'
[2026-05-18 20:08:29,056] WARNING root: No data for COX15; skipping.
[2026-05-18 20:08:29,809] ERROR root: Missing key in response for format string: 'identifier'
[2026-05-18 20:08:29,811] WARNING root: No data for COX17; skipping.
[2026-05-18 20:08:30,558] ERROR root: Missing key in response for format string: 'identifier'
[2026-05-18 20:08:30,560] WARNING root: No data for COX5A; skipping.
[2026-05-18 20:08:31,312] ERROR root: Missing key in response for format string: 'identifier'
[2026-05-18 20:08:31,314] WARNING root: No data for COX5B; skipping.
[2026-05-18 20:08:32,063] ERROR root: Missing key in response for format string: 'identifier'
[2026-05-18 20:08:32,064] WARNING root: No data for COX6C; skipping.
[2026-05-18 20:08:32,818] ERROR root: Missing key in response for format string: 'identifier'
[2026-05-18 20:08:32,819] WARNING root: No data for COX7B; skipping.
[2026-05-18 20:08:33,574] ERROR root: Missing key in response for format string: 'identifier'
[2026-05-18 20:08:33,575] WARNING root: No data for COX7C; skipping.
[2026-05-18 20:08:34,332] ERROR root: Missing key in response for format string: 'identifier'
[2026-05-18 20:08:34,334] WARNING root: No data for CPAMD8; skipping.
[2026-05-18 20:08:35,094] ERROR root: Missing key in response for format string: 'identifier'
[2026-05-18 20:08:35,095] WARNING root: No data for CPEB1; skipping.
[2026-05-18 20:08:35,845] ERROR root: Missing key in response for format string: 'identifier'
[2026-05-18 20:08:35,846] WARNING root: No data for CPNE1; skipping.
[2026-05-18 20:08:36,602] ERROR root: Missing key in response for format string: 'identifier'
[2026-05-18 20:08:36,603] WARNING root: No data for CPNE7; skipping.
[2026-05-18 20:08:37,357] ERROR root: Missing key in response for format string: 'identifier'
[2026-05-18 20:08:37,359] WARNING root: No data for CPOX; skipping.
[2026-05-18 20:08:38,310] ERROR root: Missing key in response for format string: 'identifier'
[2026-05-18 20:08:38,311] WARNING root: No data for CPSF1; skipping.
[2026-05-18 20:08:39,068] ERROR root: Missing key in response for format string: 'identifier'
[2026-05-18 20:08:39,069] WARNING root: No data for CPSF2; skipping.
[2026-05-18 20:08:39,832] ERROR root: Missing key in response for format string: 'identifier'
[2026-05-18 20:08:39,833] WARNING root: No data for CPSF3; skipping.
[2026-05-18 20:08:40,588] ERROR root: Missing key in response for format string: 'identifier'
[2026-05-18 20:08:40,589] WARNING root: No data for CPSF4; skipping.
[2026-05-18 20:08:41,349] ERROR root: Missing key in response for format string: 'identifier'
[2026-05-18 20:08:41,351] WARNING root: No data for CPSF6; skipping.
[2026-05-18 20:08:42,103] ERROR root: Missing key in response for format string: 'identifier'
[2026-05-18 20:08:42,104] WARNING root: No data for CRCP; skipping.
[2026-05-18 20:08:43,042] ERROR root: Missing key in response for format string: 'identifier'
[2026-05-18 20:08:43,043] WARNING root: No data for CRKL; skipping.
[2026-05-18 20:08:43,794] ERROR root: Missing key in response for format string: 'identifier'
[2026-05-18 20:08:43,796] WARNING root: No data for CRLS1; skipping.
[2026-05-18 20:08:44,551] ERROR root: Missing key in response for format string: 'identifier'
[2026-05-18 20:08:44,552] WARNING root: No data for CRNKL1; skipping.
[2026-05-18 20:08:45,510] ERROR root: Missing key in response for format string: 'identifier'
[2026-05-18 20:08:45,511] WARNING root: No data for CS; skipping.
[2026-05-18 20:08:46,268] ERROR root: Missing key in response for format string: 'identifier'
[2026-05-18 20:08:46,270] WARNING root: No data for CSDE1; skipping.
[2026-05-18 20:08:47,029] ERROR root: Missing key in response for format string: 'identifier'
[2026-05-18 20:08:47,031] WARNING root: No data for CSE1L; skipping.
[2026-05-18 20:08:47,786] ERROR root: Missing key in response for format string: 'identifier'
[2026-05-18 20:08:47,787] WARNING root: No data for CSH2; skipping.
[2026-05-18 20:08:48,537] ERROR root: Missing key in response for format string: 'identifier'
[2026-05-18 20:08:48,538] WARNING root: No data for CSNK1A1; skipping.
[2026-05-18 20:08:49,485] ERROR root: Missing key in response for format string: 'identifier'
[2026-05-18 20:08:49,486] WARNING root: No data for CSNK2B; skipping.
[2026-05-18 20:08:50,234] ERROR root: Missing key in response for format string: 'identifier'
[2026-05-18 20:08:50,236] WARNING root: No data for CSTF1; skipping.
[2026-05-18 20:08:50,994] ERROR root: Missing key in response for format string: 'identifier'
[2026-05-18 20:08:50,995] WARNING root: No data for CSTF3; skipping.
[2026-05-18 20:08:52,080] ERROR root: Missing key in response for format string: 'identifier'
[2026-05-18 20:08:52,081] WARNING root: No data for CT45A5; skipping.
[2026-05-18 20:08:53,270] ERROR root: Missing key in response for format string: 'identifier'
[2026-05-18 20:08:53,271] WARNING root: No data for CTBP2; skipping.
[2026-05-18 20:08:54,219] ERROR root: Missing key in response for format string: 'identifier'
[2026-05-18 20:08:54,220] WARNING root: No data for CTCF; skipping.
[2026-05-18 20:08:54,973] ERROR root: Missing key in response for format string: 'identifier'
[2026-05-18 20:08:54,974] WARNING root: No data for CTDP1; skipping.
[2026-05-18 20:08:55,728] ERROR root: Missing key in response for format string: 'identifier'
[2026-05-18 20:08:55,729] WARNING root: No data for CTNNBL1; skipping.
[2026-05-18 20:08:56,525] ERROR root: Missing key in response for format string: 'identifier'
[2026-05-18 20:08:56,526] WARNING root: No data for CTPS1; skipping.
[2026-05-18 20:08:57,286] ERROR root: Missing key in response for format string: 'identifier'
[2026-05-18 20:08:57,287] WARNING root: No data for CTR9; skipping.
[2026-05-18 20:08:58,041] ERROR root: Missing key in response for format string: 'identifier'
[2026-05-18 20:08:58,043] WARNING root: No data for CTU2; skipping.
[2026-05-18 20:08:59,000] ERROR root: Missing key in response for format string: 'identifier'
[2026-05-18 20:08:59,001] WARNING root: No data for CUL1; skipping.
[2026-05-18 20:08:59,965] ERROR root: Missing key in response for format string: 'identifier'
[2026-05-18 20:08:59,966] WARNING root: No data for CUL2; skipping.
[2026-05-18 20:09:01,099] ERROR root: Missing key in response for format string: 'identifier'
[2026-05-18 20:09:01,100] WARNING root: No data for CUL3; skipping.
[2026-05-18 20:09:01,854] ERROR root: Missing key in response for format string: 'identifier'
[2026-05-18 20:09:01,855] WARNING root: No data for CUL7; skipping.
[2026-05-18 20:09:02,610] ERROR root: Missing key in response for format string: 'identifier'
[2026-05-18 20:09:02,611] WARNING root: No data for CWC15; skipping.
[2026-05-18 20:09:03,507] ERROR root: Missing key in response for format string: 'identifier'
[2026-05-18 20:09:03,508] WARNING root: No data for CWC22; skipping.
[2026-05-18 20:09:04,786] ERROR root: Missing key in response for format string: 'identifier'
[2026-05-18 20:09:04,787] WARNING root: No data for CWC25; skipping.
[2026-05-18 20:09:05,542] ERROR root: Missing key in response for format string: 'identifier'
[2026-05-18 20:09:05,543] WARNING root: No data for CWF19L2; skipping.
[2026-05-18 20:09:06,295] ERROR root: Missing key in response for format string: 'identifier'
[2026-05-18 20:09:06,296] WARNING root: No data for CXXC1; skipping.
[2026-05-18 20:09:07,051] ERROR root: Missing key in response for format string: 'identifier'
[2026-05-18 20:09:07,052] WARNING root: No data for CYC1; skipping.
[2026-05-18 20:09:07,819] ERROR root: Missing key in response for format string: 'identifier'
[2026-05-18 20:09:07,821] WARNING root: No data for CYCS; skipping.
[2026-05-18 20:09:08,581] ERROR root: Missing key in response for format string: 'identifier'
[2026-05-18 20:09:08,583] WARNING root: No data for CYFIP1; skipping.
[2026-05-18 20:09:09,340] ERROR root: Missing key in response for format string: 'identifier'
[2026-05-18 20:09:09,341] WARNING root: No data for CYP2A13; skipping.
[2026-05-18 20:09:10,284] ERROR root: Missing key in response for format string: 'identifier'
[2026-05-18 20:09:10,285] WARNING root: No data for CYP4F11; skipping.
[2026-05-18 20:09:11,043] ERROR root: Missing key in response for format string: 'identifier'
[2026-05-18 20:09:11,044] WARNING root: No data for CYREN; skipping.
[2026-05-18 20:09:11,795] ERROR root: Missing key in response for format string: 'identifier'
[2026-05-18 20:09:11,797] WARNING root: No data for CYS1; skipping.
[2026-05-18 20:09:12,550] ERROR root: Missing key in response for format string: 'identifier'
[2026-05-18 20:09:12,551] WARNING root: No data for DAD1; skipping.
[2026-05-18 20:09:13,497] ERROR root: Missing key in response for format string: 'identifier'
[2026-05-18 20:09:13,498] WARNING root: No data for DAP3; skipping.
[2026-05-18 20:09:14,259] ERROR root: Missing key in response for format string: 'identifier'
[2026-05-18 20:09:14,260] WARNING root: No data for DARS; skipping.
[2026-05-18 20:09:15,409] ERROR root: Missing key in response for format string: 'identifier'
[2026-05-18 20:09:15,410] WARNING root: No data for DAXX; skipping.
[2026-05-18 20:09:16,362] ERROR root: Missing key in response for format string: 'identifier'
[2026-05-18 20:09:16,363] WARNING root: No data for DBF4; skipping.
[2026-05-18 20:09:17,351] ERROR root: Missing key in response for format string: 'identifier'
[2026-05-18 20:09:17,352] WARNING root: No data for DBR1; skipping.
[2026-05-18 20:09:18,110] ERROR root: Missing key in response for format string: 'identifier'
[2026-05-18 20:09:18,111] WARNING root: No data for DCAF6; skipping.
[2026-05-18 20:09:18,860] ERROR root: Missing key in response for format string: 'identifier'
[2026-05-18 20:09:18,861] WARNING root: No data for DCLRE1B; skipping.
[2026-05-18 20:09:19,835] ERROR root: Missing key in response for format string: 'identifier'
[2026-05-18 20:09:19,836] WARNING root: No data for DCTN1; skipping.
[2026-05-18 20:09:20,670] ERROR root: Missing key in response for format string: 'identifier'
[2026-05-18 20:09:20,671] WARNING root: No data for DCTN2; skipping.
[2026-05-18 20:09:21,422] ERROR root: Missing key in response for format string: 'identifier'
[2026-05-18 20:09:21,423] WARNING root: No data for DCTN3; skipping.
[2026-05-18 20:09:22,177] ERROR root: Missing key in response for format string: 'identifier'
[2026-05-18 20:09:22,178] WARNING root: No data for DCTN4; skipping.
[2026-05-18 20:09:22,931] ERROR root: Missing key in response for format string: 'identifier'
[2026-05-18 20:09:22,933] WARNING root: No data for DCTN5; skipping.
[2026-05-18 20:09:23,683] ERROR root: Missing key in response for format string: 'identifier'
[2026-05-18 20:09:23,684] WARNING root: No data for DCTN6; skipping.
[2026-05-18 20:09:24,440] ERROR root: Missing key in response for format string: 'identifier'
[2026-05-18 20:09:24,442] WARNING root: No data for DCUN1D5; skipping.
[2026-05-18 20:09:25,600] ERROR root: Missing key in response for format string: 'identifier'
[2026-05-18 20:09:25,602] WARNING root: No data for DDB1; skipping.
[2026-05-18 20:09:26,349] ERROR root: Missing key in response for format string: 'identifier'
[2026-05-18 20:09:26,351] WARNING root: No data for DDN; skipping.
[2026-05-18 20:09:27,104] ERROR root: Missing key in response for format string: 'identifier'
[2026-05-18 20:09:27,105] WARNING root: No data for DDOST; skipping.
[2026-05-18 20:09:28,058] ERROR root: Missing key in response for format string: 'identifier'
[2026-05-18 20:09:28,059] WARNING root: No data for DDX1; skipping.
[2026-05-18 20:09:28,820] ERROR root: Missing key in response for format string: 'identifier'
[2026-05-18 20:09:28,822] WARNING root: No data for DDX10; skipping.
[2026-05-18 20:09:29,755] ERROR root: Missing key in response for format string: 'identifier'
[2026-05-18 20:09:29,756] WARNING root: No data for DDX11; skipping.
[2026-05-18 20:09:30,526] ERROR root: Missing key in response for format string: 'identifier'
[2026-05-18 20:09:30,527] WARNING root: No data for DDX17; skipping.
[2026-05-18 20:09:31,276] ERROR root: Missing key in response for format string: 'identifier'
[2026-05-18 20:09:31,277] WARNING root: No data for DDX18; skipping.
[2026-05-18 20:09:32,027] ERROR root: Missing key in response for format string: 'identifier'
[2026-05-18 20:09:32,029] WARNING root: No data for DDX19A; skipping.
[2026-05-18 20:09:32,785] ERROR root: Missing key in response for format string: 'identifier'
[2026-05-18 20:09:32,786] WARNING root: No data for DDX19B; skipping.
[2026-05-18 20:09:33,667] ERROR root: Missing key in response for format string: 'identifier'
[2026-05-18 20:09:33,668] WARNING root: No data for DDX20; skipping.
[2026-05-18 20:09:34,617] ERROR root: Missing key in response for format string: 'identifier'
[2026-05-18 20:09:34,618] WARNING root: No data for DDX21; skipping.
[2026-05-18 20:09:35,382] ERROR root: Missing key in response for format string: 'identifier'
[2026-05-18 20:09:35,383] WARNING root: No data for DDX23; skipping.
[2026-05-18 20:09:36,128] ERROR root: Missing key in response for format string: 'identifier'
[2026-05-18 20:09:36,129] WARNING root: No data for DDX24; skipping.
[2026-05-18 20:09:36,886] ERROR root: Missing key in response for format string: 'identifier'
[2026-05-18 20:09:36,887] WARNING root: No data for DDX27; skipping.
[2026-05-18 20:09:38,003] ERROR root: Missing key in response for format string: 'identifier'
[2026-05-18 20:09:38,004] WARNING root: No data for DDX3X; skipping.
[2026-05-18 20:09:39,122] ERROR root: Missing key in response for format string: 'identifier'
[2026-05-18 20:09:39,123] WARNING root: No data for DDX41; skipping.
[2026-05-18 20:09:39,895] ERROR root: Missing key in response for format string: 'identifier'
[2026-05-18 20:09:39,896] WARNING root: No data for DDX42; skipping.
[2026-05-18 20:09:40,681] ERROR root: Missing key in response for format string: 'identifier'
[2026-05-18 20:09:40,682] WARNING root: No data for DDX46; skipping.
[2026-05-18 20:09:41,435] ERROR root: Missing key in response for format string: 'identifier'
[2026-05-18 20:09:41,436] WARNING root: No data for DDX47; skipping.
[2026-05-18 20:09:42,186] ERROR root: Missing key in response for format string: 'identifier'
[2026-05-18 20:09:42,187] WARNING root: No data for DDX49; skipping.
[2026-05-18 20:09:43,323] ERROR root: Missing key in response for format string: 'identifier'
[2026-05-18 20:09:43,324] WARNING root: No data for DDX5; skipping.
[2026-05-18 20:09:44,085] ERROR root: Missing key in response for format string: 'identifier'
[2026-05-18 20:09:44,087] WARNING root: No data for DDX51; skipping.
[2026-05-18 20:09:44,835] ERROR root: Missing key in response for format string: 'identifier'
[2026-05-18 20:09:44,836] WARNING root: No data for DDX52; skipping.
[2026-05-18 20:09:45,965] ERROR root: Missing key in response for format string: 'identifier'
[2026-05-18 20:09:45,966] WARNING root: No data for DDX54; skipping.
[2026-05-18 20:09:46,724] ERROR root: Missing key in response for format string: 'identifier'
[2026-05-18 20:09:46,726] WARNING root: No data for DDX55; skipping.
[2026-05-18 20:09:47,471] ERROR root: Missing key in response for format string: 'identifier'
[2026-05-18 20:09:47,472] WARNING root: No data for DDX56; skipping.
[2026-05-18 20:09:48,229] ERROR root: Missing key in response for format string: 'identifier'
[2026-05-18 20:09:48,231] WARNING root: No data for DDX59; skipping.
[2026-05-18 20:09:48,988] ERROR root: Missing key in response for format string: 'identifier'
[2026-05-18 20:09:48,989] WARNING root: No data for DDX6; skipping.
[2026-05-18 20:09:49,748] ERROR root: Missing key in response for format string: 'identifier'
[2026-05-18 20:09:49,749] WARNING root: No data for DENR; skipping.
[2026-05-18 20:09:50,516] ERROR root: Missing key in response for format string: 'identifier'
[2026-05-18 20:09:50,517] WARNING root: No data for DEPDC5; skipping.
[2026-05-18 20:09:51,296] ERROR root: Missing key in response for format string: 'identifier'
[2026-05-18 20:09:51,297] WARNING root: No data for DERL2; skipping.
[2026-05-18 20:09:52,055] ERROR root: Missing key in response for format string: 'identifier'
[2026-05-18 20:09:52,056] WARNING root: No data for DESI1; skipping.
[2026-05-18 20:09:52,813] ERROR root: Missing key in response for format string: 'identifier'
[2026-05-18 20:09:52,814] WARNING root: No data for DGCR8; skipping.
[2026-05-18 20:09:53,749] ERROR root: Missing key in response for format string: 'identifier'
[2026-05-18 20:09:53,750] WARNING root: No data for DHDDS; skipping.
[2026-05-18 20:09:59,732] ERROR root: Missing key in response for format string: 'identifier'
[2026-05-18 20:09:59,733] WARNING root: No data for DHFR; skipping.
[2026-05-18 20:10:00,516] ERROR root: Missing key in response for format string: 'identifier'
[2026-05-18 20:10:00,517] WARNING root: No data for DHODH; skipping.
[2026-05-18 20:10:01,275] ERROR root: Missing key in response for format string: 'identifier'
[2026-05-18 20:10:01,276] WARNING root: No data for DHPS; skipping.
[2026-05-18 20:10:02,037] ERROR root: Missing key in response for format string: 'identifier'
[2026-05-18 20:10:02,038] WARNING root: No data for DHX15; skipping.
[2026-05-18 20:10:02,819] ERROR root: Missing key in response for format string: 'identifier'
[2026-05-18 20:10:02,821] WARNING root: No data for DHX16; skipping.
[2026-05-18 20:10:03,798] ERROR root: Missing key in response for format string: 'identifier'
[2026-05-18 20:10:03,800] WARNING root: No data for DHX29; skipping.
[2026-05-18 20:10:04,547] ERROR root: Missing key in response for format string: 'identifier'
[2026-05-18 20:10:04,548] WARNING root: No data for DHX30; skipping.
[2026-05-18 20:10:05,306] ERROR root: Missing key in response for format string: 'identifier'
[2026-05-18 20:10:05,307] WARNING root: No data for DHX33; skipping.
[2026-05-18 20:10:06,086] ERROR root: Missing key in response for format string: 'identifier'
[2026-05-18 20:10:06,087] WARNING root: No data for DHX36; skipping.
[2026-05-18 20:10:06,841] ERROR root: Missing key in response for format string: 'identifier'
[2026-05-18 20:10:06,843] WARNING root: No data for DHX37; skipping.
[2026-05-18 20:10:07,602] ERROR root: Missing key in response for format string: 'identifier'
[2026-05-18 20:10:07,603] WARNING root: No data for DHX8; skipping.
[2026-05-18 20:10:08,549] ERROR root: Missing key in response for format string: 'identifier'
[2026-05-18 20:10:08,551] WARNING root: No data for DHX9; skipping.
[2026-05-18 20:10:09,694] ERROR root: Missing key in response for format string: 'identifier'
[2026-05-18 20:10:09,695] WARNING root: No data for DICER1; skipping.
[2026-05-18 20:10:10,451] ERROR root: Missing key in response for format string: 'identifier'
[2026-05-18 20:10:10,452] WARNING root: No data for DIMT1; skipping.
[2026-05-18 20:10:11,605] ERROR root: Missing key in response for format string: 'identifier'
[2026-05-18 20:10:11,606] WARNING root: No data for DIS3; skipping.
[2026-05-18 20:10:12,544] ERROR root: Missing key in response for format string: 'identifier'
[2026-05-18 20:10:12,545] WARNING root: No data for DKC1; skipping.
[2026-05-18 20:10:13,508] ERROR root: Missing key in response for format string: 'identifier'
[2026-05-18 20:10:13,509] WARNING root: No data for DLD; skipping.
[2026-05-18 20:10:14,271] ERROR root: Missing key in response for format string: 'identifier'
[2026-05-18 20:10:14,273] WARNING root: No data for DMAP1; skipping.
[2026-05-18 20:10:15,240] ERROR root: Missing key in response for format string: 'identifier'
[2026-05-18 20:10:15,241] WARNING root: No data for DMRTA2; skipping.
[2026-05-18 20:10:16,090] ERROR root: Missing key in response for format string: 'identifier'
[2026-05-18 20:10:16,091] WARNING root: No data for DNAAF3; skipping.
[2026-05-18 20:10:17,137] ERROR root: Missing key in response for format string: 'identifier'
[2026-05-18 20:10:17,139] WARNING root: No data for DNAJA1; skipping.
[2026-05-18 20:10:18,110] ERROR root: Missing key in response for format string: 'identifier'
[2026-05-18 20:10:18,112] WARNING root: No data for DNAJA3; skipping.
[2026-05-18 20:10:18,866] ERROR root: Missing key in response for format string: 'identifier'
[2026-05-18 20:10:18,868] WARNING root: No data for DNAJC11; skipping.
[2026-05-18 20:10:19,629] ERROR root: Missing key in response for format string: 'identifier'
[2026-05-18 20:10:19,630] WARNING root: No data for DNAJC17; skipping.
[2026-05-18 20:10:20,389] ERROR root: Missing key in response for format string: 'identifier'
[2026-05-18 20:10:20,391] WARNING root: No data for DNAJC19; skipping.
[2026-05-18 20:10:21,161] ERROR root: Missing key in response for format string: 'identifier'
[2026-05-18 20:10:21,162] WARNING root: No data for DNAJC8; skipping.
[2026-05-18 20:10:21,920] ERROR root: Missing key in response for format string: 'identifier'
[2026-05-18 20:10:21,922] WARNING root: No data for DNAJC9; skipping.
[2026-05-18 20:10:22,784] ERROR root: Missing key in response for format string: 'identifier'
[2026-05-18 20:10:22,785] WARNING root: No data for DNLZ; skipping.
[2026-05-18 20:10:23,722] ERROR root: Missing key in response for format string: 'identifier'
[2026-05-18 20:10:23,724] WARNING root: No data for DNM1; skipping.
[2026-05-18 20:10:24,932] ERROR root: Missing key in response for format string: 'identifier'
[2026-05-18 20:10:24,934] WARNING root: No data for DNM1L; skipping.
[2026-05-18 20:10:25,863] ERROR root: Missing key in response for format string: 'identifier'
[2026-05-18 20:10:25,864] WARNING root: No data for DNM2; skipping.
[2026-05-18 20:10:27,005] ERROR root: Missing key in response for format string: 'identifier'
[2026-05-18 20:10:27,006] WARNING root: No data for DNMT1; skipping.
[2026-05-18 20:10:27,752] ERROR root: Missing key in response for format string: 'identifier'
[2026-05-18 20:10:27,753] WARNING root: No data for DNTTIP2; skipping.
[2026-05-18 20:10:28,646] ERROR root: Missing key in response for format string: 'identifier'
[2026-05-18 20:10:28,647] WARNING root: No data for DOHH; skipping.
[2026-05-18 20:10:29,395] ERROR root: Missing key in response for format string: 'identifier'
[2026-05-18 20:10:29,396] WARNING root: No data for DOLK; skipping.
[2026-05-18 20:10:30,398] ERROR root: Missing key in response for format string: 'identifier'
[2026-05-18 20:10:30,399] WARNING root: No data for DONSON; skipping.
[2026-05-18 20:10:31,156] ERROR root: Missing key in response for format string: 'identifier'
[2026-05-18 20:10:31,157] WARNING root: No data for DPAGT1; skipping.
[2026-05-18 20:10:32,029] ERROR root: Missing key in response for format string: 'identifier'
[2026-05-18 20:10:32,031] WARNING root: No data for DPH1; skipping.
[2026-05-18 20:10:32,791] ERROR root: Missing key in response for format string: 'identifier'
[2026-05-18 20:10:32,793] WARNING root: No data for DPH2; skipping.
[2026-05-18 20:10:33,547] ERROR root: Missing key in response for format string: 'identifier'
[2026-05-18 20:10:33,548] WARNING root: No data for DPH3; skipping.
[2026-05-18 20:10:34,301] ERROR root: Missing key in response for format string: 'identifier'
[2026-05-18 20:10:34,302] WARNING root: No data for DPH6; skipping.
[2026-05-18 20:10:35,085] ERROR root: Missing key in response for format string: 'identifier'
[2026-05-18 20:10:35,086] WARNING root: No data for DPM2; skipping.
[2026-05-18 20:10:35,835] ERROR root: Missing key in response for format string: 'identifier'
[2026-05-18 20:10:35,836] WARNING root: No data for DPPA2; skipping.
[2026-05-18 20:10:36,602] ERROR root: Missing key in response for format string: 'identifier'
[2026-05-18 20:10:36,603] WARNING root: No data for DPY19L2; skipping.
[2026-05-18 20:10:37,360] ERROR root: Missing key in response for format string: 'identifier'
[2026-05-18 20:10:37,361] WARNING root: No data for DPY19L4; skipping.
[2026-05-18 20:10:38,324] ERROR root: Missing key in response for format string: 'identifier'
[2026-05-18 20:10:38,326] WARNING root: No data for DR1; skipping.
[2026-05-18 20:10:39,074] ERROR root: Missing key in response for format string: 'identifier'
[2026-05-18 20:10:39,075] WARNING root: No data for DRAP1; skipping.
[2026-05-18 20:10:40,033] ERROR root: Missing key in response for format string: 'identifier'
[2026-05-18 20:10:40,034] WARNING root: No data for DRG1; skipping.
[2026-05-18 20:10:41,026] ERROR root: Missing key in response for format string: 'identifier'
[2026-05-18 20:10:41,028] WARNING root: No data for DROSHA; skipping.
[2026-05-18 20:10:41,892] ERROR root: Missing key in response for format string: 'identifier'
[2026-05-18 20:10:41,894] WARNING root: No data for DSN1; skipping.
[2026-05-18 20:10:42,652] ERROR root: Missing key in response for format string: 'identifier'
[2026-05-18 20:10:42,654] WARNING root: No data for DSTYK; skipping.
[2026-05-18 20:10:43,639] ERROR root: Missing key in response for format string: 'identifier'
[2026-05-18 20:10:43,640] WARNING root: No data for DTL; skipping.
[2026-05-18 20:10:44,394] ERROR root: Missing key in response for format string: 'identifier'
[2026-05-18 20:10:44,395] WARNING root: No data for DTYMK; skipping.
[2026-05-18 20:10:45,160] ERROR root: Missing key in response for format string: 'identifier'
[2026-05-18 20:10:45,161] WARNING root: No data for DUT; skipping.
[2026-05-18 20:10:46,237] ERROR root: Missing key in response for format string: 'identifier'
[2026-05-18 20:10:46,238] WARNING root: No data for DYNC1H1; skipping.
[2026-05-18 20:10:46,989] ERROR root: Missing key in response for format string: 'identifier'
[2026-05-18 20:10:46,990] WARNING root: No data for DYNC1I2; skipping.
[2026-05-18 20:10:47,769] ERROR root: Missing key in response for format string: 'identifier'
[2026-05-18 20:10:47,770] WARNING root: No data for DYNLL1; skipping.
[2026-05-18 20:10:48,525] ERROR root: Missing key in response for format string: 'identifier'
[2026-05-18 20:10:48,526] WARNING root: No data for DYNLL2; skipping.
[2026-05-18 20:10:49,533] ERROR root: Missing key in response for format string: 'identifier'
[2026-05-18 20:10:49,534] WARNING root: No data for DYNLRB1; skipping.
[2026-05-18 20:10:50,510] ERROR root: Missing key in response for format string: 'identifier'
[2026-05-18 20:10:50,511] WARNING root: No data for E2F6; skipping.
[2026-05-18 20:10:51,328] ERROR root: Missing key in response for format string: 'identifier'
[2026-05-18 20:10:51,329] WARNING root: No data for E4F1; skipping.
[2026-05-18 20:10:52,077] ERROR root: Missing key in response for format string: 'identifier'
[2026-05-18 20:10:52,079] WARNING root: No data for EARS2; skipping.
[2026-05-18 20:10:52,825] ERROR root: Missing key in response for format string: 'identifier'
[2026-05-18 20:10:52,827] WARNING root: No data for EBNA1BP2; skipping.
[2026-05-18 20:10:54,739] ERROR root: Missing key in response for format string: 'identifier'
[2026-05-18 20:10:54,742] WARNING root: No data for ECD; skipping.
[2026-05-18 20:10:55,700] ERROR root: Missing key in response for format string: 'identifier'
[2026-05-18 20:10:55,701] WARNING root: No data for ECT2; skipping.
[2026-05-18 20:10:56,457] ERROR root: Missing key in response for format string: 'identifier'
[2026-05-18 20:10:56,458] WARNING root: No data for EDC4; skipping.
[2026-05-18 20:10:57,413] ERROR root: Missing key in response for format string: 'identifier'
[2026-05-18 20:10:57,417] WARNING root: No data for EEF1A1; skipping.
[2026-05-18 20:10:58,179] ERROR root: Missing key in response for format string: 'identifier'
[2026-05-18 20:10:58,181] WARNING root: No data for EEF1B2; skipping.
[2026-05-18 20:10:58,935] ERROR root: Missing key in response for format string: 'identifier'
[2026-05-18 20:10:58,937] WARNING root: No data for EEF1G; skipping.
[2026-05-18 20:11:00,092] ERROR root: Missing key in response for format string: 'identifier'
[2026-05-18 20:11:00,093] WARNING root: No data for EEF2; skipping.
[2026-05-18 20:11:00,841] ERROR root: Missing key in response for format string: 'identifier'
[2026-05-18 20:11:00,842] WARNING root: No data for EEFSEC; skipping.
[2026-05-18 20:11:01,599] ERROR root: Missing key in response for format string: 'identifier'
[2026-05-18 20:11:01,600] WARNING root: No data for EFR3A; skipping.
[2026-05-18 20:11:02,367] ERROR root: Missing key in response for format string: 'identifier'
[2026-05-18 20:11:02,368] WARNING root: No data for EFTUD2; skipping.
[2026-05-18 20:11:03,126] ERROR root: Missing key in response for format string: 'identifier'
[2026-05-18 20:11:03,127] WARNING root: No data for EGLN2; skipping.
[2026-05-18 20:11:04,501] ERROR root: Missing key in response for format string: 'identifier'
[2026-05-18 20:11:04,503] WARNING root: No data for EHMT2; skipping.
[2026-05-18 20:11:05,261] ERROR root: Missing key in response for format string: 'identifier'
[2026-05-18 20:11:05,262] WARNING root: No data for EIF1; skipping.
[2026-05-18 20:11:06,194] ERROR root: Missing key in response for format string: 'identifier'
[2026-05-18 20:11:06,196] WARNING root: No data for EIF1AD; skipping.
[2026-05-18 20:11:06,957] ERROR root: Missing key in response for format string: 'identifier'
[2026-05-18 20:11:06,958] WARNING root: No data for EIF1AX; skipping.
[2026-05-18 20:11:07,816] ERROR root: Missing key in response for format string: 'identifier'
[2026-05-18 20:11:07,817] WARNING root: No data for EIF2B1; skipping.
[2026-05-18 20:11:08,696] ERROR root: Missing key in response for format string: 'identifier'
[2026-05-18 20:11:08,697] WARNING root: No data for EIF2B2; skipping.
[2026-05-18 20:11:09,453] ERROR root: Missing key in response for format string: 'identifier'
[2026-05-18 20:11:09,455] WARNING root: No data for EIF2B3; skipping.
[2026-05-18 20:11:10,615] ERROR root: Missing key in response for format string: 'identifier'
[2026-05-18 20:11:10,616] WARNING root: No data for EIF2B4; skipping.
[2026-05-18 20:11:11,378] ERROR root: Missing key in response for format string: 'identifier'
[2026-05-18 20:11:11,379] WARNING root: No data for EIF2B5; skipping.
[2026-05-18 20:11:12,512] ERROR root: Missing key in response for format string: 'identifier'
[2026-05-18 20:11:12,513] WARNING root: No data for EIF2S1; skipping.
[2026-05-18 20:11:13,458] ERROR root: Missing key in response for format string: 'identifier'
[2026-05-18 20:11:13,460] WARNING root: No data for EIF2S2; skipping.
[2026-05-18 20:11:14,396] ERROR root: Missing key in response for format string: 'identifier'
[2026-05-18 20:11:14,397] WARNING root: No data for EIF2S3; skipping.
[2026-05-18 20:11:15,342] ERROR root: Missing key in response for format string: 'identifier'
[2026-05-18 20:11:15,343] WARNING root: No data for EIF3A; skipping.
[2026-05-18 20:11:16,102] ERROR root: Missing key in response for format string: 'identifier'
[2026-05-18 20:11:16,103] WARNING root: No data for EIF3B; skipping.
[2026-05-18 20:11:17,219] ERROR root: Missing key in response for format string: 'identifier'
[2026-05-18 20:11:17,220] WARNING root: No data for EIF3CL; skipping.
[2026-05-18 20:11:17,971] ERROR root: Missing key in response for format string: 'identifier'
[2026-05-18 20:11:17,972] WARNING root: No data for EIF3D; skipping.
[2026-05-18 20:11:19,089] ERROR root: Missing key in response for format string: 'identifier'
[2026-05-18 20:11:19,091] WARNING root: No data for EIF3E; skipping.
[2026-05-18 20:11:19,844] ERROR root: Missing key in response for format string: 'identifier'
[2026-05-18 20:11:19,845] WARNING root: No data for EIF3F; skipping.
[2026-05-18 20:11:20,597] ERROR root: Missing key in response for format string: 'identifier'
[2026-05-18 20:11:20,598] WARNING root: No data for EIF3G; skipping.
[2026-05-18 20:11:21,510] ERROR root: Missing key in response for format string: 'identifier'
[2026-05-18 20:11:21,511] WARNING root: No data for EIF3H; skipping.
[2026-05-18 20:11:22,490] ERROR root: Missing key in response for format string: 'identifier'
[2026-05-18 20:11:22,491] WARNING root: No data for EIF3I; skipping.
[2026-05-18 20:11:23,291] ERROR root: Missing key in response for format string: 'identifier'
[2026-05-18 20:11:23,292] WARNING root: No data for EIF3J; skipping.
[2026-05-18 20:11:24,224] ERROR root: Missing key in response for format string: 'identifier'
[2026-05-18 20:11:24,225] WARNING root: No data for EIF3L; skipping.
[2026-05-18 20:11:24,976] ERROR root: Missing key in response for format string: 'identifier'
[2026-05-18 20:11:24,978] WARNING root: No data for EIF3M; skipping.
[2026-05-18 20:11:25,925] ERROR root: Missing key in response for format string: 'identifier'
[2026-05-18 20:11:25,926] WARNING root: No data for EIF4A1; skipping.
[2026-05-18 20:11:26,710] ERROR root: Missing key in response for format string: 'identifier'
[2026-05-18 20:11:26,711] WARNING root: No data for EIF4A3; skipping.
[2026-05-18 20:11:27,646] ERROR root: Missing key in response for format string: 'identifier'
[2026-05-18 20:11:27,648] WARNING root: No data for EIF4B; skipping.
[2026-05-18 20:11:28,943] ERROR root: Missing key in response for format string: 'identifier'
[2026-05-18 20:11:28,945] WARNING root: No data for EIF4E; skipping.
[2026-05-18 20:11:29,918] ERROR root: Missing key in response for format string: 'identifier'
[2026-05-18 20:11:29,919] WARNING root: No data for EIF4G1; skipping.
[2026-05-18 20:11:30,827] ERROR root: Missing key in response for format string: 'identifier'
[2026-05-18 20:11:30,828] WARNING root: No data for EIF4G2; skipping.
[2026-05-18 20:11:31,678] ERROR root: Missing key in response for format string: 'identifier'
[2026-05-18 20:11:31,679] WARNING root: No data for EIF4H; skipping.
[2026-05-18 20:11:32,625] ERROR root: Missing key in response for format string: 'identifier'
[2026-05-18 20:11:32,627] WARNING root: No data for EIF5; skipping.
[2026-05-18 20:11:33,580] ERROR root: Missing key in response for format string: 'identifier'
[2026-05-18 20:11:33,581] WARNING root: No data for EIF5A; skipping.
[2026-05-18 20:11:34,941] ERROR root: Missing key in response for format string: 'identifier'
[2026-05-18 20:11:34,943] WARNING root: No data for EIF6; skipping.
[2026-05-18 20:11:35,760] ERROR root: Missing key in response for format string: 'identifier'
[2026-05-18 20:11:35,761] WARNING root: No data for ELAC2; skipping.
[2026-05-18 20:11:36,727] ERROR root: Missing key in response for format string: 'identifier'
[2026-05-18 20:11:36,729] WARNING root: No data for ELL; skipping.
[2026-05-18 20:11:37,488] ERROR root: Missing key in response for format string: 'identifier'
[2026-05-18 20:11:37,489] WARNING root: No data for ELOB; skipping.
[2026-05-18 20:11:38,353] ERROR root: Missing key in response for format string: 'identifier'
[2026-05-18 20:11:38,354] WARNING root: No data for ELOF1; skipping.
[2026-05-18 20:11:39,110] ERROR root: Missing key in response for format string: 'identifier'
[2026-05-18 20:11:39,111] WARNING root: No data for ELOVL1; skipping.
[2026-05-18 20:11:39,957] ERROR root: Missing key in response for format string: 'identifier'
[2026-05-18 20:11:39,959] WARNING root: No data for ELP2; skipping.
[2026-05-18 20:11:40,715] ERROR root: Missing key in response for format string: 'identifier'
[2026-05-18 20:11:40,716] WARNING root: No data for ELP3; skipping.
[2026-05-18 20:11:41,475] ERROR root: Missing key in response for format string: 'identifier'
[2026-05-18 20:11:41,476] WARNING root: No data for ELP4; skipping.
[2026-05-18 20:11:42,239] ERROR root: Missing key in response for format string: 'identifier'
[2026-05-18 20:11:42,241] WARNING root: No data for ELP5; skipping.
[2026-05-18 20:11:42,995] ERROR root: Missing key in response for format string: 'identifier'
[2026-05-18 20:11:42,996] WARNING root: No data for ELP6; skipping.
[2026-05-18 20:11:44,083] ERROR root: Missing key in response for format string: 'identifier'
[2026-05-18 20:11:44,084] WARNING root: No data for EMC1; skipping.
[2026-05-18 20:11:44,940] ERROR root: Missing key in response for format string: 'identifier'
[2026-05-18 20:11:44,941] WARNING root: No data for EMC3; skipping.
[2026-05-18 20:11:45,862] ERROR root: Missing key in response for format string: 'identifier'
[2026-05-18 20:11:45,863] WARNING root: No data for EMC4; skipping.
[2026-05-18 20:11:46,735] ERROR root: Missing key in response for format string: 'identifier'
[2026-05-18 20:11:46,736] WARNING root: No data for EMC7; skipping.
[2026-05-18 20:11:47,495] ERROR root: Missing key in response for format string: 'identifier'
[2026-05-18 20:11:47,496] WARNING root: No data for EMG1; skipping.
[2026-05-18 20:11:48,440] ERROR root: Missing key in response for format string: 'identifier'
[2026-05-18 20:11:48,441] WARNING root: No data for ENO1; skipping.
[2026-05-18 20:11:49,202] ERROR root: Missing key in response for format string: 'identifier'
[2026-05-18 20:11:49,203] WARNING root: No data for ENY2; skipping.
[2026-05-18 20:11:49,989] ERROR root: Missing key in response for format string: 'identifier'
[2026-05-18 20:11:49,990] WARNING root: No data for EP400; skipping.
[2026-05-18 20:11:50,761] ERROR root: Missing key in response for format string: 'identifier'
[2026-05-18 20:11:50,763] WARNING root: No data for EPB41L2; skipping.
[2026-05-18 20:11:51,516] ERROR root: Missing key in response for format string: 'identifier'
[2026-05-18 20:11:51,517] WARNING root: No data for EPRS; skipping.
[2026-05-18 20:11:52,302] ERROR root: Missing key in response for format string: 'identifier'
[2026-05-18 20:11:52,304] WARNING root: No data for EPS8L1; skipping.
[2026-05-18 20:11:53,061] ERROR root: Missing key in response for format string: 'identifier'
[2026-05-18 20:11:53,062] WARNING root: No data for ERAL1; skipping.
[2026-05-18 20:11:54,343] ERROR root: Missing key in response for format string: 'identifier'
[2026-05-18 20:11:54,344] WARNING root: No data for ERCC2; skipping.
[2026-05-18 20:11:55,275] ERROR root: Missing key in response for format string: 'identifier'
[2026-05-18 20:11:55,276] WARNING root: No data for ERCC3; skipping.
[2026-05-18 20:11:56,481] ERROR root: Missing key in response for format string: 'identifier'
[2026-05-18 20:11:56,482] WARNING root: No data for ERH; skipping.
[2026-05-18 20:11:57,373] ERROR root: Missing key in response for format string: 'identifier'
[2026-05-18 20:11:57,375] WARNING root: No data for ERVW-1; skipping.
[2026-05-18 20:11:58,501] ERROR root: Missing key in response for format string: 'identifier'
[2026-05-18 20:11:58,502] WARNING root: No data for ESF1; skipping.
[2026-05-18 20:11:59,260] ERROR root: Missing key in response for format string: 'identifier'
[2026-05-18 20:11:59,261] WARNING root: No data for ESPL1; skipping.
[2026-05-18 20:12:00,015] ERROR root: Missing key in response for format string: 'identifier'
[2026-05-18 20:12:00,017] WARNING root: No data for ESPN; skipping.
[2026-05-18 20:12:00,771] ERROR root: Missing key in response for format string: 'identifier'
[2026-05-18 20:12:00,772] WARNING root: No data for ESYT1; skipping.
[2026-05-18 20:12:01,622] ERROR root: Missing key in response for format string: 'identifier'
[2026-05-18 20:12:01,623] WARNING root: No data for ESYT2; skipping.
[2026-05-18 20:12:02,381] ERROR root: Missing key in response for format string: 'identifier'
[2026-05-18 20:12:02,382] WARNING root: No data for ETF1; skipping.
[2026-05-18 20:12:03,149] ERROR root: Missing key in response for format string: 'identifier'
[2026-05-18 20:12:03,150] WARNING root: No data for ETV4; skipping.
[2026-05-18 20:12:04,306] ERROR root: Missing key in response for format string: 'identifier'
[2026-05-18 20:12:04,308] WARNING root: No data for EWSR1; skipping.
[2026-05-18 20:12:05,091] ERROR root: Missing key in response for format string: 'identifier'
[2026-05-18 20:12:05,092] WARNING root: No data for EXOC1; skipping.
[2026-05-18 20:12:06,013] ERROR root: Missing key in response for format string: 'identifier'
[2026-05-18 20:12:06,015] WARNING root: No data for EXOC2; skipping.
[2026-05-18 20:12:06,770] ERROR root: Missing key in response for format string: 'identifier'
[2026-05-18 20:12:06,771] WARNING root: No data for EXOC3; skipping.
[2026-05-18 20:12:07,529] ERROR root: Missing key in response for format string: 'identifier'
[2026-05-18 20:12:07,530] WARNING root: No data for EXOC4; skipping.
[2026-05-18 20:12:08,676] ERROR root: Missing key in response for format string: 'identifier'
[2026-05-18 20:12:08,677] WARNING root: No data for EXOC5; skipping.
[2026-05-18 20:12:09,436] ERROR root: Missing key in response for format string: 'identifier'
[2026-05-18 20:12:09,437] WARNING root: No data for EXOC7; skipping.
[2026-05-18 20:12:10,191] ERROR root: Missing key in response for format string: 'identifier'
[2026-05-18 20:12:10,192] WARNING root: No data for EXOC8; skipping.
[2026-05-18 20:12:11,374] ERROR root: Missing key in response for format string: 'identifier'
[2026-05-18 20:12:11,376] WARNING root: No data for EXOSC1; skipping.
[2026-05-18 20:12:12,547] ERROR root: Missing key in response for format string: 'identifier'
[2026-05-18 20:12:12,548] WARNING root: No data for EXOSC10; skipping.
[2026-05-18 20:12:13,449] ERROR root: Missing key in response for format string: 'identifier'
[2026-05-18 20:12:13,450] WARNING root: No data for EXOSC2; skipping.
[2026-05-18 20:12:14,208] ERROR root: Missing key in response for format string: 'identifier'
[2026-05-18 20:12:14,209] WARNING root: No data for EXOSC3; skipping.
[2026-05-18 20:12:14,977] ERROR root: Missing key in response for format string: 'identifier'
[2026-05-18 20:12:14,978] WARNING root: No data for EXOSC4; skipping.
[2026-05-18 20:12:15,733] ERROR root: Missing key in response for format string: 'identifier'
[2026-05-18 20:12:15,734] WARNING root: No data for EXOSC5; skipping.
[2026-05-18 20:12:16,537] ERROR root: Missing key in response for format string: 'identifier'
[2026-05-18 20:12:16,538] WARNING root: No data for EXOSC6; skipping.
[2026-05-18 20:12:17,439] ERROR root: Missing key in response for format string: 'identifier'
[2026-05-18 20:12:17,440] WARNING root: No data for EXOSC7; skipping.
[2026-05-18 20:12:18,186] ERROR root: Missing key in response for format string: 'identifier'
[2026-05-18 20:12:18,187] WARNING root: No data for EXOSC8; skipping.
[2026-05-18 20:12:19,165] ERROR root: Missing key in response for format string: 'identifier'
[2026-05-18 20:12:19,167] WARNING root: No data for EXOSC9; skipping.
[2026-05-18 20:12:19,944] ERROR root: Missing key in response for format string: 'identifier'
[2026-05-18 20:12:19,945] WARNING root: No data for F8A1; skipping.
[2026-05-18 20:12:20,767] ERROR root: Missing key in response for format string: 'identifier'
[2026-05-18 20:12:20,768] WARNING root: No data for FAF2; skipping.
[2026-05-18 20:12:21,525] ERROR root: Missing key in response for format string: 'identifier'
[2026-05-18 20:12:21,526] WARNING root: No data for FAM102B; skipping.
[2026-05-18 20:12:22,292] ERROR root: Missing key in response for format string: 'identifier'
[2026-05-18 20:12:22,293] WARNING root: No data for FAM133B; skipping.
[2026-05-18 20:12:23,047] ERROR root: Missing key in response for format string: 'identifier'
[2026-05-18 20:12:23,048] WARNING root: No data for FAM136A; skipping.
[2026-05-18 20:12:23,836] ERROR root: Missing key in response for format string: 'identifier'
[2026-05-18 20:12:23,837] WARNING root: No data for FAM207A; skipping.
[2026-05-18 20:12:24,672] ERROR root: Missing key in response for format string: 'identifier'
[2026-05-18 20:12:24,673] WARNING root: No data for FAM229A; skipping.
[2026-05-18 20:12:25,488] ERROR root: Missing key in response for format string: 'identifier'
[2026-05-18 20:12:25,489] WARNING root: No data for FAM32A; skipping.
[2026-05-18 20:12:26,289] ERROR root: Missing key in response for format string: 'identifier'
[2026-05-18 20:12:26,290] WARNING root: No data for FAM50A; skipping.
[2026-05-18 20:12:27,104] ERROR root: Missing key in response for format string: 'identifier'
[2026-05-18 20:12:27,105] WARNING root: No data for FAM72D; skipping.
[2026-05-18 20:12:27,871] ERROR root: Missing key in response for format string: 'identifier'
[2026-05-18 20:12:27,872] WARNING root: No data for FARS2; skipping.
[2026-05-18 20:12:29,161] ERROR root: Missing key in response for format string: 'identifier'
[2026-05-18 20:12:29,162] WARNING root: No data for FARSA; skipping.
[2026-05-18 20:12:30,195] ERROR root: Missing key in response for format string: 'identifier'
[2026-05-18 20:12:30,196] WARNING root: No data for FARSB; skipping.
[2026-05-18 20:12:31,837] ERROR root: Missing key in response for format string: 'identifier'
[2026-05-18 20:12:31,839] WARNING root: No data for FASN; skipping.
[2026-05-18 20:12:32,607] ERROR root: Missing key in response for format string: 'identifier'
[2026-05-18 20:12:32,608] WARNING root: No data for FASTKD5; skipping.
[2026-05-18 20:12:33,407] ERROR root: Missing key in response for format string: 'identifier'
[2026-05-18 20:12:33,409] WARNING root: No data for FAU; skipping.
[2026-05-18 20:12:34,961] ERROR root: Missing key in response for format string: 'identifier'
[2026-05-18 20:12:34,977] WARNING root: No data for FBL; skipping.
[2026-05-18 20:12:35,908] ERROR root: Missing key in response for format string: 'identifier'
[2026-05-18 20:12:35,909] WARNING root: No data for FBLIM1; skipping.
[2026-05-18 20:12:36,669] ERROR root: Missing key in response for format string: 'identifier'
[2026-05-18 20:12:36,670] WARNING root: No data for FBRSL1; skipping.
[2026-05-18 20:12:37,824] ERROR root: Missing key in response for format string: 'identifier'
[2026-05-18 20:12:37,826] WARNING root: No data for FBXL14; skipping.
[2026-05-18 20:12:38,599] ERROR root: Missing key in response for format string: 'identifier'
[2026-05-18 20:12:38,601] WARNING root: No data for FBXO42; skipping.
[2026-05-18 20:12:39,365] ERROR root: Missing key in response for format string: 'identifier'
[2026-05-18 20:12:39,366] WARNING root: No data for FBXO5; skipping.
[2026-05-18 20:12:40,767] ERROR root: Missing key in response for format string: 'identifier'
[2026-05-18 20:12:40,769] WARNING root: No data for FBXW7; skipping.
[2026-05-18 20:12:41,541] ERROR root: Missing key in response for format string: 'identifier'
[2026-05-18 20:12:41,542] WARNING root: No data for FCF1; skipping.
[2026-05-18 20:12:42,299] ERROR root: Missing key in response for format string: 'identifier'
[2026-05-18 20:12:42,300] WARNING root: No data for FDPS; skipping.
[2026-05-18 20:12:43,055] ERROR root: Missing key in response for format string: 'identifier'
[2026-05-18 20:12:43,057] WARNING root: No data for FDXR; skipping.
[2026-05-18 20:12:44,212] ERROR root: Missing key in response for format string: 'identifier'
[2026-05-18 20:12:44,213] WARNING root: No data for FEN1; skipping.
[2026-05-18 20:12:44,968] ERROR root: Missing key in response for format string: 'identifier'
[2026-05-18 20:12:44,970] WARNING root: No data for FGFR1OP; skipping.
[2026-05-18 20:12:45,743] ERROR root: Missing key in response for format string: 'identifier'
[2026-05-18 20:12:45,744] WARNING root: No data for FIP1L1; skipping.
[2026-05-18 20:12:46,554] ERROR root: Missing key in response for format string: 'identifier'
[2026-05-18 20:12:46,555] WARNING root: No data for FKBP9; skipping.
[2026-05-18 20:12:47,381] ERROR root: Missing key in response for format string: 'identifier'
[2026-05-18 20:12:47,382] WARNING root: No data for FNBP4; skipping.
[2026-05-18 20:12:48,132] ERROR root: Missing key in response for format string: 'identifier'
[2026-05-18 20:12:48,133] WARNING root: No data for FNTA; skipping.
[2026-05-18 20:12:49,428] ERROR root: Missing key in response for format string: 'identifier'
[2026-05-18 20:12:49,429] WARNING root: No data for FNTB; skipping.
[2026-05-18 20:12:50,187] ERROR root: Missing key in response for format string: 'identifier'
[2026-05-18 20:12:50,189] WARNING root: No data for FOLR3; skipping.
[2026-05-18 20:12:51,303] ERROR root: Missing key in response for format string: 'identifier'
[2026-05-18 20:12:51,304] WARNING root: No data for FOXD4; skipping.
[2026-05-18 20:12:52,489] ERROR root: Missing key in response for format string: 'identifier'
[2026-05-18 20:12:52,490] WARNING root: No data for FOXL2; skipping.
[2026-05-18 20:12:53,671] ERROR root: Missing key in response for format string: 'identifier'
[2026-05-18 20:12:53,672] WARNING root: No data for FOXO1; skipping.
[2026-05-18 20:12:54,424] ERROR root: Missing key in response for format string: 'identifier'
[2026-05-18 20:12:54,425] WARNING root: No data for FOXS1; skipping.
[2026-05-18 20:12:55,184] ERROR root: Missing key in response for format string: 'identifier'
[2026-05-18 20:12:55,185] WARNING root: No data for FRG2; skipping.
[2026-05-18 20:12:55,962] ERROR root: Missing key in response for format string: 'identifier'
[2026-05-18 20:12:55,963] WARNING root: No data for FTSJ3; skipping.
[2026-05-18 20:12:56,717] ERROR root: Missing key in response for format string: 'identifier'
[2026-05-18 20:12:56,718] WARNING root: No data for FUNDC2; skipping.
[2026-05-18 20:12:57,659] ERROR root: Missing key in response for format string: 'identifier'
[2026-05-18 20:12:57,660] WARNING root: No data for FXN; skipping.
[2026-05-18 20:12:59,279] ERROR root: Missing key in response for format string: 'identifier'
[2026-05-18 20:12:59,281] WARNING root: No data for FYN; skipping.
[2026-05-18 20:13:00,617] ERROR root: Missing key in response for format string: 'identifier'
[2026-05-18 20:13:00,618] WARNING root: No data for GAB2; skipping.
[2026-05-18 20:13:01,429] ERROR root: Missing key in response for format string: 'identifier'
[2026-05-18 20:13:01,430] WARNING root: No data for GABPA; skipping.
[2026-05-18 20:13:02,249] ERROR root: Missing key in response for format string: 'identifier'
[2026-05-18 20:13:02,250] WARNING root: No data for GABPB1; skipping.
[2026-05-18 20:13:03,013] ERROR root: Missing key in response for format string: 'identifier'
[2026-05-18 20:13:03,015] WARNING root: No data for GAK; skipping.
[2026-05-18 20:13:04,667] ERROR root: Missing key in response for format string: 'identifier'
[2026-05-18 20:13:04,668] WARNING root: No data for GAPDH; skipping.
[2026-05-18 20:13:05,437] ERROR root: Missing key in response for format string: 'identifier'
[2026-05-18 20:13:05,438] WARNING root: No data for GAR1; skipping.
[2026-05-18 20:13:06,387] ERROR root: Missing key in response for format string: 'identifier'
[2026-05-18 20:13:06,388] WARNING root: No data for GARS; skipping.
[2026-05-18 20:13:07,212] ERROR root: Missing key in response for format string: 'identifier'
[2026-05-18 20:13:07,213] WARNING root: No data for GART; skipping.
[2026-05-18 20:13:08,763] ERROR root: Missing key in response for format string: 'identifier'
[2026-05-18 20:13:08,764] WARNING root: No data for GATA1; skipping.
[2026-05-18 20:13:09,860] ERROR root: Missing key in response for format string: 'identifier'
[2026-05-18 20:13:09,861] WARNING root: No data for GBF1; skipping.
[2026-05-18 20:13:10,815] ERROR root: Missing key in response for format string: 'identifier'
[2026-05-18 20:13:10,816] WARNING root: No data for GCLC; skipping.
[2026-05-18 20:13:11,583] ERROR root: Missing key in response for format string: 'identifier'
[2026-05-18 20:13:11,584] WARNING root: No data for GCOM1; skipping.
[2026-05-18 20:13:12,739] ERROR root: Missing key in response for format string: 'identifier'
[2026-05-18 20:13:12,740] WARNING root: No data for GEMIN4; skipping.
[2026-05-18 20:13:13,546] ERROR root: Missing key in response for format string: 'identifier'
[2026-05-18 20:13:13,547] WARNING root: No data for GEMIN5; skipping.
[2026-05-18 20:13:14,396] ERROR root: Missing key in response for format string: 'identifier'
[2026-05-18 20:13:14,397] WARNING root: No data for GEMIN6; skipping.
[2026-05-18 20:13:15,191] ERROR root: Missing key in response for format string: 'identifier'
[2026-05-18 20:13:15,192] WARNING root: No data for GEMIN7; skipping.
[2026-05-18 20:13:15,944] ERROR root: Missing key in response for format string: 'identifier'
[2026-05-18 20:13:15,945] WARNING root: No data for GEMIN8; skipping.
[2026-05-18 20:13:16,734] ERROR root: Missing key in response for format string: 'identifier'
[2026-05-18 20:13:16,735] WARNING root: No data for GET1; skipping.
[2026-05-18 20:13:17,489] ERROR root: Missing key in response for format string: 'identifier'
[2026-05-18 20:13:17,490] WARNING root: No data for GET3; skipping.
[2026-05-18 20:13:18,452] ERROR root: Missing key in response for format string: 'identifier'
[2026-05-18 20:13:18,453] WARNING root: No data for GFER; skipping.
[2026-05-18 20:13:19,215] ERROR root: Missing key in response for format string: 'identifier'
[2026-05-18 20:13:19,216] WARNING root: No data for GFM1; skipping.
[2026-05-18 20:13:19,964] ERROR root: Missing key in response for format string: 'identifier'
[2026-05-18 20:13:19,966] WARNING root: No data for GFOD2; skipping.
[2026-05-18 20:13:20,873] ERROR root: Missing key in response for format string: 'identifier'
[2026-05-18 20:13:20,874] WARNING root: No data for GGPS1; skipping.
[2026-05-18 20:13:21,646] ERROR root: Missing key in response for format string: 'identifier'
[2026-05-18 20:13:21,647] WARNING root: No data for GINS1; skipping.
[2026-05-18 20:13:22,664] ERROR root: Missing key in response for format string: 'identifier'
[2026-05-18 20:13:22,665] WARNING root: No data for GINS2; skipping.
[2026-05-18 20:13:23,624] ERROR root: Missing key in response for format string: 'identifier'
[2026-05-18 20:13:23,625] WARNING root: No data for GINS3; skipping.
[2026-05-18 20:13:24,402] ERROR root: Missing key in response for format string: 'identifier'
[2026-05-18 20:13:24,403] WARNING root: No data for GINS4; skipping.
[2026-05-18 20:13:25,159] ERROR root: Missing key in response for format string: 'identifier'
[2026-05-18 20:13:25,160] WARNING root: No data for GIT2; skipping.
[2026-05-18 20:13:25,923] ERROR root: Missing key in response for format string: 'identifier'
[2026-05-18 20:13:25,924] WARNING root: No data for GJA3; skipping.
[2026-05-18 20:13:26,687] ERROR root: Missing key in response for format string: 'identifier'
[2026-05-18 20:13:26,689] WARNING root: No data for GLB1; skipping.
[2026-05-18 20:13:27,471] ERROR root: Missing key in response for format string: 'identifier'
[2026-05-18 20:13:27,472] WARNING root: No data for GLE1; skipping.
[2026-05-18 20:13:28,242] ERROR root: Missing key in response for format string: 'identifier'
[2026-05-18 20:13:28,243] WARNING root: No data for GLI4; skipping.
[2026-05-18 20:13:29,376] ERROR root: Missing key in response for format string: 'identifier'
[2026-05-18 20:13:29,377] WARNING root: No data for GLMN; skipping.
[2026-05-18 20:13:30,148] ERROR root: Missing key in response for format string: 'identifier'
[2026-05-18 20:13:30,149] WARNING root: No data for GLRX3; skipping.
[2026-05-18 20:13:31,014] ERROR root: Missing key in response for format string: 'identifier'
[2026-05-18 20:13:31,015] WARNING root: No data for GLRX5; skipping.
[2026-05-18 20:13:31,789] ERROR root: Missing key in response for format string: 'identifier'
[2026-05-18 20:13:31,790] WARNING root: No data for GMIP; skipping.
[2026-05-18 20:13:32,534] ERROR root: Missing key in response for format string: 'identifier'
[2026-05-18 20:13:32,535] WARNING root: No data for GMPPB; skipping.
[2026-05-18 20:13:33,294] ERROR root: Missing key in response for format string: 'identifier'
[2026-05-18 20:13:33,296] WARNING root: No data for GMPS; skipping.
[2026-05-18 20:13:34,045] ERROR root: Missing key in response for format string: 'identifier'
[2026-05-18 20:13:34,046] WARNING root: No data for GNB1L; skipping.
[2026-05-18 20:13:34,806] ERROR root: Missing key in response for format string: 'identifier'
[2026-05-18 20:13:34,807] WARNING root: No data for GNL2; skipping.
[2026-05-18 20:13:36,107] ERROR root: Missing key in response for format string: 'identifier'
[2026-05-18 20:13:36,109] WARNING root: No data for GNL3; skipping.
[2026-05-18 20:13:36,880] ERROR root: Missing key in response for format string: 'identifier'
[2026-05-18 20:13:36,881] WARNING root: No data for GNL3L; skipping.
[2026-05-18 20:13:37,645] ERROR root: Missing key in response for format string: 'identifier'
[2026-05-18 20:13:37,647] WARNING root: No data for GNPAT; skipping.
[2026-05-18 20:13:38,652] ERROR root: Missing key in response for format string: 'identifier'
[2026-05-18 20:13:38,653] WARNING root: No data for GNPNAT1; skipping.
[2026-05-18 20:13:39,408] ERROR root: Missing key in response for format string: 'identifier'
[2026-05-18 20:13:39,409] WARNING root: No data for GOLGA6L1; skipping.
[2026-05-18 20:13:40,464] ERROR root: Missing key in response for format string: 'identifier'
[2026-05-18 20:13:40,465] WARNING root: No data for GOLT1B; skipping.
[2026-05-18 20:13:41,217] ERROR root: Missing key in response for format string: 'identifier'
[2026-05-18 20:13:41,218] WARNING root: No data for GON4L; skipping.
[2026-05-18 20:13:41,986] ERROR root: Missing key in response for format string: 'identifier'
[2026-05-18 20:13:41,987] WARNING root: No data for GOSR2; skipping.
[2026-05-18 20:13:43,125] ERROR root: Missing key in response for format string: 'identifier'
[2026-05-18 20:13:43,126] WARNING root: No data for GPKOW; skipping.
[2026-05-18 20:13:44,332] ERROR root: Missing key in response for format string: 'identifier'
[2026-05-18 20:13:44,333] WARNING root: No data for GPN1; skipping.
[2026-05-18 20:13:45,095] ERROR root: Missing key in response for format string: 'identifier'
[2026-05-18 20:13:45,096] WARNING root: No data for GPN2; skipping.
[2026-05-18 20:13:45,848] ERROR root: Missing key in response for format string: 'identifier'
[2026-05-18 20:13:45,849] WARNING root: No data for GPN3; skipping.
[2026-05-18 20:13:46,604] ERROR root: Missing key in response for format string: 'identifier'
[2026-05-18 20:13:46,605] WARNING root: No data for GPR61; skipping.
[2026-05-18 20:13:47,366] ERROR root: Missing key in response for format string: 'identifier'
[2026-05-18 20:13:47,367] WARNING root: No data for GPS1; skipping.
[2026-05-18 20:13:48,122] ERROR root: Missing key in response for format string: 'identifier'
[2026-05-18 20:13:48,123] WARNING root: No data for GPS2; skipping.
[2026-05-18 20:13:49,276] ERROR root: Missing key in response for format string: 'identifier'
[2026-05-18 20:13:49,277] WARNING root: No data for GRB2; skipping.
[2026-05-18 20:13:50,034] ERROR root: Missing key in response for format string: 'identifier'
[2026-05-18 20:13:50,035] WARNING root: No data for GRPEL1; skipping.
[2026-05-18 20:13:50,798] ERROR root: Missing key in response for format string: 'identifier'
[2026-05-18 20:13:50,800] WARNING root: No data for GRSF1; skipping.
[2026-05-18 20:13:51,547] ERROR root: Missing key in response for format string: 'identifier'
[2026-05-18 20:13:51,548] WARNING root: No data for GRWD1; skipping.
[2026-05-18 20:13:52,299] ERROR root: Missing key in response for format string: 'identifier'
[2026-05-18 20:13:52,301] WARNING root: No data for GSDMA; skipping.
[2026-05-18 20:13:53,893] ERROR root: Missing key in response for format string: 'identifier'
[2026-05-18 20:13:53,895] WARNING root: No data for GSK3B; skipping.
[2026-05-18 20:13:54,644] ERROR root: Missing key in response for format string: 'identifier'
[2026-05-18 20:13:54,645] WARNING root: No data for GSPT1; skipping.
[2026-05-18 20:13:55,596] ERROR root: Missing key in response for format string: 'identifier'
[2026-05-18 20:13:55,598] WARNING root: No data for GTF2A1; skipping.
[2026-05-18 20:13:56,355] ERROR root: Missing key in response for format string: 'identifier'
[2026-05-18 20:13:56,356] WARNING root: No data for GTF2A2; skipping.
[2026-05-18 20:13:57,301] ERROR root: Missing key in response for format string: 'identifier'
[2026-05-18 20:13:57,302] WARNING root: No data for GTF2B; skipping.
[2026-05-18 20:13:58,057] ERROR root: Missing key in response for format string: 'identifier'
[2026-05-18 20:13:58,058] WARNING root: No data for GTF2E1; skipping.
[2026-05-18 20:13:58,809] ERROR root: Missing key in response for format string: 'identifier'
[2026-05-18 20:13:58,810] WARNING root: No data for GTF2E2; skipping.
[2026-05-18 20:13:59,562] ERROR root: Missing key in response for format string: 'identifier'
[2026-05-18 20:13:59,563] WARNING root: No data for GTF2F1; skipping.
[2026-05-18 20:14:01,702] ERROR root: Missing key in response for format string: 'identifier'
[2026-05-18 20:14:01,704] WARNING root: No data for GTF2F2; skipping.
[2026-05-18 20:14:02,457] ERROR root: Missing key in response for format string: 'identifier'
[2026-05-18 20:14:02,458] WARNING root: No data for GTF2H1; skipping.
[2026-05-18 20:14:03,807] ERROR root: Missing key in response for format string: 'identifier'
[2026-05-18 20:14:03,808] WARNING root: No data for GTF2H2; skipping.
[2026-05-18 20:14:04,585] ERROR root: Missing key in response for format string: 'identifier'
[2026-05-18 20:14:04,586] WARNING root: No data for GTF2H2C; skipping.
[2026-05-18 20:14:05,714] ERROR root: Missing key in response for format string: 'identifier'
[2026-05-18 20:14:05,715] WARNING root: No data for GTF2H3; skipping.
[2026-05-18 20:14:06,471] ERROR root: Missing key in response for format string: 'identifier'
[2026-05-18 20:14:06,472] WARNING root: No data for GTF2H4; skipping.
[2026-05-18 20:14:07,224] ERROR root: Missing key in response for format string: 'identifier'
[2026-05-18 20:14:07,225] WARNING root: No data for GTF3A; skipping.
[2026-05-18 20:14:08,237] ERROR root: Missing key in response for format string: 'identifier'
[2026-05-18 20:14:08,238] WARNING root: No data for GTF3C1; skipping.
[2026-05-18 20:14:09,584] ERROR root: Missing key in response for format string: 'identifier'
[2026-05-18 20:14:09,585] WARNING root: No data for GTF3C2; skipping.
[2026-05-18 20:14:10,339] ERROR root: Missing key in response for format string: 'identifier'
[2026-05-18 20:14:10,340] WARNING root: No data for GTF3C3; skipping.
[2026-05-18 20:14:11,093] ERROR root: Missing key in response for format string: 'identifier'
[2026-05-18 20:14:11,095] WARNING root: No data for GTF3C4; skipping.
[2026-05-18 20:14:12,446] ERROR root: Missing key in response for format string: 'identifier'
[2026-05-18 20:14:12,447] WARNING root: No data for GTF3C5; skipping.
[2026-05-18 20:14:13,200] ERROR root: Missing key in response for format string: 'identifier'
[2026-05-18 20:14:13,201] WARNING root: No data for GTF3C6; skipping.
[2026-05-18 20:14:13,945] ERROR root: Missing key in response for format string: 'identifier'
[2026-05-18 20:14:13,946] WARNING root: No data for GTPBP4; skipping.
[2026-05-18 20:14:14,701] ERROR root: Missing key in response for format string: 'identifier'
[2026-05-18 20:14:14,703] WARNING root: No data for GUCD1; skipping.
[2026-05-18 20:14:15,449] ERROR root: Missing key in response for format string: 'identifier'
[2026-05-18 20:14:15,450] WARNING root: No data for GUK1; skipping.
[2026-05-18 20:14:16,412] ERROR root: Missing key in response for format string: 'identifier'
[2026-05-18 20:14:16,413] WARNING root: No data for GYG1; skipping.
[2026-05-18 20:14:17,358] ERROR root: Missing key in response for format string: 'identifier'
[2026-05-18 20:14:17,360] WARNING root: No data for H2AFX; skipping.
[2026-05-18 20:14:18,321] ERROR root: Missing key in response for format string: 'identifier'
[2026-05-18 20:14:18,322] WARNING root: No data for H2AFZ; skipping.
[2026-05-18 20:14:19,258] ERROR root: Missing key in response for format string: 'identifier'
[2026-05-18 20:14:19,260] WARNING root: No data for H3F3A; skipping.
[2026-05-18 20:14:20,213] ERROR root: Missing key in response for format string: 'identifier'
[2026-05-18 20:14:20,215] WARNING root: No data for HAMP; skipping.
[2026-05-18 20:14:21,027] ERROR root: Missing key in response for format string: 'identifier'
[2026-05-18 20:14:21,028] WARNING root: No data for HAPLN2; skipping.
[2026-05-18 20:14:21,930] ERROR root: Missing key in response for format string: 'identifier'
[2026-05-18 20:14:21,931] WARNING root: No data for HARS; skipping.
[2026-05-18 20:14:22,685] ERROR root: Missing key in response for format string: 'identifier'
[2026-05-18 20:14:22,686] WARNING root: No data for HARS2; skipping.
[2026-05-18 20:14:23,429] ERROR root: Missing key in response for format string: 'identifier'
[2026-05-18 20:14:23,430] WARNING root: No data for HAUS1; skipping.
[2026-05-18 20:14:24,183] ERROR root: Missing key in response for format string: 'identifier'
[2026-05-18 20:14:24,184] WARNING root: No data for HAUS3; skipping.
[2026-05-18 20:14:24,975] ERROR root: Missing key in response for format string: 'identifier'
[2026-05-18 20:14:24,976] WARNING root: No data for HAUS4; skipping.
[2026-05-18 20:14:25,830] ERROR root: Missing key in response for format string: 'identifier'
[2026-05-18 20:14:25,831] WARNING root: No data for HAUS5; skipping.
[2026-05-18 20:14:26,578] ERROR root: Missing key in response for format string: 'identifier'
[2026-05-18 20:14:26,579] WARNING root: No data for HAUS6; skipping.
[2026-05-18 20:14:27,335] ERROR root: Missing key in response for format string: 'identifier'
[2026-05-18 20:14:27,337] WARNING root: No data for HAUS7; skipping.
[2026-05-18 20:14:28,082] ERROR root: Missing key in response for format string: 'identifier'
[2026-05-18 20:14:28,083] WARNING root: No data for HAUS8; skipping.
[2026-05-18 20:14:28,839] ERROR root: Missing key in response for format string: 'identifier'
[2026-05-18 20:14:28,841] WARNING root: No data for HBS1L; skipping.
[2026-05-18 20:14:29,599] ERROR root: Missing key in response for format string: 'identifier'
[2026-05-18 20:14:29,600] WARNING root: No data for HCFC1; skipping.
[2026-05-18 20:14:30,541] ERROR root: Missing key in response for format string: 'identifier'
[2026-05-18 20:14:30,542] WARNING root: No data for HCRTR1; skipping.
[2026-05-18 20:14:31,779] ERROR root: Missing key in response for format string: 'identifier'
[2026-05-18 20:14:31,780] WARNING root: No data for HDAC3; skipping.
[2026-05-18 20:14:32,535] ERROR root: Missing key in response for format string: 'identifier'
[2026-05-18 20:14:32,537] WARNING root: No data for HDAC7; skipping.
[2026-05-18 20:14:33,288] ERROR root: Missing key in response for format string: 'identifier'
[2026-05-18 20:14:33,289] WARNING root: No data for HEATR1; skipping.
[2026-05-18 20:14:34,046] ERROR root: Missing key in response for format string: 'identifier'
[2026-05-18 20:14:34,047] WARNING root: No data for HECTD1; skipping.
[2026-05-18 20:14:34,813] ERROR root: Missing key in response for format string: 'identifier'
[2026-05-18 20:14:34,814] WARNING root: No data for HERC1; skipping.
[2026-05-18 20:14:35,572] ERROR root: Missing key in response for format string: 'identifier'
[2026-05-18 20:14:35,573] WARNING root: No data for HEXIM1; skipping.
[2026-05-18 20:14:36,333] ERROR root: Missing key in response for format string: 'identifier'
[2026-05-18 20:14:36,334] WARNING root: No data for HGS; skipping.
[2026-05-18 20:14:37,329] ERROR root: Missing key in response for format string: 'identifier'
[2026-05-18 20:14:37,330] WARNING root: No data for HHEX; skipping.
[2026-05-18 20:14:38,090] ERROR root: Missing key in response for format string: 'identifier'
[2026-05-18 20:14:38,091] WARNING root: No data for HINFP; skipping.
[2026-05-18 20:14:38,873] ERROR root: Missing key in response for format string: 'identifier'
[2026-05-18 20:14:38,874] WARNING root: No data for HIPK1; skipping.
[2026-05-18 20:14:39,885] ERROR root: Missing key in response for format string: 'identifier'
[2026-05-18 20:14:39,886] WARNING root: No data for HIRA; skipping.
[2026-05-18 20:14:41,093] ERROR root: Missing key in response for format string: 'identifier'
[2026-05-18 20:14:41,094] WARNING root: No data for HIST1H2AB; skipping.
[2026-05-18 20:14:41,846] ERROR root: Missing key in response for format string: 'identifier'
[2026-05-18 20:14:41,847] WARNING root: No data for HIST1H2AE; skipping.
[2026-05-18 20:14:42,595] ERROR root: Missing key in response for format string: 'identifier'
[2026-05-18 20:14:42,596] WARNING root: No data for HIST1H2AI; skipping.
[2026-05-18 20:14:43,346] ERROR root: Missing key in response for format string: 'identifier'
[2026-05-18 20:14:43,347] WARNING root: No data for HIST1H2BB; skipping.
[2026-05-18 20:14:44,112] ERROR root: Missing key in response for format string: 'identifier'
[2026-05-18 20:14:44,113] WARNING root: No data for HIST1H2BC; skipping.
[2026-05-18 20:14:45,274] ERROR root: Missing key in response for format string: 'identifier'
[2026-05-18 20:14:45,275] WARNING root: No data for HIST1H2BE; skipping.
[2026-05-18 20:14:46,024] ERROR root: Missing key in response for format string: 'identifier'
[2026-05-18 20:14:46,025] WARNING root: No data for HIST1H2BJ; skipping.
[2026-05-18 20:14:46,770] ERROR root: Missing key in response for format string: 'identifier'
[2026-05-18 20:14:46,771] WARNING root: No data for HIST1H2BL; skipping.
[2026-05-18 20:14:47,514] ERROR root: Missing key in response for format string: 'identifier'
[2026-05-18 20:14:47,515] WARNING root: No data for HIST1H2BM; skipping.
[2026-05-18 20:14:48,270] ERROR root: Missing key in response for format string: 'identifier'
[2026-05-18 20:14:48,271] WARNING root: No data for HIST1H2BN; skipping.
[2026-05-18 20:14:49,050] ERROR root: Missing key in response for format string: 'identifier'
[2026-05-18 20:14:49,052] WARNING root: No data for HIST2H2AA3; skipping.
[2026-05-18 20:14:49,803] ERROR root: Missing key in response for format string: 'identifier'
[2026-05-18 20:14:49,805] WARNING root: No data for HIST2H2AC; skipping.
[2026-05-18 20:14:50,568] ERROR root: Missing key in response for format string: 'identifier'
[2026-05-18 20:14:50,569] WARNING root: No data for HIST2H2BE; skipping.
[2026-05-18 20:14:51,310] ERROR root: Missing key in response for format string: 'identifier'
[2026-05-18 20:14:51,311] WARNING root: No data for HIST2H2BF; skipping.
[2026-05-18 20:14:52,067] ERROR root: Missing key in response for format string: 'identifier'
[2026-05-18 20:14:52,068] WARNING root: No data for HIST2H3A; skipping.
[2026-05-18 20:14:52,816] ERROR root: Missing key in response for format string: 'identifier'
[2026-05-18 20:14:52,817] WARNING root: No data for HIST2H3D; skipping.
[2026-05-18 20:14:53,576] ERROR root: Missing key in response for format string: 'identifier'
[2026-05-18 20:14:53,577] WARNING root: No data for HJURP; skipping.
[2026-05-18 20:14:54,962] ERROR root: Missing key in response for format string: 'identifier'
[2026-05-18 20:14:54,963] WARNING root: No data for HLA-C; skipping.
[2026-05-18 20:14:55,739] ERROR root: Missing key in response for format string: 'identifier'
[2026-05-18 20:14:55,740] WARNING root: No data for HMBOX1; skipping.
[2026-05-18 20:14:56,688] ERROR root: Missing key in response for format string: 'identifier'
[2026-05-18 20:14:56,689] WARNING root: No data for HMGA1; skipping.
[2026-05-18 20:14:57,899] ERROR root: Missing key in response for format string: 'identifier'
[2026-05-18 20:14:57,900] WARNING root: No data for HMGB1; skipping.
[2026-05-18 20:14:58,665] ERROR root: Missing key in response for format string: 'identifier'
[2026-05-18 20:14:58,666] WARNING root: No data for HMGB3; skipping.
[2026-05-18 20:14:59,997] ERROR root: Missing key in response for format string: 'identifier'
[2026-05-18 20:14:59,998] WARNING root: No data for HMGCR; skipping.
[2026-05-18 20:15:00,759] ERROR root: Missing key in response for format string: 'identifier'
[2026-05-18 20:15:00,760] WARNING root: No data for HMGCS1; skipping.
[2026-05-18 20:15:01,520] ERROR root: Missing key in response for format string: 'identifier'
[2026-05-18 20:15:01,521] WARNING root: No data for HMGN2; skipping.
[2026-05-18 20:15:02,279] ERROR root: Missing key in response for format string: 'identifier'
[2026-05-18 20:15:02,281] WARNING root: No data for HMX3; skipping.
[2026-05-18 20:15:03,305] ERROR root: Missing key in response for format string: 'identifier'
[2026-05-18 20:15:03,307] WARNING root: No data for HNRNPA1; skipping.
[2026-05-18 20:15:04,241] ERROR root: Missing key in response for format string: 'identifier'
[2026-05-18 20:15:04,242] WARNING root: No data for HNRNPC; skipping.
[2026-05-18 20:15:04,994] ERROR root: Missing key in response for format string: 'identifier'
[2026-05-18 20:15:04,995] WARNING root: No data for HNRNPDL; skipping.
[2026-05-18 20:15:05,989] ERROR root: Missing key in response for format string: 'identifier'
[2026-05-18 20:15:05,991] WARNING root: No data for HNRNPH1; skipping.
[2026-05-18 20:15:07,406] ERROR root: Missing key in response for format string: 'identifier'
[2026-05-18 20:15:07,407] WARNING root: No data for HNRNPK; skipping.
[2026-05-18 20:15:08,160] ERROR root: Missing key in response for format string: 'identifier'
[2026-05-18 20:15:08,161] WARNING root: No data for HNRNPL; skipping.
[2026-05-18 20:15:08,910] ERROR root: Missing key in response for format string: 'identifier'
[2026-05-18 20:15:08,912] WARNING root: No data for HNRNPM; skipping.
[2026-05-18 20:15:09,664] ERROR root: Missing key in response for format string: 'identifier'
[2026-05-18 20:15:09,665] WARNING root: No data for HNRNPR; skipping.
[2026-05-18 20:15:10,863] ERROR root: Missing key in response for format string: 'identifier'
[2026-05-18 20:15:10,864] WARNING root: No data for HNRNPU; skipping.
[2026-05-18 20:15:11,631] ERROR root: Missing key in response for format string: 'identifier'
[2026-05-18 20:15:11,633] WARNING root: No data for HOXA3; skipping.
[2026-05-18 20:15:12,412] ERROR root: Missing key in response for format string: 'identifier'
[2026-05-18 20:15:12,413] WARNING root: No data for HOXC10; skipping.
[2026-05-18 20:15:13,171] ERROR root: Missing key in response for format string: 'identifier'
[2026-05-18 20:15:13,172] WARNING root: No data for HPS5; skipping.
[2026-05-18 20:15:14,365] ERROR root: Missing key in response for format string: 'identifier'
[2026-05-18 20:15:14,366] WARNING root: No data for HS6ST1; skipping.
[2026-05-18 20:15:15,125] ERROR root: Missing key in response for format string: 'identifier'
[2026-05-18 20:15:15,127] WARNING root: No data for HSCB; skipping.
[2026-05-18 20:15:15,884] ERROR root: Missing key in response for format string: 'identifier'
[2026-05-18 20:15:15,885] WARNING root: No data for HSD17B10; skipping.
[2026-05-18 20:15:16,665] ERROR root: Missing key in response for format string: 'identifier'
[2026-05-18 20:15:16,666] WARNING root: No data for HSD17B12; skipping.
[2026-05-18 20:15:17,840] ERROR root: Missing key in response for format string: 'identifier'
[2026-05-18 20:15:17,841] WARNING root: No data for HSF1; skipping.
[2026-05-18 20:15:18,786] ERROR root: Missing key in response for format string: 'identifier'
[2026-05-18 20:15:18,787] WARNING root: No data for HSP90B1; skipping.
[2026-05-18 20:15:19,554] ERROR root: Missing key in response for format string: 'identifier'
[2026-05-18 20:15:19,555] WARNING root: No data for HSPA14; skipping.
[2026-05-18 20:15:20,684] ERROR root: Missing key in response for format string: 'identifier'
[2026-05-18 20:15:20,685] WARNING root: No data for HSPA5; skipping.
[2026-05-18 20:15:21,818] ERROR root: Missing key in response for format string: 'identifier'
[2026-05-18 20:15:21,819] WARNING root: No data for HSPA8; skipping.
[2026-05-18 20:15:22,766] ERROR root: Missing key in response for format string: 'identifier'
[2026-05-18 20:15:22,768] WARNING root: No data for HSPA9; skipping.
[2026-05-18 20:15:23,739] ERROR root: Missing key in response for format string: 'identifier'
[2026-05-18 20:15:23,740] WARNING root: No data for HSPD1; skipping.
[2026-05-18 20:15:24,500] ERROR root: Missing key in response for format string: 'identifier'
[2026-05-18 20:15:24,501] WARNING root: No data for HSPE1; skipping.
[2026-05-18 20:15:25,263] ERROR root: Missing key in response for format string: 'identifier'
[2026-05-18 20:15:25,264] WARNING root: No data for HSPH1; skipping.
[2026-05-18 20:15:26,020] ERROR root: Missing key in response for format string: 'identifier'
[2026-05-18 20:15:26,021] WARNING root: No data for HTATSF1; skipping.
[2026-05-18 20:15:26,972] ERROR root: Missing key in response for format string: 'identifier'
[2026-05-18 20:15:26,973] WARNING root: No data for HUS1; skipping.
[2026-05-18 20:15:27,920] ERROR root: Missing key in response for format string: 'identifier'
[2026-05-18 20:15:27,922] WARNING root: No data for HUWE1; skipping.
[2026-05-18 20:15:28,714] ERROR root: Missing key in response for format string: 'identifier'
[2026-05-18 20:15:28,715] WARNING root: No data for HYOU1; skipping.
[2026-05-18 20:15:29,473] ERROR root: Missing key in response for format string: 'identifier'
[2026-05-18 20:15:29,474] WARNING root: No data for HYPK; skipping.
[2026-05-18 20:15:30,244] ERROR root: Missing key in response for format string: 'identifier'
[2026-05-18 20:15:30,246] WARNING root: No data for IARS; skipping.
[2026-05-18 20:15:30,998] ERROR root: Missing key in response for format string: 'identifier'
[2026-05-18 20:15:30,999] WARNING root: No data for IARS2; skipping.
[2026-05-18 20:15:31,750] ERROR root: Missing key in response for format string: 'identifier'
[2026-05-18 20:15:31,751] WARNING root: No data for ICE1; skipping.
[2026-05-18 20:15:32,690] ERROR root: Missing key in response for format string: 'identifier'
[2026-05-18 20:15:32,692] WARNING root: No data for IFITM2; skipping.
[2026-05-18 20:15:33,630] ERROR root: Missing key in response for format string: 'identifier'
[2026-05-18 20:15:33,631] WARNING root: No data for IFITM3; skipping.
[2026-05-18 20:15:34,392] ERROR root: Missing key in response for format string: 'identifier'
[2026-05-18 20:15:34,394] WARNING root: No data for IGBP1; skipping.
[2026-05-18 20:15:35,344] ERROR root: Missing key in response for format string: 'identifier'
[2026-05-18 20:15:35,346] WARNING root: No data for IK; skipping.
[2026-05-18 20:15:36,279] ERROR root: Missing key in response for format string: 'identifier'
[2026-05-18 20:15:36,281] WARNING root: No data for ILF2; skipping.
[2026-05-18 20:15:37,228] ERROR root: Missing key in response for format string: 'identifier'
[2026-05-18 20:15:37,229] WARNING root: No data for ILF3; skipping.
[2026-05-18 20:15:38,189] ERROR root: Missing key in response for format string: 'identifier'
[2026-05-18 20:15:38,190] WARNING root: No data for IMP3; skipping.
[2026-05-18 20:15:39,136] ERROR root: Missing key in response for format string: 'identifier'
[2026-05-18 20:15:39,138] WARNING root: No data for IMP4; skipping.
[2026-05-18 20:15:39,929] ERROR root: Missing key in response for format string: 'identifier'
[2026-05-18 20:15:39,930] WARNING root: No data for IMPA2; skipping.
[2026-05-18 20:15:40,687] ERROR root: Missing key in response for format string: 'identifier'
[2026-05-18 20:15:40,688] WARNING root: No data for IMPDH2; skipping.
[2026-05-18 20:15:41,439] ERROR root: Missing key in response for format string: 'identifier'
[2026-05-18 20:15:41,441] WARNING root: No data for INCENP; skipping.
[2026-05-18 20:15:42,199] ERROR root: Missing key in response for format string: 'identifier'
[2026-05-18 20:15:42,200] WARNING root: No data for INF2; skipping.
[2026-05-18 20:15:42,956] ERROR root: Missing key in response for format string: 'identifier'
[2026-05-18 20:15:42,958] WARNING root: No data for ING3; skipping.
[2026-05-18 20:15:43,906] ERROR root: Missing key in response for format string: 'identifier'
[2026-05-18 20:15:43,907] WARNING root: No data for INO80; skipping.
[2026-05-18 20:15:44,656] ERROR root: Missing key in response for format string: 'identifier'
[2026-05-18 20:15:44,657] WARNING root: No data for INO80B; skipping.
[2026-05-18 20:15:45,398] ERROR root: Missing key in response for format string: 'identifier'
[2026-05-18 20:15:45,399] WARNING root: No data for INO80C; skipping.
[2026-05-18 20:15:46,160] ERROR root: Missing key in response for format string: 'identifier'
[2026-05-18 20:15:46,161] WARNING root: No data for INO80D; skipping.
[2026-05-18 20:15:46,914] ERROR root: Missing key in response for format string: 'identifier'
[2026-05-18 20:15:46,915] WARNING root: No data for INO80E; skipping.
[2026-05-18 20:15:47,842] ERROR root: Missing key in response for format string: 'identifier'
[2026-05-18 20:15:47,843] WARNING root: No data for INPPL1; skipping.
[2026-05-18 20:15:48,601] ERROR root: Missing key in response for format string: 'identifier'
[2026-05-18 20:15:48,602] WARNING root: No data for INTS1; skipping.
[2026-05-18 20:15:49,356] ERROR root: Missing key in response for format string: 'identifier'
[2026-05-18 20:15:49,357] WARNING root: No data for INTS10; skipping.
[2026-05-18 20:15:50,115] ERROR root: Missing key in response for format string: 'identifier'
[2026-05-18 20:15:50,116] WARNING root: No data for INTS11; skipping.
[2026-05-18 20:15:50,876] ERROR root: Missing key in response for format string: 'identifier'
[2026-05-18 20:15:50,877] WARNING root: No data for INTS12; skipping.
[2026-05-18 20:15:51,626] ERROR root: Missing key in response for format string: 'identifier'
[2026-05-18 20:15:51,627] WARNING root: No data for INTS13; skipping.
[2026-05-18 20:15:52,454] ERROR root: Missing key in response for format string: 'identifier'
[2026-05-18 20:15:52,456] WARNING root: No data for INTS14; skipping.
[2026-05-18 20:15:53,207] ERROR root: Missing key in response for format string: 'identifier'
[2026-05-18 20:15:53,208] WARNING root: No data for INTS2; skipping.
[2026-05-18 20:15:53,969] ERROR root: Missing key in response for format string: 'identifier'
[2026-05-18 20:15:53,970] WARNING root: No data for INTS3; skipping.
[2026-05-18 20:15:54,721] ERROR root: Missing key in response for format string: 'identifier'
[2026-05-18 20:15:54,722] WARNING root: No data for INTS4; skipping.
[2026-05-18 20:15:55,473] ERROR root: Missing key in response for format string: 'identifier'
[2026-05-18 20:15:55,474] WARNING root: No data for INTS5; skipping.
[2026-05-18 20:15:56,224] ERROR root: Missing key in response for format string: 'identifier'
[2026-05-18 20:15:56,225] WARNING root: No data for INTS6; skipping.
[2026-05-18 20:15:56,976] ERROR root: Missing key in response for format string: 'identifier'
[2026-05-18 20:15:56,977] WARNING root: No data for INTS7; skipping.
[2026-05-18 20:15:57,728] ERROR root: Missing key in response for format string: 'identifier'
[2026-05-18 20:15:57,729] WARNING root: No data for INTS8; skipping.
[2026-05-18 20:15:58,490] ERROR root: Missing key in response for format string: 'identifier'
[2026-05-18 20:15:58,491] WARNING root: No data for INTS9; skipping.
[2026-05-18 20:15:59,249] ERROR root: Missing key in response for format string: 'identifier'
[2026-05-18 20:15:59,250] WARNING root: No data for IPO11; skipping.
[2026-05-18 20:16:00,004] ERROR root: Missing key in response for format string: 'identifier'
[2026-05-18 20:16:00,005] WARNING root: No data for IPO13; skipping.
[2026-05-18 20:16:00,767] ERROR root: Missing key in response for format string: 'identifier'
[2026-05-18 20:16:00,768] WARNING root: No data for IPO7; skipping.
[2026-05-18 20:16:01,524] ERROR root: Missing key in response for format string: 'identifier'
[2026-05-18 20:16:01,525] WARNING root: No data for IPO9; skipping.
[2026-05-18 20:16:02,464] ERROR root: Missing key in response for format string: 'identifier'
[2026-05-18 20:16:02,465] WARNING root: No data for IRF2BP2; skipping.
[2026-05-18 20:16:03,214] ERROR root: Missing key in response for format string: 'identifier'
[2026-05-18 20:16:03,216] WARNING root: No data for ISCA2; skipping.
[2026-05-18 20:16:03,970] ERROR root: Missing key in response for format string: 'identifier'
[2026-05-18 20:16:03,971] WARNING root: No data for ISCU; skipping.
[2026-05-18 20:16:04,728] ERROR root: Missing key in response for format string: 'identifier'
[2026-05-18 20:16:04,730] WARNING root: No data for ISG20L2; skipping.
[2026-05-18 20:16:05,493] ERROR root: Missing key in response for format string: 'identifier'
[2026-05-18 20:16:05,494] WARNING root: No data for IST1; skipping.
[2026-05-18 20:16:06,266] ERROR root: Missing key in response for format string: 'identifier'
[2026-05-18 20:16:06,268] WARNING root: No data for ISY1; skipping.
[2026-05-18 20:16:07,026] ERROR root: Missing key in response for format string: 'identifier'
[2026-05-18 20:16:07,027] WARNING root: No data for ITGB1BP1; skipping.
[2026-05-18 20:16:07,780] ERROR root: Missing key in response for format string: 'identifier'
[2026-05-18 20:16:07,782] WARNING root: No data for IWS1; skipping.
[2026-05-18 20:16:08,739] ERROR root: Missing key in response for format string: 'identifier'
[2026-05-18 20:16:08,740] WARNING root: No data for JAZF1; skipping.
[2026-05-18 20:16:09,492] ERROR root: Missing key in response for format string: 'identifier'
[2026-05-18 20:16:09,493] WARNING root: No data for JMJD6; skipping.
[2026-05-18 20:16:10,260] ERROR root: Missing key in response for format string: 'identifier'
[2026-05-18 20:16:10,261] WARNING root: No data for KANSL1; skipping.
[2026-05-18 20:16:11,021] ERROR root: Missing key in response for format string: 'identifier'
[2026-05-18 20:16:11,022] WARNING root: No data for KANSL2; skipping.
[2026-05-18 20:16:11,780] ERROR root: Missing key in response for format string: 'identifier'
[2026-05-18 20:16:11,782] WARNING root: No data for KANSL3; skipping.
[2026-05-18 20:16:12,561] ERROR root: Missing key in response for format string: 'identifier'
[2026-05-18 20:16:12,562] WARNING root: No data for KARS; skipping.
[2026-05-18 20:16:13,525] ERROR root: Missing key in response for format string: 'identifier'
[2026-05-18 20:16:13,526] WARNING root: No data for KAT5; skipping.
[2026-05-18 20:16:14,288] ERROR root: Missing key in response for format string: 'identifier'
[2026-05-18 20:16:14,290] WARNING root: No data for KAT7; skipping.
[2026-05-18 20:16:15,246] ERROR root: Missing key in response for format string: 'identifier'
[2026-05-18 20:16:15,248] WARNING root: No data for KAT8; skipping.
[2026-05-18 20:16:16,023] ERROR root: Missing key in response for format string: 'identifier'
[2026-05-18 20:16:16,024] WARNING root: No data for KATNB1; skipping.
[2026-05-18 20:16:16,776] ERROR root: Missing key in response for format string: 'identifier'
[2026-05-18 20:16:16,777] WARNING root: No data for KCMF1; skipping.
[2026-05-18 20:16:17,723] ERROR root: Missing key in response for format string: 'identifier'
[2026-05-18 20:16:17,724] WARNING root: No data for KCNA10; skipping.
[2026-05-18 20:16:18,530] ERROR root: Missing key in response for format string: 'identifier'
[2026-05-18 20:16:18,532] WARNING root: No data for KCTD10; skipping.
[2026-05-18 20:16:19,540] ERROR root: Missing key in response for format string: 'identifier'
[2026-05-18 20:16:19,542] WARNING root: No data for KDM1A; skipping.
[2026-05-18 20:16:20,590] ERROR root: Missing key in response for format string: 'identifier'
[2026-05-18 20:16:20,591] WARNING root: No data for KDM2A; skipping.
[2026-05-18 20:16:21,437] ERROR root: Missing key in response for format string: 'identifier'
[2026-05-18 20:16:21,439] WARNING root: No data for KDM5C; skipping.
[2026-05-18 20:16:22,523] ERROR root: Missing key in response for format string: 'identifier'
[2026-05-18 20:16:22,524] WARNING root: No data for KDM6A; skipping.
[2026-05-18 20:16:23,345] ERROR root: Missing key in response for format string: 'identifier'
[2026-05-18 20:16:23,346] WARNING root: No data for KDM8; skipping.
[2026-05-18 20:16:24,493] ERROR root: Missing key in response for format string: 'identifier'
[2026-05-18 20:16:24,495] WARNING root: No data for KEAP1; skipping.
[2026-05-18 20:16:25,270] ERROR root: Missing key in response for format string: 'identifier'
[2026-05-18 20:16:25,272] WARNING root: No data for KIAA0586; skipping.
[2026-05-18 20:16:26,160] ERROR root: Missing key in response for format string: 'identifier'
[2026-05-18 20:16:26,161] WARNING root: No data for KIAA1143; skipping.
[2026-05-18 20:16:27,096] ERROR root: Missing key in response for format string: 'identifier'
[2026-05-18 20:16:27,097] WARNING root: No data for KIF11; skipping.
[2026-05-18 20:16:28,048] ERROR root: Missing key in response for format string: 'identifier'
[2026-05-18 20:16:28,049] WARNING root: No data for KIF14; skipping.
[2026-05-18 20:16:28,896] ERROR root: Missing key in response for format string: 'identifier'
[2026-05-18 20:16:28,897] WARNING root: No data for KIF18A; skipping.
[2026-05-18 20:16:29,656] ERROR root: Missing key in response for format string: 'identifier'
[2026-05-18 20:16:29,658] WARNING root: No data for KIF18B; skipping.
[2026-05-18 20:16:30,413] ERROR root: Missing key in response for format string: 'identifier'
[2026-05-18 20:16:30,414] WARNING root: No data for KIF20A; skipping.
[2026-05-18 20:16:31,171] ERROR root: Missing key in response for format string: 'identifier'
[2026-05-18 20:16:31,173] WARNING root: No data for KIF23; skipping.
[2026-05-18 20:16:31,928] ERROR root: Missing key in response for format string: 'identifier'
[2026-05-18 20:16:31,929] WARNING root: No data for KIF4A; skipping.
[2026-05-18 20:16:32,885] ERROR root: Missing key in response for format string: 'identifier'
[2026-05-18 20:16:32,887] WARNING root: No data for KIN; skipping.
[2026-05-18 20:16:36,447] ERROR root: Missing key in response for format string: 'identifier'
[2026-05-18 20:16:36,448] WARNING root: No data for KLC2; skipping.
[2026-05-18 20:16:37,250] ERROR root: Missing key in response for format string: 'identifier'
[2026-05-18 20:16:37,252] WARNING root: No data for KLF7; skipping.
[2026-05-18 20:16:38,028] ERROR root: Missing key in response for format string: 'identifier'
[2026-05-18 20:16:38,029] WARNING root: No data for KLHL11; skipping.
[2026-05-18 20:16:38,784] ERROR root: Missing key in response for format string: 'identifier'
[2026-05-18 20:16:38,785] WARNING root: No data for KLHL17; skipping.
[2026-05-18 20:16:39,574] ERROR root: Missing key in response for format string: 'identifier'
[2026-05-18 20:16:39,575] WARNING root: No data for KPNA6; skipping.
[2026-05-18 20:16:42,114] ERROR root: Missing key in response for format string: 'identifier'
[2026-05-18 20:16:42,115] WARNING root: No data for KPNB1; skipping.
[2026-05-18 20:16:42,871] ERROR root: Missing key in response for format string: 'identifier'
[2026-05-18 20:16:42,872] WARNING root: No data for KRI1; skipping.
[2026-05-18 20:16:43,784] ERROR root: Missing key in response for format string: 'identifier'
[2026-05-18 20:16:43,786] WARNING root: No data for KRR1; skipping.
[2026-05-18 20:16:44,788] ERROR root: Missing key in response for format string: 'identifier'
[2026-05-18 20:16:44,789] WARNING root: No data for KRT10; skipping.
[2026-05-18 20:16:45,935] ERROR root: Missing key in response for format string: 'identifier'
[2026-05-18 20:16:45,937] WARNING root: No data for KRT17; skipping.
[2026-05-18 20:16:46,913] ERROR root: Missing key in response for format string: 'identifier'
[2026-05-18 20:16:46,915] WARNING root: No data for KRT8; skipping.
[2026-05-18 20:16:47,675] ERROR root: Missing key in response for format string: 'identifier'
[2026-05-18 20:16:47,676] WARNING root: No data for KRTAP4-2; skipping.
[2026-05-18 20:16:48,444] ERROR root: Missing key in response for format string: 'identifier'
[2026-05-18 20:16:48,445] WARNING root: No data for KRTAP4-7; skipping.
[2026-05-18 20:16:49,236] ERROR root: Missing key in response for format string: 'identifier'
[2026-05-18 20:16:49,237] WARNING root: No data for KTI12; skipping.
[2026-05-18 20:16:50,079] ERROR root: Missing key in response for format string: 'identifier'
[2026-05-18 20:16:50,080] WARNING root: No data for KXD1; skipping.
[2026-05-18 20:16:50,840] ERROR root: Missing key in response for format string: 'identifier'
[2026-05-18 20:16:50,841] WARNING root: No data for LAMB1; skipping.
[2026-05-18 20:16:51,614] ERROR root: Missing key in response for format string: 'identifier'
[2026-05-18 20:16:51,615] WARNING root: No data for LAMTOR1; skipping.
[2026-05-18 20:16:52,402] ERROR root: Missing key in response for format string: 'identifier'
[2026-05-18 20:16:52,403] WARNING root: No data for LAMTOR2; skipping.
[2026-05-18 20:16:53,163] ERROR root: Missing key in response for format string: 'identifier'
[2026-05-18 20:16:53,164] WARNING root: No data for LAMTOR3; skipping.
[2026-05-18 20:16:53,917] ERROR root: Missing key in response for format string: 'identifier'
[2026-05-18 20:16:53,918] WARNING root: No data for LAMTOR4; skipping.
[2026-05-18 20:16:54,712] ERROR root: Missing key in response for format string: 'identifier'
[2026-05-18 20:16:54,713] WARNING root: No data for LARS; skipping.
[2026-05-18 20:16:55,570] ERROR root: Missing key in response for format string: 'identifier'
[2026-05-18 20:16:55,571] WARNING root: No data for LARS2; skipping.
[2026-05-18 20:16:56,594] ERROR root: Missing key in response for format string: 'identifier'
[2026-05-18 20:16:56,595] WARNING root: No data for LAS1L; skipping.
[2026-05-18 20:16:57,767] ERROR root: Missing key in response for format string: 'identifier'
[2026-05-18 20:16:57,768] WARNING root: No data for LCE1C; skipping.
[2026-05-18 20:16:58,520] ERROR root: Missing key in response for format string: 'identifier'
[2026-05-18 20:16:58,521] WARNING root: No data for LCE1E; skipping.
[2026-05-18 20:16:59,276] ERROR root: Missing key in response for format string: 'identifier'
[2026-05-18 20:16:59,277] WARNING root: No data for LCN10; skipping.
[2026-05-18 20:17:00,221] ERROR root: Missing key in response for format string: 'identifier'
[2026-05-18 20:17:00,222] WARNING root: No data for LDB1; skipping.
[2026-05-18 20:17:00,985] ERROR root: Missing key in response for format string: 'identifier'
[2026-05-18 20:17:00,987] WARNING root: No data for LENG8; skipping.
[2026-05-18 20:17:01,751] ERROR root: Missing key in response for format string: 'identifier'
[2026-05-18 20:17:01,752] WARNING root: No data for LEO1; skipping.
[2026-05-18 20:17:02,700] ERROR root: Missing key in response for format string: 'identifier'
[2026-05-18 20:17:02,702] WARNING root: No data for LETM1; skipping.
[2026-05-18 20:17:03,613] ERROR root: Missing key in response for format string: 'identifier'
[2026-05-18 20:17:03,614] WARNING root: No data for LIMS1; skipping.
[2026-05-18 20:17:04,375] ERROR root: Missing key in response for format string: 'identifier'
[2026-05-18 20:17:04,376] WARNING root: No data for LIN52; skipping.
[2026-05-18 20:17:05,758] ERROR root: Missing key in response for format string: 'identifier'
[2026-05-18 20:17:05,760] WARNING root: No data for LIN54; skipping.
[2026-05-18 20:17:06,709] ERROR root: Missing key in response for format string: 'identifier'
[2026-05-18 20:17:06,711] WARNING root: No data for LMO2; skipping.
[2026-05-18 20:17:07,461] ERROR root: Missing key in response for format string: 'identifier'
[2026-05-18 20:17:07,462] WARNING root: No data for LONP1; skipping.
[2026-05-18 20:17:08,610] ERROR root: Missing key in response for format string: 'identifier'
[2026-05-18 20:17:08,611] WARNING root: No data for LPA; skipping.
[2026-05-18 20:17:09,639] ERROR root: Missing key in response for format string: 'identifier'
[2026-05-18 20:17:09,640] WARNING root: No data for LPIN1; skipping.
[2026-05-18 20:17:10,785] ERROR root: Missing key in response for format string: 'identifier'
[2026-05-18 20:17:10,786] WARNING root: No data for LRP5; skipping.
[2026-05-18 20:17:11,552] ERROR root: Missing key in response for format string: 'identifier'
[2026-05-18 20:17:11,553] WARNING root: No data for LRPPRC; skipping.
[2026-05-18 20:17:12,309] ERROR root: Missing key in response for format string: 'identifier'
[2026-05-18 20:17:12,310] WARNING root: No data for LRR1; skipping.
[2026-05-18 20:17:13,260] ERROR root: Missing key in response for format string: 'identifier'
[2026-05-18 20:17:13,261] WARNING root: No data for LRRC37A3; skipping.
[2026-05-18 20:17:14,191] ERROR root: Missing key in response for format string: 'identifier'
[2026-05-18 20:17:14,192] WARNING root: No data for LRRC37B; skipping.
[2026-05-18 20:17:14,945] ERROR root: Missing key in response for format string: 'identifier'
[2026-05-18 20:17:14,946] WARNING root: No data for LSG1; skipping.
[2026-05-18 20:17:15,695] ERROR root: Missing key in response for format string: 'identifier'
[2026-05-18 20:17:15,696] WARNING root: No data for LSM10; skipping.
[2026-05-18 20:17:16,465] ERROR root: Missing key in response for format string: 'identifier'
[2026-05-18 20:17:16,466] WARNING root: No data for LSM11; skipping.
[2026-05-18 20:17:17,301] ERROR root: Missing key in response for format string: 'identifier'
[2026-05-18 20:17:17,302] WARNING root: No data for LSM12; skipping.
[2026-05-18 20:17:18,061] ERROR root: Missing key in response for format string: 'identifier'
[2026-05-18 20:17:18,062] WARNING root: No data for LSM2; skipping.
[2026-05-18 20:17:18,830] ERROR root: Missing key in response for format string: 'identifier'
[2026-05-18 20:17:18,831] WARNING root: No data for LSM3; skipping.
[2026-05-18 20:17:19,619] ERROR root: Missing key in response for format string: 'identifier'
[2026-05-18 20:17:19,620] WARNING root: No data for LSM4; skipping.
[2026-05-18 20:17:20,381] ERROR root: Missing key in response for format string: 'identifier'
[2026-05-18 20:17:20,382] WARNING root: No data for LSM5; skipping.
[2026-05-18 20:17:21,138] ERROR root: Missing key in response for format string: 'identifier'
[2026-05-18 20:17:21,139] WARNING root: No data for LSM6; skipping.
[2026-05-18 20:17:21,886] ERROR root: Missing key in response for format string: 'identifier'
[2026-05-18 20:17:21,887] WARNING root: No data for LSM7; skipping.
[2026-05-18 20:17:22,828] ERROR root: Missing key in response for format string: 'identifier'
[2026-05-18 20:17:22,829] WARNING root: No data for LST1; skipping.
[2026-05-18 20:17:23,586] ERROR root: Missing key in response for format string: 'identifier'
[2026-05-18 20:17:23,587] WARNING root: No data for LTB4R2; skipping.
[2026-05-18 20:17:24,705] ERROR root: Missing key in response for format string: 'identifier'
[2026-05-18 20:17:24,707] WARNING root: No data for LTBP3; skipping.
[2026-05-18 20:17:25,464] ERROR root: Missing key in response for format string: 'identifier'
[2026-05-18 20:17:25,466] WARNING root: No data for LTBP4; skipping.
[2026-05-18 20:17:26,252] ERROR root: Missing key in response for format string: 'identifier'
[2026-05-18 20:17:26,253] WARNING root: No data for LTV1; skipping.
[2026-05-18 20:17:27,019] ERROR root: Missing key in response for format string: 'identifier'
[2026-05-18 20:17:27,020] WARNING root: No data for LUC7L3; skipping.
[2026-05-18 20:17:27,773] ERROR root: Missing key in response for format string: 'identifier'
[2026-05-18 20:17:27,774] WARNING root: No data for LURAP1; skipping.
[2026-05-18 20:17:28,535] ERROR root: Missing key in response for format string: 'identifier'
[2026-05-18 20:17:28,536] WARNING root: No data for LYRM4; skipping.
[2026-05-18 20:17:29,306] ERROR root: Missing key in response for format string: 'identifier'
[2026-05-18 20:17:29,307] WARNING root: No data for LZTR1; skipping.
[2026-05-18 20:17:30,265] ERROR root: Missing key in response for format string: 'identifier'
[2026-05-18 20:17:30,266] WARNING root: No data for MAD2L1; skipping.
[2026-05-18 20:17:31,224] ERROR root: Missing key in response for format string: 'identifier'
[2026-05-18 20:17:31,225] WARNING root: No data for MAD2L2; skipping.
[2026-05-18 20:17:31,988] ERROR root: Missing key in response for format string: 'identifier'
[2026-05-18 20:17:31,990] WARNING root: No data for MAGOH; skipping.
[2026-05-18 20:17:32,743] ERROR root: Missing key in response for format string: 'identifier'
[2026-05-18 20:17:32,744] WARNING root: No data for MAK16; skipping.
[2026-05-18 20:17:33,555] ERROR root: Missing key in response for format string: 'identifier'
[2026-05-18 20:17:33,556] WARNING root: No data for MALSU1; skipping.
[2026-05-18 20:17:34,314] ERROR root: Missing key in response for format string: 'identifier'
[2026-05-18 20:17:34,315] WARNING root: No data for MANF; skipping.
[2026-05-18 20:17:35,863] ERROR root: Missing key in response for format string: 'identifier'
[2026-05-18 20:17:35,865] WARNING root: No data for MAP2K7; skipping.
[2026-05-18 20:17:36,813] ERROR root: Missing key in response for format string: 'identifier'
[2026-05-18 20:17:36,815] WARNING root: No data for MARS; skipping.
[2026-05-18 20:17:37,568] ERROR root: Missing key in response for format string: 'identifier'
[2026-05-18 20:17:37,569] WARNING root: No data for MARS2; skipping.
[2026-05-18 20:17:38,907] ERROR root: Missing key in response for format string: 'identifier'
[2026-05-18 20:17:38,909] WARNING root: No data for MASTL; skipping.
[2026-05-18 20:17:39,862] ERROR root: Missing key in response for format string: 'identifier'
[2026-05-18 20:17:39,863] WARNING root: No data for MAT2A; skipping.
[2026-05-18 20:17:40,614] ERROR root: Missing key in response for format string: 'identifier'
[2026-05-18 20:17:40,615] WARNING root: No data for MAU2; skipping.
[2026-05-18 20:17:41,780] ERROR root: Missing key in response for format string: 'identifier'
[2026-05-18 20:17:41,781] WARNING root: No data for MAX; skipping.
[2026-05-18 20:17:42,929] ERROR root: Missing key in response for format string: 'identifier'
[2026-05-18 20:17:42,931] WARNING root: No data for MBD3; skipping.
[2026-05-18 20:17:43,680] ERROR root: Missing key in response for format string: 'identifier'
[2026-05-18 20:17:43,681] WARNING root: No data for MBIP; skipping.
[2026-05-18 20:17:44,632] ERROR root: Missing key in response for format string: 'identifier'
[2026-05-18 20:17:44,633] WARNING root: No data for MBNL1; skipping.
[2026-05-18 20:17:45,993] ERROR root: Missing key in response for format string: 'identifier'
[2026-05-18 20:17:45,995] WARNING root: No data for MBTPS1; skipping.
[2026-05-18 20:17:46,806] ERROR root: Missing key in response for format string: 'identifier'
[2026-05-18 20:17:46,807] WARNING root: No data for MBTPS2; skipping.
[2026-05-18 20:17:47,564] ERROR root: Missing key in response for format string: 'identifier'
[2026-05-18 20:17:47,565] WARNING root: No data for MCEE; skipping.
[2026-05-18 20:17:48,694] ERROR root: Missing key in response for format string: 'identifier'
[2026-05-18 20:17:48,696] WARNING root: No data for MCL1; skipping.
[2026-05-18 20:17:49,636] ERROR root: Missing key in response for format string: 'identifier'
[2026-05-18 20:17:49,638] WARNING root: No data for MCM10; skipping.
[2026-05-18 20:17:50,810] ERROR root: Missing key in response for format string: 'identifier'
[2026-05-18 20:17:50,812] WARNING root: No data for MCM2; skipping.
[2026-05-18 20:17:51,778] ERROR root: Missing key in response for format string: 'identifier'
[2026-05-18 20:17:51,779] WARNING root: No data for MCM3; skipping.
[2026-05-18 20:17:52,735] ERROR root: Missing key in response for format string: 'identifier'
[2026-05-18 20:17:52,736] WARNING root: No data for MCM3AP; skipping.
[2026-05-18 20:17:53,684] ERROR root: Missing key in response for format string: 'identifier'
[2026-05-18 20:17:53,685] WARNING root: No data for MCM4; skipping.
[2026-05-18 20:17:54,624] ERROR root: Missing key in response for format string: 'identifier'
[2026-05-18 20:17:54,625] WARNING root: No data for MCM5; skipping.
[2026-05-18 20:17:55,576] ERROR root: Missing key in response for format string: 'identifier'
[2026-05-18 20:17:55,577] WARNING root: No data for MCM6; skipping.
[2026-05-18 20:17:56,524] ERROR root: Missing key in response for format string: 'identifier'
[2026-05-18 20:17:56,525] WARNING root: No data for MCM7; skipping.
[2026-05-18 20:17:57,272] ERROR root: Missing key in response for format string: 'identifier'
[2026-05-18 20:17:57,273] WARNING root: No data for MCMBP; skipping.
[2026-05-18 20:17:58,043] ERROR root: Missing key in response for format string: 'identifier'
[2026-05-18 20:17:58,044] WARNING root: No data for MCRS1; skipping.
[2026-05-18 20:17:58,809] ERROR root: Missing key in response for format string: 'identifier'
[2026-05-18 20:17:58,811] WARNING root: No data for MDN1; skipping.
[2026-05-18 20:17:59,761] ERROR root: Missing key in response for format string: 'identifier'
[2026-05-18 20:17:59,762] WARNING root: No data for MED1; skipping.
[2026-05-18 20:18:00,514] ERROR root: Missing key in response for format string: 'identifier'
[2026-05-18 20:18:00,515] WARNING root: No data for MED10; skipping.
[2026-05-18 20:18:01,273] ERROR root: Missing key in response for format string: 'identifier'
[2026-05-18 20:18:01,274] WARNING root: No data for MED11; skipping.
[2026-05-18 20:18:02,223] ERROR root: Missing key in response for format string: 'identifier'
[2026-05-18 20:18:02,225] WARNING root: No data for MED12; skipping.
[2026-05-18 20:18:02,991] ERROR root: Missing key in response for format string: 'identifier'
[2026-05-18 20:18:02,992] WARNING root: No data for MED14; skipping.
[2026-05-18 20:18:03,746] ERROR root: Missing key in response for format string: 'identifier'
[2026-05-18 20:18:03,747] WARNING root: No data for MED16; skipping.
[2026-05-18 20:18:04,490] ERROR root: Missing key in response for format string: 'identifier'
[2026-05-18 20:18:04,491] WARNING root: No data for MED17; skipping.
[2026-05-18 20:18:05,243] ERROR root: Missing key in response for format string: 'identifier'
[2026-05-18 20:18:05,244] WARNING root: No data for MED18; skipping.
[2026-05-18 20:18:05,992] ERROR root: Missing key in response for format string: 'identifier'
[2026-05-18 20:18:05,993] WARNING root: No data for MED19; skipping.
[2026-05-18 20:18:06,827] ERROR root: Missing key in response for format string: 'identifier'
[2026-05-18 20:18:06,828] WARNING root: No data for MED20; skipping.
[2026-05-18 20:18:07,646] ERROR root: Missing key in response for format string: 'identifier'
[2026-05-18 20:18:07,647] WARNING root: No data for MED21; skipping.
[2026-05-18 20:18:08,392] ERROR root: Missing key in response for format string: 'identifier'
[2026-05-18 20:18:08,394] WARNING root: No data for MED22; skipping.
[2026-05-18 20:18:09,186] ERROR root: Missing key in response for format string: 'identifier'
[2026-05-18 20:18:09,187] WARNING root: No data for MED24; skipping.
[2026-05-18 20:18:09,944] ERROR root: Missing key in response for format string: 'identifier'
[2026-05-18 20:18:09,945] WARNING root: No data for MED26; skipping.
[2026-05-18 20:18:10,703] ERROR root: Missing key in response for format string: 'identifier'
[2026-05-18 20:18:10,704] WARNING root: No data for MED27; skipping.
[2026-05-18 20:18:11,462] ERROR root: Missing key in response for format string: 'identifier'
[2026-05-18 20:18:11,463] WARNING root: No data for MED28; skipping.
[2026-05-18 20:18:12,205] ERROR root: Missing key in response for format string: 'identifier'
[2026-05-18 20:18:12,206] WARNING root: No data for MED29; skipping.
[2026-05-18 20:18:12,959] ERROR root: Missing key in response for format string: 'identifier'
[2026-05-18 20:18:12,960] WARNING root: No data for MED30; skipping.
[2026-05-18 20:18:13,714] ERROR root: Missing key in response for format string: 'identifier'
[2026-05-18 20:18:13,715] WARNING root: No data for MED31; skipping.
[2026-05-18 20:18:14,462] ERROR root: Missing key in response for format string: 'identifier'
[2026-05-18 20:18:14,464] WARNING root: No data for MED4; skipping.
[2026-05-18 20:18:15,220] ERROR root: Missing key in response for format string: 'identifier'
[2026-05-18 20:18:15,221] WARNING root: No data for MED6; skipping.
[2026-05-18 20:18:15,990] ERROR root: Missing key in response for format string: 'identifier'
[2026-05-18 20:18:15,991] WARNING root: No data for MED7; skipping.
[2026-05-18 20:18:16,746] ERROR root: Missing key in response for format string: 'identifier'
[2026-05-18 20:18:16,747] WARNING root: No data for MED8; skipping.
[2026-05-18 20:18:17,514] ERROR root: Missing key in response for format string: 'identifier'
[2026-05-18 20:18:17,515] WARNING root: No data for MED9; skipping.
[2026-05-18 20:18:18,462] ERROR root: Missing key in response for format string: 'identifier'
[2026-05-18 20:18:18,464] WARNING root: No data for MEF2A; skipping.
[2026-05-18 20:18:19,227] ERROR root: Missing key in response for format string: 'identifier'
[2026-05-18 20:18:19,228] WARNING root: No data for MEIS3; skipping.
[2026-05-18 20:18:19,994] ERROR root: Missing key in response for format string: 'identifier'
[2026-05-18 20:18:19,995] WARNING root: No data for MEMO1; skipping.
[2026-05-18 20:18:20,982] ERROR root: Missing key in response for format string: 'identifier'
[2026-05-18 20:18:20,983] WARNING root: No data for MEN1; skipping.
[2026-05-18 20:18:21,754] ERROR root: Missing key in response for format string: 'identifier'
[2026-05-18 20:18:21,755] WARNING root: No data for MEPCE; skipping.
[2026-05-18 20:18:22,582] ERROR root: Missing key in response for format string: 'identifier'
[2026-05-18 20:18:22,583] WARNING root: No data for METAP1; skipping.
[2026-05-18 20:18:23,376] ERROR root: Missing key in response for format string: 'identifier'
[2026-05-18 20:18:23,377] WARNING root: No data for METAP2; skipping.
[2026-05-18 20:18:24,177] ERROR root: Missing key in response for format string: 'identifier'
[2026-05-18 20:18:24,179] WARNING root: No data for METTL1; skipping.
[2026-05-18 20:18:24,927] ERROR root: Missing key in response for format string: 'identifier'
[2026-05-18 20:18:24,928] WARNING root: No data for METTL14; skipping.
[2026-05-18 20:18:25,985] ERROR root: Missing key in response for format string: 'identifier'
[2026-05-18 20:18:25,986] WARNING root: No data for METTL16; skipping.
[2026-05-18 20:18:26,740] ERROR root: Missing key in response for format string: 'identifier'
[2026-05-18 20:18:26,741] WARNING root: No data for METTL17; skipping.
[2026-05-18 20:18:27,497] ERROR root: Missing key in response for format string: 'identifier'
[2026-05-18 20:18:27,499] WARNING root: No data for METTL21A; skipping.
[2026-05-18 20:18:28,252] ERROR root: Missing key in response for format string: 'identifier'
[2026-05-18 20:18:28,253] WARNING root: No data for METTL23; skipping.
[2026-05-18 20:18:29,193] ERROR root: Missing key in response for format string: 'identifier'
[2026-05-18 20:18:29,194] WARNING root: No data for METTL3; skipping.
[2026-05-18 20:18:29,993] ERROR root: Missing key in response for format string: 'identifier'
[2026-05-18 20:18:29,994] WARNING root: No data for MEX3A; skipping.
[2026-05-18 20:18:30,760] ERROR root: Missing key in response for format string: 'identifier'
[2026-05-18 20:18:30,761] WARNING root: No data for MFAP1; skipping.
[2026-05-18 20:18:31,694] ERROR root: Missing key in response for format string: 'identifier'
[2026-05-18 20:18:31,695] WARNING root: No data for MFN2; skipping.
[2026-05-18 20:18:32,451] ERROR root: Missing key in response for format string: 'identifier'
[2026-05-18 20:18:32,452] WARNING root: No data for MICOS10; skipping.
[2026-05-18 20:18:33,521] ERROR root: Missing key in response for format string: 'identifier'
[2026-05-18 20:18:33,522] WARNING root: No data for MIER1; skipping.
[2026-05-18 20:18:34,574] ERROR root: Missing key in response for format string: 'identifier'
[2026-05-18 20:18:34,576] WARNING root: No data for MIOS; skipping.
[2026-05-18 20:18:35,726] ERROR root: Missing key in response for format string: 'identifier'
[2026-05-18 20:18:35,727] WARNING root: No data for MIPEP; skipping.
[2026-05-18 20:18:36,681] ERROR root: Missing key in response for format string: 'identifier'
[2026-05-18 20:18:36,682] WARNING root: No data for MIS12; skipping.
[2026-05-18 20:18:37,442] ERROR root: Missing key in response for format string: 'identifier'
[2026-05-18 20:18:37,443] WARNING root: No data for MIS18A; skipping.
[2026-05-18 20:18:38,197] ERROR root: Missing key in response for format string: 'identifier'
[2026-05-18 20:18:38,198] WARNING root: No data for MIS18BP1; skipping.
[2026-05-18 20:18:38,955] ERROR root: Missing key in response for format string: 'identifier'
[2026-05-18 20:18:38,956] WARNING root: No data for MKRN1; skipping.
[2026-05-18 20:18:39,753] ERROR root: Missing key in response for format string: 'identifier'
[2026-05-18 20:18:39,754] WARNING root: No data for MLLT6; skipping.
[2026-05-18 20:18:40,567] ERROR root: Missing key in response for format string: 'identifier'
[2026-05-18 20:18:40,568] WARNING root: No data for MLST8; skipping.
[2026-05-18 20:18:41,309] ERROR root: Missing key in response for format string: 'identifier'
[2026-05-18 20:18:41,310] WARNING root: No data for MMGT1; skipping.
[2026-05-18 20:18:42,057] ERROR root: Missing key in response for format string: 'identifier'
[2026-05-18 20:18:42,058] WARNING root: No data for MMP17; skipping.
[2026-05-18 20:18:42,816] ERROR root: Missing key in response for format string: 'identifier'
[2026-05-18 20:18:42,817] WARNING root: No data for MMS19; skipping.
[2026-05-18 20:18:43,576] ERROR root: Missing key in response for format string: 'identifier'
[2026-05-18 20:18:43,577] WARNING root: No data for MMS22L; skipping.
[2026-05-18 20:18:44,914] ERROR root: Missing key in response for format string: 'identifier'
[2026-05-18 20:18:44,915] WARNING root: No data for MNAT1; skipping.
[2026-05-18 20:18:45,669] ERROR root: Missing key in response for format string: 'identifier'
[2026-05-18 20:18:45,670] WARNING root: No data for MOB4; skipping.
[2026-05-18 20:18:46,429] ERROR root: Missing key in response for format string: 'identifier'
[2026-05-18 20:18:46,430] WARNING root: No data for MOCS3; skipping.
[2026-05-18 20:18:47,380] ERROR root: Missing key in response for format string: 'identifier'
[2026-05-18 20:18:47,381] WARNING root: No data for MOG; skipping.
[2026-05-18 20:18:48,324] ERROR root: Missing key in response for format string: 'identifier'
[2026-05-18 20:18:48,325] WARNING root: No data for MOK; skipping.
[2026-05-18 20:18:49,079] ERROR root: Missing key in response for format string: 'identifier'
[2026-05-18 20:18:49,080] WARNING root: No data for MON1A; skipping.
[2026-05-18 20:18:50,077] ERROR root: Missing key in response for format string: 'identifier'
[2026-05-18 20:18:50,082] WARNING root: No data for MPG; skipping.
[2026-05-18 20:18:50,846] ERROR root: Missing key in response for format string: 'identifier'
[2026-05-18 20:18:50,848] WARNING root: No data for MPHOSPH10; skipping.
[2026-05-18 20:18:51,606] ERROR root: Missing key in response for format string: 'identifier'
[2026-05-18 20:18:51,607] WARNING root: No data for MPHOSPH6; skipping.
[2026-05-18 20:18:52,357] ERROR root: Missing key in response for format string: 'identifier'
[2026-05-18 20:18:52,358] WARNING root: No data for MRGBP; skipping.
[2026-05-18 20:18:53,117] ERROR root: Missing key in response for format string: 'identifier'
[2026-05-18 20:18:53,118] WARNING root: No data for MRM1; skipping.
[2026-05-18 20:18:54,291] ERROR root: Missing key in response for format string: 'identifier'
[2026-05-18 20:18:54,292] WARNING root: No data for MRPL1; skipping.
[2026-05-18 20:18:55,132] ERROR root: Missing key in response for format string: 'identifier'
[2026-05-18 20:18:55,133] WARNING root: No data for MRPL10; skipping.
[2026-05-18 20:18:55,896] ERROR root: Missing key in response for format string: 'identifier'
[2026-05-18 20:18:55,897] WARNING root: No data for MRPL11; skipping.
[2026-05-18 20:18:56,714] ERROR root: Missing key in response for format string: 'identifier'
[2026-05-18 20:18:56,715] WARNING root: No data for MRPL13; skipping.
[2026-05-18 20:18:57,466] ERROR root: Missing key in response for format string: 'identifier'
[2026-05-18 20:18:57,467] WARNING root: No data for MRPL14; skipping.
[2026-05-18 20:18:58,220] ERROR root: Missing key in response for format string: 'identifier'
[2026-05-18 20:18:58,221] WARNING root: No data for MRPL15; skipping.
[2026-05-18 20:18:58,979] ERROR root: Missing key in response for format string: 'identifier'
[2026-05-18 20:18:58,980] WARNING root: No data for MRPL16; skipping.
[2026-05-18 20:18:59,735] ERROR root: Missing key in response for format string: 'identifier'
[2026-05-18 20:18:59,736] WARNING root: No data for MRPL17; skipping.
[2026-05-18 20:19:00,506] ERROR root: Missing key in response for format string: 'identifier'
[2026-05-18 20:19:00,508] WARNING root: No data for MRPL18; skipping.
[2026-05-18 20:19:01,261] ERROR root: Missing key in response for format string: 'identifier'
[2026-05-18 20:19:01,262] WARNING root: No data for MRPL19; skipping.
[2026-05-18 20:19:02,020] ERROR root: Missing key in response for format string: 'identifier'
[2026-05-18 20:19:02,022] WARNING root: No data for MRPL2; skipping.
[2026-05-18 20:19:02,801] ERROR root: Missing key in response for format string: 'identifier'
[2026-05-18 20:19:02,802] WARNING root: No data for MRPL20; skipping.
[2026-05-18 20:19:03,558] ERROR root: Missing key in response for format string: 'identifier'
[2026-05-18 20:19:03,559] WARNING root: No data for MRPL21; skipping.
[2026-05-18 20:19:04,326] ERROR root: Missing key in response for format string: 'identifier'
[2026-05-18 20:19:04,328] WARNING root: No data for MRPL22; skipping.
[2026-05-18 20:19:05,086] ERROR root: Missing key in response for format string: 'identifier'
[2026-05-18 20:19:05,087] WARNING root: No data for MRPL23; skipping.
[2026-05-18 20:19:05,840] ERROR root: Missing key in response for format string: 'identifier'
[2026-05-18 20:19:05,841] WARNING root: No data for MRPL24; skipping.
[2026-05-18 20:19:06,599] ERROR root: Missing key in response for format string: 'identifier'
[2026-05-18 20:19:06,600] WARNING root: No data for MRPL27; skipping.
[2026-05-18 20:19:07,359] ERROR root: Missing key in response for format string: 'identifier'
[2026-05-18 20:19:07,360] WARNING root: No data for MRPL28; skipping.
[2026-05-18 20:19:08,109] ERROR root: Missing key in response for format string: 'identifier'
[2026-05-18 20:19:08,110] WARNING root: No data for MRPL3; skipping.
[2026-05-18 20:19:09,614] ERROR root: Missing key in response for format string: 'identifier'
[2026-05-18 20:19:09,615] WARNING root: No data for MRPL32; skipping.
[2026-05-18 20:19:10,373] ERROR root: Missing key in response for format string: 'identifier'
[2026-05-18 20:19:10,374] WARNING root: No data for MRPL33; skipping.
[2026-05-18 20:19:11,127] ERROR root: Missing key in response for format string: 'identifier'
[2026-05-18 20:19:11,129] WARNING root: No data for MRPL34; skipping.
[2026-05-18 20:19:11,883] ERROR root: Missing key in response for format string: 'identifier'
[2026-05-18 20:19:11,884] WARNING root: No data for MRPL35; skipping.
[2026-05-18 20:19:12,640] ERROR root: Missing key in response for format string: 'identifier'
[2026-05-18 20:19:12,641] WARNING root: No data for MRPL36; skipping.
[2026-05-18 20:19:13,390] ERROR root: Missing key in response for format string: 'identifier'
[2026-05-18 20:19:13,391] WARNING root: No data for MRPL37; skipping.
[2026-05-18 20:19:14,140] ERROR root: Missing key in response for format string: 'identifier'
[2026-05-18 20:19:14,141] WARNING root: No data for MRPL38; skipping.
[2026-05-18 20:19:14,888] ERROR root: Missing key in response for format string: 'identifier'
[2026-05-18 20:19:14,889] WARNING root: No data for MRPL39; skipping.
[2026-05-18 20:19:15,650] ERROR root: Missing key in response for format string: 'identifier'
[2026-05-18 20:19:15,651] WARNING root: No data for MRPL4; skipping.
[2026-05-18 20:19:16,405] ERROR root: Missing key in response for format string: 'identifier'
[2026-05-18 20:19:16,406] WARNING root: No data for MRPL41; skipping.
[2026-05-18 20:19:17,153] ERROR root: Missing key in response for format string: 'identifier'
[2026-05-18 20:19:17,155] WARNING root: No data for MRPL42; skipping.
[2026-05-18 20:19:17,912] ERROR root: Missing key in response for format string: 'identifier'
[2026-05-18 20:19:17,913] WARNING root: No data for MRPL43; skipping.
[2026-05-18 20:19:18,663] ERROR root: Missing key in response for format string: 'identifier'
[2026-05-18 20:19:18,664] WARNING root: No data for MRPL44; skipping.
[2026-05-18 20:19:19,420] ERROR root: Missing key in response for format string: 'identifier'
[2026-05-18 20:19:19,422] WARNING root: No data for MRPL45; skipping.
[2026-05-18 20:19:20,168] ERROR root: Missing key in response for format string: 'identifier'
[2026-05-18 20:19:20,169] WARNING root: No data for MRPL46; skipping.
[2026-05-18 20:19:20,928] ERROR root: Missing key in response for format string: 'identifier'
[2026-05-18 20:19:20,929] WARNING root: No data for MRPL49; skipping.
[2026-05-18 20:19:21,686] ERROR root: Missing key in response for format string: 'identifier'
[2026-05-18 20:19:21,687] WARNING root: No data for MRPL50; skipping.
[2026-05-18 20:19:22,443] ERROR root: Missing key in response for format string: 'identifier'
[2026-05-18 20:19:22,444] WARNING root: No data for MRPL51; skipping.
[2026-05-18 20:19:23,193] ERROR root: Missing key in response for format string: 'identifier'
[2026-05-18 20:19:23,194] WARNING root: No data for MRPL53; skipping.
[2026-05-18 20:19:23,942] ERROR root: Missing key in response for format string: 'identifier'
[2026-05-18 20:19:23,943] WARNING root: No data for MRPL54; skipping.
[2026-05-18 20:19:24,699] ERROR root: Missing key in response for format string: 'identifier'
[2026-05-18 20:19:24,700] WARNING root: No data for MRPL55; skipping.
[2026-05-18 20:19:25,457] ERROR root: Missing key in response for format string: 'identifier'
[2026-05-18 20:19:25,458] WARNING root: No data for MRPL9; skipping.
[2026-05-18 20:19:26,212] ERROR root: Missing key in response for format string: 'identifier'
[2026-05-18 20:19:26,213] WARNING root: No data for MRPS10; skipping.
[2026-05-18 20:19:26,963] ERROR root: Missing key in response for format string: 'identifier'
[2026-05-18 20:19:26,964] WARNING root: No data for MRPS11; skipping.
[2026-05-18 20:19:27,751] ERROR root: Missing key in response for format string: 'identifier'
[2026-05-18 20:19:27,752] WARNING root: No data for MRPS12; skipping.
[2026-05-18 20:19:28,508] ERROR root: Missing key in response for format string: 'identifier'
[2026-05-18 20:19:28,509] WARNING root: No data for MRPS14; skipping.
[2026-05-18 20:19:29,256] ERROR root: Missing key in response for format string: 'identifier'
[2026-05-18 20:19:29,257] WARNING root: No data for MRPS16; skipping.
[2026-05-18 20:19:30,754] ERROR root: Missing key in response for format string: 'identifier'
[2026-05-18 20:19:30,755] WARNING root: No data for MRPS17; skipping.
[2026-05-18 20:19:31,516] ERROR root: Missing key in response for format string: 'identifier'
[2026-05-18 20:19:31,517] WARNING root: No data for MRPS18A; skipping.
[2026-05-18 20:19:32,265] ERROR root: Missing key in response for format string: 'identifier'
[2026-05-18 20:19:32,266] WARNING root: No data for MRPS18B; skipping.
[2026-05-18 20:19:33,029] ERROR root: Missing key in response for format string: 'identifier'
[2026-05-18 20:19:33,030] WARNING root: No data for MRPS18C; skipping.
[2026-05-18 20:19:33,789] ERROR root: Missing key in response for format string: 'identifier'
[2026-05-18 20:19:33,790] WARNING root: No data for MRPS2; skipping.
[2026-05-18 20:19:34,555] ERROR root: Missing key in response for format string: 'identifier'
[2026-05-18 20:19:34,556] WARNING root: No data for MRPS21; skipping.
[2026-05-18 20:19:35,314] ERROR root: Missing key in response for format string: 'identifier'
[2026-05-18 20:19:35,315] WARNING root: No data for MRPS22; skipping.
[2026-05-18 20:19:36,069] ERROR root: Missing key in response for format string: 'identifier'
[2026-05-18 20:19:36,070] WARNING root: No data for MRPS23; skipping.
[2026-05-18 20:19:36,819] ERROR root: Missing key in response for format string: 'identifier'
[2026-05-18 20:19:36,820] WARNING root: No data for MRPS24; skipping.
[2026-05-18 20:19:37,657] ERROR root: Missing key in response for format string: 'identifier'
[2026-05-18 20:19:37,658] WARNING root: No data for MRPS25; skipping.
[2026-05-18 20:19:38,413] ERROR root: Missing key in response for format string: 'identifier'
[2026-05-18 20:19:38,414] WARNING root: No data for MRPS26; skipping.
[2026-05-18 20:19:39,168] ERROR root: Missing key in response for format string: 'identifier'
[2026-05-18 20:19:39,170] WARNING root: No data for MRPS27; skipping.
[2026-05-18 20:19:39,923] ERROR root: Missing key in response for format string: 'identifier'
[2026-05-18 20:19:39,924] WARNING root: No data for MRPS28; skipping.
[2026-05-18 20:19:40,677] ERROR root: Missing key in response for format string: 'identifier'
[2026-05-18 20:19:40,678] WARNING root: No data for MRPS30; skipping.
[2026-05-18 20:19:41,433] ERROR root: Missing key in response for format string: 'identifier'
[2026-05-18 20:19:41,435] WARNING root: No data for MRPS31; skipping.
[2026-05-18 20:19:42,197] ERROR root: Missing key in response for format string: 'identifier'
[2026-05-18 20:19:42,199] WARNING root: No data for MRPS33; skipping.
[2026-05-18 20:19:43,179] ERROR root: Missing key in response for format string: 'identifier'
[2026-05-18 20:19:43,180] WARNING root: No data for MRPS34; skipping.
[2026-05-18 20:19:43,944] ERROR root: Missing key in response for format string: 'identifier'
[2026-05-18 20:19:43,945] WARNING root: No data for MRPS35; skipping.
[2026-05-18 20:19:44,697] ERROR root: Missing key in response for format string: 'identifier'
[2026-05-18 20:19:44,698] WARNING root: No data for MRPS5; skipping.
[2026-05-18 20:19:47,471] ERROR root: Missing key in response for format string: 'identifier'
[2026-05-18 20:19:47,472] WARNING root: No data for MRPS6; skipping.
[2026-05-18 20:19:48,221] ERROR root: Missing key in response for format string: 'identifier'
[2026-05-18 20:19:48,222] WARNING root: No data for MRPS7; skipping.
[2026-05-18 20:19:48,977] ERROR root: Missing key in response for format string: 'identifier'
[2026-05-18 20:19:48,978] WARNING root: No data for MRPS9; skipping.
[2026-05-18 20:19:49,721] ERROR root: Missing key in response for format string: 'identifier'
[2026-05-18 20:19:49,722] WARNING root: No data for MRTO4; skipping.
[2026-05-18 20:19:50,671] ERROR root: Missing key in response for format string: 'identifier'
[2026-05-18 20:19:50,672] WARNING root: No data for MSL1; skipping.
[2026-05-18 20:19:51,431] ERROR root: Missing key in response for format string: 'identifier'
[2026-05-18 20:19:51,432] WARNING root: No data for MSRB1; skipping.
[2026-05-18 20:19:52,575] ERROR root: Missing key in response for format string: 'identifier'
[2026-05-18 20:19:52,576] WARNING root: No data for MST1; skipping.
[2026-05-18 20:19:55,430] ERROR root: Missing key in response for format string: 'identifier'
[2026-05-18 20:19:55,431] WARNING root: No data for MSTO1; skipping.
[2026-05-18 20:19:56,178] ERROR root: Missing key in response for format string: 'identifier'
[2026-05-18 20:19:56,179] WARNING root: No data for MT2A; skipping.
[2026-05-18 20:19:56,927] ERROR root: Missing key in response for format string: 'identifier'
[2026-05-18 20:19:56,929] WARNING root: No data for MTBP; skipping.
[2026-05-18 20:19:57,864] ERROR root: Missing key in response for format string: 'identifier'
[2026-05-18 20:19:57,865] WARNING root: No data for MTCP1; skipping.
[2026-05-18 20:19:58,618] ERROR root: Missing key in response for format string: 'identifier'
[2026-05-18 20:19:58,619] WARNING root: No data for MTG2; skipping.
[2026-05-18 20:19:59,374] ERROR root: Missing key in response for format string: 'identifier'
[2026-05-18 20:19:59,375] WARNING root: No data for MTHFD1; skipping.
[2026-05-18 20:20:00,948] ERROR root: Missing key in response for format string: 'identifier'
[2026-05-18 20:20:00,950] WARNING root: No data for MTOR; skipping.
[2026-05-18 20:20:01,697] ERROR root: Missing key in response for format string: 'identifier'
[2026-05-18 20:20:01,698] WARNING root: No data for MTPAP; skipping.
[2026-05-18 20:20:02,485] ERROR root: Missing key in response for format string: 'identifier'
[2026-05-18 20:20:02,486] WARNING root: No data for MTREX; skipping.
[2026-05-18 20:20:03,236] ERROR root: Missing key in response for format string: 'identifier'
[2026-05-18 20:20:03,237] WARNING root: No data for MTRNR2L1; skipping.
[2026-05-18 20:20:03,985] ERROR root: Missing key in response for format string: 'identifier'
[2026-05-18 20:20:03,986] WARNING root: No data for MVD; skipping.
[2026-05-18 20:20:04,733] ERROR root: Missing key in response for format string: 'identifier'
[2026-05-18 20:20:04,734] WARNING root: No data for MVK; skipping.
[2026-05-18 20:20:05,884] ERROR root: Missing key in response for format string: 'identifier'
[2026-05-18 20:20:05,886] WARNING root: No data for MYB; skipping.
[2026-05-18 20:20:06,649] ERROR root: Missing key in response for format string: 'identifier'
[2026-05-18 20:20:06,650] WARNING root: No data for MYBBP1A; skipping.
[2026-05-18 20:20:07,402] ERROR root: Missing key in response for format string: 'identifier'
[2026-05-18 20:20:07,403] WARNING root: No data for MYBL2; skipping.
[2026-05-18 20:20:08,758] ERROR root: Missing key in response for format string: 'identifier'
[2026-05-18 20:20:08,759] WARNING root: No data for MYC; skipping.
[2026-05-18 20:20:09,517] ERROR root: Missing key in response for format string: 'identifier'
[2026-05-18 20:20:09,518] WARNING root: No data for MYCBP; skipping.
[2026-05-18 20:20:10,272] ERROR root: Missing key in response for format string: 'identifier'
[2026-05-18 20:20:10,274] WARNING root: No data for MYO1H; skipping.
[2026-05-18 20:20:11,018] ERROR root: Missing key in response for format string: 'identifier'
[2026-05-18 20:20:11,019] WARNING root: No data for MYSM1; skipping.
[2026-05-18 20:20:11,767] ERROR root: Missing key in response for format string: 'identifier'
[2026-05-18 20:20:11,768] WARNING root: No data for MZF1; skipping.
[2026-05-18 20:20:12,516] ERROR root: Missing key in response for format string: 'identifier'
[2026-05-18 20:20:12,518] WARNING root: No data for MZT1; skipping.
[2026-05-18 20:20:13,273] ERROR root: Missing key in response for format string: 'identifier'
[2026-05-18 20:20:13,274] WARNING root: No data for N6AMT1; skipping.
[2026-05-18 20:20:14,028] ERROR root: Missing key in response for format string: 'identifier'
[2026-05-18 20:20:14,029] WARNING root: No data for NAA10; skipping.
[2026-05-18 20:20:14,784] ERROR root: Missing key in response for format string: 'identifier'
[2026-05-18 20:20:14,785] WARNING root: No data for NAA15; skipping.
[2026-05-18 20:20:15,535] ERROR root: Missing key in response for format string: 'identifier'
[2026-05-18 20:20:15,536] WARNING root: No data for NAA20; skipping.
[2026-05-18 20:20:16,280] ERROR root: Missing key in response for format string: 'identifier'
[2026-05-18 20:20:16,281] WARNING root: No data for NAA25; skipping.
[2026-05-18 20:20:17,035] ERROR root: Missing key in response for format string: 'identifier'
[2026-05-18 20:20:17,036] WARNING root: No data for NAA30; skipping.
[2026-05-18 20:20:17,784] ERROR root: Missing key in response for format string: 'identifier'
[2026-05-18 20:20:17,785] WARNING root: No data for NAA35; skipping.
[2026-05-18 20:20:18,541] ERROR root: Missing key in response for format string: 'identifier'
[2026-05-18 20:20:18,542] WARNING root: No data for NAA38; skipping.
[2026-05-18 20:20:19,301] ERROR root: Missing key in response for format string: 'identifier'
[2026-05-18 20:20:19,302] WARNING root: No data for NAA50; skipping.
[2026-05-18 20:20:20,252] ERROR root: Missing key in response for format string: 'identifier'
[2026-05-18 20:20:20,254] WARNING root: No data for NACA; skipping.
[2026-05-18 20:20:21,501] ERROR root: Missing key in response for format string: 'identifier'
[2026-05-18 20:20:21,502] WARNING root: No data for NAE1; skipping.
[2026-05-18 20:20:22,450] ERROR root: Missing key in response for format string: 'identifier'
[2026-05-18 20:20:22,451] WARNING root: No data for NAF1; skipping.
[2026-05-18 20:20:23,200] ERROR root: Missing key in response for format string: 'identifier'
[2026-05-18 20:20:23,201] WARNING root: No data for NAGLU; skipping.
[2026-05-18 20:20:24,168] ERROR root: Missing key in response for format string: 'identifier'
[2026-05-18 20:20:24,170] WARNING root: No data for NANOG; skipping.
[2026-05-18 20:20:25,132] ERROR root: Missing key in response for format string: 'identifier'
[2026-05-18 20:20:25,133] WARNING root: No data for NAPA; skipping.
[2026-05-18 20:20:25,881] ERROR root: Missing key in response for format string: 'identifier'
[2026-05-18 20:20:25,882] WARNING root: No data for NAPG; skipping.
[2026-05-18 20:20:26,638] ERROR root: Missing key in response for format string: 'identifier'
[2026-05-18 20:20:26,639] WARNING root: No data for NARS; skipping.
[2026-05-18 20:20:27,399] ERROR root: Missing key in response for format string: 'identifier'
[2026-05-18 20:20:27,400] WARNING root: No data for NARS2; skipping.
[2026-05-18 20:20:28,156] ERROR root: Missing key in response for format string: 'identifier'
[2026-05-18 20:20:28,157] WARNING root: No data for NASP; skipping.
[2026-05-18 20:20:28,918] ERROR root: Missing key in response for format string: 'identifier'
[2026-05-18 20:20:28,919] WARNING root: No data for NAT10; skipping.
[2026-05-18 20:20:29,694] ERROR root: Missing key in response for format string: 'identifier'
[2026-05-18 20:20:29,695] WARNING root: No data for NBAS; skipping.
[2026-05-18 20:20:30,442] ERROR root: Missing key in response for format string: 'identifier'
[2026-05-18 20:20:30,443] WARNING root: No data for NBEAL1; skipping.
[2026-05-18 20:20:31,191] ERROR root: Missing key in response for format string: 'identifier'
[2026-05-18 20:20:31,192] WARNING root: No data for NBPF12; skipping.
[2026-05-18 20:20:31,964] ERROR root: Missing key in response for format string: 'identifier'
[2026-05-18 20:20:31,965] WARNING root: No data for NBPF15; skipping.
[2026-05-18 20:20:32,718] ERROR root: Missing key in response for format string: 'identifier'
[2026-05-18 20:20:32,719] WARNING root: No data for NBPF3; skipping.
[2026-05-18 20:20:33,477] ERROR root: Missing key in response for format string: 'identifier'
[2026-05-18 20:20:33,478] WARNING root: No data for NCAPD2; skipping.
[2026-05-18 20:20:34,237] ERROR root: Missing key in response for format string: 'identifier'
[2026-05-18 20:20:34,238] WARNING root: No data for NCAPD3; skipping.
[2026-05-18 20:20:35,016] ERROR root: Missing key in response for format string: 'identifier'
[2026-05-18 20:20:35,017] WARNING root: No data for NCAPG; skipping.
[2026-05-18 20:20:35,777] ERROR root: Missing key in response for format string: 'identifier'
[2026-05-18 20:20:35,778] WARNING root: No data for NCAPG2; skipping.
[2026-05-18 20:20:36,528] ERROR root: Missing key in response for format string: 'identifier'
[2026-05-18 20:20:36,529] WARNING root: No data for NCAPH; skipping.
[2026-05-18 20:20:37,286] ERROR root: Missing key in response for format string: 'identifier'
[2026-05-18 20:20:37,288] WARNING root: No data for NCAPH2; skipping.
[2026-05-18 20:20:38,229] ERROR root: Missing key in response for format string: 'identifier'
[2026-05-18 20:20:38,230] WARNING root: No data for NCBP1; skipping.
[2026-05-18 20:20:39,180] ERROR root: Missing key in response for format string: 'identifier'
[2026-05-18 20:20:39,181] WARNING root: No data for NCBP2; skipping.
[2026-05-18 20:20:39,940] ERROR root: Missing key in response for format string: 'identifier'
[2026-05-18 20:20:39,941] WARNING root: No data for NCKAP1; skipping.
[2026-05-18 20:20:41,092] ERROR root: Missing key in response for format string: 'identifier'
[2026-05-18 20:20:41,094] WARNING root: No data for NCL; skipping.
[2026-05-18 20:20:41,849] ERROR root: Missing key in response for format string: 'identifier'
[2026-05-18 20:20:41,850] WARNING root: No data for NCOA4; skipping.
[2026-05-18 20:20:42,621] ERROR root: Missing key in response for format string: 'identifier'
[2026-05-18 20:20:42,622] WARNING root: No data for NDC1; skipping.
[2026-05-18 20:20:43,573] ERROR root: Missing key in response for format string: 'identifier'
[2026-05-18 20:20:43,574] WARNING root: No data for NDC80; skipping.
[2026-05-18 20:20:44,321] ERROR root: Missing key in response for format string: 'identifier'
[2026-05-18 20:20:44,322] WARNING root: No data for NDOR1; skipping.
[2026-05-18 20:20:45,111] ERROR root: Missing key in response for format string: 'identifier'
[2026-05-18 20:20:45,112] WARNING root: No data for NDUFA11; skipping.
[2026-05-18 20:20:45,867] ERROR root: Missing key in response for format string: 'identifier'
[2026-05-18 20:20:45,868] WARNING root: No data for NDUFA2; skipping.
[2026-05-18 20:20:46,618] ERROR root: Missing key in response for format string: 'identifier'
[2026-05-18 20:20:46,619] WARNING root: No data for NDUFA3; skipping.
[2026-05-18 20:20:47,385] ERROR root: Missing key in response for format string: 'identifier'
[2026-05-18 20:20:47,386] WARNING root: No data for NDUFA4; skipping.
[2026-05-18 20:20:48,142] ERROR root: Missing key in response for format string: 'identifier'
[2026-05-18 20:20:48,143] WARNING root: No data for NDUFA6; skipping.
[2026-05-18 20:20:48,898] ERROR root: Missing key in response for format string: 'identifier'
[2026-05-18 20:20:48,899] WARNING root: No data for NDUFA8; skipping.
[2026-05-18 20:20:49,647] ERROR root: Missing key in response for format string: 'identifier'
[2026-05-18 20:20:49,648] WARNING root: No data for NDUFAB1; skipping.
[2026-05-18 20:20:50,675] ERROR root: Missing key in response for format string: 'identifier'
[2026-05-18 20:20:50,676] WARNING root: No data for NDUFAF3; skipping.
[2026-05-18 20:20:51,425] ERROR root: Missing key in response for format string: 'identifier'
[2026-05-18 20:20:51,426] WARNING root: No data for NDUFAF5; skipping.
[2026-05-18 20:20:52,184] ERROR root: Missing key in response for format string: 'identifier'
[2026-05-18 20:20:52,185] WARNING root: No data for NDUFAF7; skipping.
[2026-05-18 20:20:52,940] ERROR root: Missing key in response for format string: 'identifier'
[2026-05-18 20:20:52,941] WARNING root: No data for NDUFB10; skipping.
[2026-05-18 20:20:55,490] ERROR root: Missing key in response for format string: 'identifier'
[2026-05-18 20:20:55,492] WARNING root: No data for NDUFB3; skipping.
[2026-05-18 20:20:56,310] ERROR root: Missing key in response for format string: 'identifier'
[2026-05-18 20:20:56,311] WARNING root: No data for NDUFB4; skipping.
[2026-05-18 20:20:57,064] ERROR root: Missing key in response for format string: 'identifier'
[2026-05-18 20:20:57,065] WARNING root: No data for NDUFB6; skipping.
[2026-05-18 20:20:57,816] ERROR root: Missing key in response for format string: 'identifier'
[2026-05-18 20:20:57,817] WARNING root: No data for NDUFB7; skipping.
[2026-05-18 20:20:58,574] ERROR root: Missing key in response for format string: 'identifier'
[2026-05-18 20:20:58,575] WARNING root: No data for NDUFB8; skipping.
[2026-05-18 20:20:59,332] ERROR root: Missing key in response for format string: 'identifier'
[2026-05-18 20:20:59,333] WARNING root: No data for NDUFS3; skipping.
[2026-05-18 20:21:00,249] ERROR root: Missing key in response for format string: 'identifier'
[2026-05-18 20:21:00,251] WARNING root: No data for NDUFS5; skipping.
[2026-05-18 20:21:01,005] ERROR root: Missing key in response for format string: 'identifier'
[2026-05-18 20:21:01,006] WARNING root: No data for NDUFV2; skipping.
[2026-05-18 20:21:01,761] ERROR root: Missing key in response for format string: 'identifier'
[2026-05-18 20:21:01,762] WARNING root: No data for NEDD1; skipping.
[2026-05-18 20:21:02,904] ERROR root: Missing key in response for format string: 'identifier'
[2026-05-18 20:21:02,905] WARNING root: No data for NEDD8; skipping.
[2026-05-18 20:21:03,654] ERROR root: Missing key in response for format string: 'identifier'
[2026-05-18 20:21:03,655] WARNING root: No data for NEDD8-MDP1; skipping.
[2026-05-18 20:21:04,410] ERROR root: Missing key in response for format string: 'identifier'
[2026-05-18 20:21:04,411] WARNING root: No data for NELFA; skipping.
[2026-05-18 20:21:05,166] ERROR root: Missing key in response for format string: 'identifier'
[2026-05-18 20:21:05,167] WARNING root: No data for NELFB; skipping.
[2026-05-18 20:21:05,924] ERROR root: Missing key in response for format string: 'identifier'
[2026-05-18 20:21:05,925] WARNING root: No data for NELFCD; skipping.
[2026-05-18 20:21:06,867] ERROR root: Missing key in response for format string: 'identifier'
[2026-05-18 20:21:06,869] WARNING root: No data for NELFE; skipping.
[2026-05-18 20:21:07,620] ERROR root: Missing key in response for format string: 'identifier'
[2026-05-18 20:21:07,621] WARNING root: No data for NEMF; skipping.
[2026-05-18 20:21:08,377] ERROR root: Missing key in response for format string: 'identifier'
[2026-05-18 20:21:08,378] WARNING root: No data for NEPRO; skipping.
[2026-05-18 20:21:09,505] ERROR root: Missing key in response for format string: 'identifier'
[2026-05-18 20:21:09,506] WARNING root: No data for NF1; skipping.
[2026-05-18 20:21:10,388] ERROR root: Missing key in response for format string: 'identifier'
[2026-05-18 20:21:10,389] WARNING root: No data for NFATC2IP; skipping.
[2026-05-18 20:21:11,146] ERROR root: Missing key in response for format string: 'identifier'
[2026-05-18 20:21:11,147] WARNING root: No data for NFKBIE; skipping.
[2026-05-18 20:21:11,903] ERROR root: Missing key in response for format string: 'identifier'
[2026-05-18 20:21:11,904] WARNING root: No data for NFRKB; skipping.
[2026-05-18 20:21:12,670] ERROR root: Missing key in response for format string: 'identifier'
[2026-05-18 20:21:12,671] WARNING root: No data for NFS1; skipping.
[2026-05-18 20:21:13,422] ERROR root: Missing key in response for format string: 'identifier'
[2026-05-18 20:21:13,423] WARNING root: No data for NFYB; skipping.
[2026-05-18 20:21:14,187] ERROR root: Missing key in response for format string: 'identifier'
[2026-05-18 20:21:14,188] WARNING root: No data for NFYC; skipping.
[2026-05-18 20:21:14,943] ERROR root: Missing key in response for format string: 'identifier'
[2026-05-18 20:21:14,944] WARNING root: No data for NHLRC2; skipping.
[2026-05-18 20:21:15,705] ERROR root: Missing key in response for format string: 'identifier'
[2026-05-18 20:21:15,706] WARNING root: No data for NHP2; skipping.
[2026-05-18 20:21:16,540] ERROR root: Missing key in response for format string: 'identifier'
[2026-05-18 20:21:16,541] WARNING root: No data for NIFK; skipping.
[2026-05-18 20:21:17,301] ERROR root: Missing key in response for format string: 'identifier'
[2026-05-18 20:21:17,302] WARNING root: No data for NIP7; skipping.
[2026-05-18 20:21:18,052] ERROR root: Missing key in response for format string: 'identifier'
[2026-05-18 20:21:18,053] WARNING root: No data for NISCH; skipping.
[2026-05-18 20:21:18,825] ERROR root: Missing key in response for format string: 'identifier'
[2026-05-18 20:21:18,826] WARNING root: No data for NKAP; skipping.
[2026-05-18 20:21:19,583] ERROR root: Missing key in response for format string: 'identifier'
[2026-05-18 20:21:19,584] WARNING root: No data for NKAPD1; skipping.
[2026-05-18 20:21:20,370] ERROR root: Missing key in response for format string: 'identifier'
[2026-05-18 20:21:20,371] WARNING root: No data for NKX6-1; skipping.
[2026-05-18 20:21:21,121] ERROR root: Missing key in response for format string: 'identifier'
[2026-05-18 20:21:21,122] WARNING root: No data for NLE1; skipping.
[2026-05-18 20:21:21,882] ERROR root: Missing key in response for format string: 'identifier'
[2026-05-18 20:21:21,883] WARNING root: No data for NMD3; skipping.
[2026-05-18 20:21:22,631] ERROR root: Missing key in response for format string: 'identifier'
[2026-05-18 20:21:22,632] WARNING root: No data for NMT1; skipping.
[2026-05-18 20:21:23,726] ERROR root: Missing key in response for format string: 'identifier'
[2026-05-18 20:21:23,728] WARNING root: No data for NOB1; skipping.
[2026-05-18 20:21:24,479] ERROR root: Missing key in response for format string: 'identifier'
[2026-05-18 20:21:24,480] WARNING root: No data for NOC2L; skipping.
[2026-05-18 20:21:25,391] ERROR root: Missing key in response for format string: 'identifier'
[2026-05-18 20:21:25,393] WARNING root: No data for NOC3L; skipping.
[2026-05-18 20:21:26,149] ERROR root: Missing key in response for format string: 'identifier'
[2026-05-18 20:21:26,150] WARNING root: No data for NOC4L; skipping.
[2026-05-18 20:21:26,904] ERROR root: Missing key in response for format string: 'identifier'
[2026-05-18 20:21:26,905] WARNING root: No data for NOL10; skipping.
[2026-05-18 20:21:27,795] ERROR root: Missing key in response for format string: 'identifier'
[2026-05-18 20:21:27,796] WARNING root: No data for NOL11; skipping.
[2026-05-18 20:21:28,582] ERROR root: Missing key in response for format string: 'identifier'
[2026-05-18 20:21:28,583] WARNING root: No data for NOL12; skipping.
[2026-05-18 20:21:29,342] ERROR root: Missing key in response for format string: 'identifier'
[2026-05-18 20:21:29,343] WARNING root: No data for NOL6; skipping.
[2026-05-18 20:21:30,091] ERROR root: Missing key in response for format string: 'identifier'
[2026-05-18 20:21:30,092] WARNING root: No data for NOL7; skipping.
[2026-05-18 20:21:30,841] ERROR root: Missing key in response for format string: 'identifier'
[2026-05-18 20:21:30,842] WARNING root: No data for NOL8; skipping.
[2026-05-18 20:21:31,596] ERROR root: Missing key in response for format string: 'identifier'
[2026-05-18 20:21:31,597] WARNING root: No data for NOL9; skipping.
[2026-05-18 20:21:32,356] ERROR root: Missing key in response for format string: 'identifier'
[2026-05-18 20:21:32,357] WARNING root: No data for NOLC1; skipping.
[2026-05-18 20:21:33,118] ERROR root: Missing key in response for format string: 'identifier'
[2026-05-18 20:21:33,119] WARNING root: No data for NOM1; skipping.
[2026-05-18 20:21:33,866] ERROR root: Missing key in response for format string: 'identifier'
[2026-05-18 20:21:33,867] WARNING root: No data for NOMO1; skipping.
[2026-05-18 20:21:34,627] ERROR root: Missing key in response for format string: 'identifier'
[2026-05-18 20:21:34,628] WARNING root: No data for NOMO3; skipping.
[2026-05-18 20:21:35,385] ERROR root: Missing key in response for format string: 'identifier'
[2026-05-18 20:21:35,386] WARNING root: No data for NOP10; skipping.
[2026-05-18 20:21:36,145] ERROR root: Missing key in response for format string: 'identifier'
[2026-05-18 20:21:36,146] WARNING root: No data for NOP14; skipping.
[2026-05-18 20:21:36,901] ERROR root: Missing key in response for format string: 'identifier'
[2026-05-18 20:21:36,902] WARNING root: No data for NOP16; skipping.
[2026-05-18 20:21:37,867] ERROR root: Missing key in response for format string: 'identifier'
[2026-05-18 20:21:37,868] WARNING root: No data for NOP2; skipping.
[2026-05-18 20:21:38,653] ERROR root: Missing key in response for format string: 'identifier'
[2026-05-18 20:21:38,654] WARNING root: No data for NOP56; skipping.
[2026-05-18 20:21:39,408] ERROR root: Missing key in response for format string: 'identifier'
[2026-05-18 20:21:39,410] WARNING root: No data for NOP58; skipping.
[2026-05-18 20:21:40,162] ERROR root: Missing key in response for format string: 'identifier'
[2026-05-18 20:21:40,163] WARNING root: No data for NOP9; skipping.
[2026-05-18 20:21:40,913] ERROR root: Missing key in response for format string: 'identifier'
[2026-05-18 20:21:40,914] WARNING root: No data for NOS1AP; skipping.
[2026-05-18 20:21:41,863] ERROR root: Missing key in response for format string: 'identifier'
[2026-05-18 20:21:41,864] WARNING root: No data for NPAT; skipping.
[2026-05-18 20:21:42,802] ERROR root: Missing key in response for format string: 'identifier'
[2026-05-18 20:21:42,803] WARNING root: No data for NPB; skipping.
[2026-05-18 20:21:43,566] ERROR root: Missing key in response for format string: 'identifier'
[2026-05-18 20:21:43,568] WARNING root: No data for NPEPPS; skipping.
[2026-05-18 20:21:44,330] ERROR root: Missing key in response for format string: 'identifier'
[2026-05-18 20:21:44,331] WARNING root: No data for NPLOC4; skipping.
[2026-05-18 20:21:45,672] ERROR root: Missing key in response for format string: 'identifier'
[2026-05-18 20:21:45,673] WARNING root: No data for NPM1; skipping.
[2026-05-18 20:21:46,416] ERROR root: Missing key in response for format string: 'identifier'
[2026-05-18 20:21:46,417] WARNING root: No data for NPM3; skipping.
[2026-05-18 20:21:47,162] ERROR root: Missing key in response for format string: 'identifier'
[2026-05-18 20:21:47,163] WARNING root: No data for NR2C2AP; skipping.
[2026-05-18 20:21:47,914] ERROR root: Missing key in response for format string: 'identifier'
[2026-05-18 20:21:47,915] WARNING root: No data for NRBP1; skipping.
[2026-05-18 20:21:48,671] ERROR root: Missing key in response for format string: 'identifier'
[2026-05-18 20:21:48,672] WARNING root: No data for NRDE2; skipping.
[2026-05-18 20:21:49,625] ERROR root: Missing key in response for format string: 'identifier'
[2026-05-18 20:21:49,627] WARNING root: No data for NRF1; skipping.
[2026-05-18 20:21:50,385] ERROR root: Missing key in response for format string: 'identifier'
[2026-05-18 20:21:50,386] WARNING root: No data for NSA2; skipping.
[2026-05-18 20:21:51,535] ERROR root: Missing key in response for format string: 'identifier'
[2026-05-18 20:21:51,536] WARNING root: No data for NSF; skipping.
[2026-05-18 20:21:52,293] ERROR root: Missing key in response for format string: 'identifier'
[2026-05-18 20:21:52,294] WARNING root: No data for NSL1; skipping.
[2026-05-18 20:21:53,058] ERROR root: Missing key in response for format string: 'identifier'
[2026-05-18 20:21:53,059] WARNING root: No data for NSMCE1; skipping.
[2026-05-18 20:21:54,007] ERROR root: Missing key in response for format string: 'identifier'
[2026-05-18 20:21:54,008] WARNING root: No data for NSMCE2; skipping.
[2026-05-18 20:21:54,764] ERROR root: Missing key in response for format string: 'identifier'
[2026-05-18 20:21:54,766] WARNING root: No data for NSRP1; skipping.
[2026-05-18 20:21:55,522] ERROR root: Missing key in response for format string: 'identifier'
[2026-05-18 20:21:55,523] WARNING root: No data for NSUN4; skipping.
[2026-05-18 20:21:56,280] ERROR root: Missing key in response for format string: 'identifier'
[2026-05-18 20:21:56,281] WARNING root: No data for NUB1; skipping.
[2026-05-18 20:21:57,049] ERROR root: Missing key in response for format string: 'identifier'
[2026-05-18 20:21:57,050] WARNING root: No data for NUBP1; skipping.
[2026-05-18 20:21:57,805] ERROR root: Missing key in response for format string: 'identifier'
[2026-05-18 20:21:57,806] WARNING root: No data for NUBP2; skipping.
[2026-05-18 20:21:58,758] ERROR root: Missing key in response for format string: 'identifier'
[2026-05-18 20:21:58,759] WARNING root: No data for NUDC; skipping.
[2026-05-18 20:21:59,514] ERROR root: Missing key in response for format string: 'identifier'
[2026-05-18 20:21:59,515] WARNING root: No data for NUDCD3; skipping.
[2026-05-18 20:22:00,266] ERROR root: Missing key in response for format string: 'identifier'
[2026-05-18 20:22:00,267] WARNING root: No data for NUDT15; skipping.
[2026-05-18 20:22:01,025] ERROR root: Missing key in response for format string: 'identifier'
[2026-05-18 20:22:01,026] WARNING root: No data for NUDT21; skipping.
[2026-05-18 20:22:01,775] ERROR root: Missing key in response for format string: 'identifier'
[2026-05-18 20:22:01,776] WARNING root: No data for NUF2; skipping.
[2026-05-18 20:22:02,526] ERROR root: Missing key in response for format string: 'identifier'
[2026-05-18 20:22:02,527] WARNING root: No data for NUFIP1; skipping.
[2026-05-18 20:22:03,471] ERROR root: Missing key in response for format string: 'identifier'
[2026-05-18 20:22:03,472] WARNING root: No data for NUMA1; skipping.
[2026-05-18 20:22:04,425] ERROR root: Missing key in response for format string: 'identifier'
[2026-05-18 20:22:04,426] WARNING root: No data for NUP107; skipping.
[2026-05-18 20:22:05,348] ERROR root: Missing key in response for format string: 'identifier'
[2026-05-18 20:22:05,349] WARNING root: No data for NUP133; skipping.
[2026-05-18 20:22:06,314] ERROR root: Missing key in response for format string: 'identifier'
[2026-05-18 20:22:06,315] WARNING root: No data for NUP153; skipping.
[2026-05-18 20:22:07,078] ERROR root: Missing key in response for format string: 'identifier'
[2026-05-18 20:22:07,079] WARNING root: No data for NUP155; skipping.
[2026-05-18 20:22:07,831] ERROR root: Missing key in response for format string: 'identifier'
[2026-05-18 20:22:07,833] WARNING root: No data for NUP160; skipping.
[2026-05-18 20:22:08,652] ERROR root: Missing key in response for format string: 'identifier'
[2026-05-18 20:22:08,654] WARNING root: No data for NUP205; skipping.
[2026-05-18 20:22:09,598] ERROR root: Missing key in response for format string: 'identifier'
[2026-05-18 20:22:09,600] WARNING root: No data for NUP214; skipping.
[2026-05-18 20:22:10,361] ERROR root: Missing key in response for format string: 'identifier'
[2026-05-18 20:22:10,363] WARNING root: No data for NUP35; skipping.
[2026-05-18 20:22:11,114] ERROR root: Missing key in response for format string: 'identifier'
[2026-05-18 20:22:11,116] WARNING root: No data for NUP43; skipping.
[2026-05-18 20:22:11,867] ERROR root: Missing key in response for format string: 'identifier'
[2026-05-18 20:22:11,868] WARNING root: No data for NUP54; skipping.
[2026-05-18 20:22:12,829] ERROR root: Missing key in response for format string: 'identifier'
[2026-05-18 20:22:12,830] WARNING root: No data for NUP62; skipping.
[2026-05-18 20:22:13,586] ERROR root: Missing key in response for format string: 'identifier'
[2026-05-18 20:22:13,587] WARNING root: No data for NUP85; skipping.
[2026-05-18 20:22:14,344] ERROR root: Missing key in response for format string: 'identifier'
[2026-05-18 20:22:14,346] WARNING root: No data for NUP88; skipping.
[2026-05-18 20:22:15,095] ERROR root: Missing key in response for format string: 'identifier'
[2026-05-18 20:22:15,096] WARNING root: No data for NUP93; skipping.
[2026-05-18 20:22:16,288] ERROR root: Missing key in response for format string: 'identifier'
[2026-05-18 20:22:16,290] WARNING root: No data for NUP98; skipping.
[2026-05-18 20:22:17,049] ERROR root: Missing key in response for format string: 'identifier'
[2026-05-18 20:22:17,050] WARNING root: No data for NUS1; skipping.
[2026-05-18 20:22:17,800] ERROR root: Missing key in response for format string: 'identifier'
[2026-05-18 20:22:17,801] WARNING root: No data for NUTF2; skipping.
[2026-05-18 20:22:18,562] ERROR root: Missing key in response for format string: 'identifier'
[2026-05-18 20:22:18,563] WARNING root: No data for NVL; skipping.
[2026-05-18 20:22:19,443] ERROR root: Missing key in response for format string: 'identifier'
[2026-05-18 20:22:19,444] WARNING root: No data for NXF1; skipping.
[2026-05-18 20:22:20,272] ERROR root: Missing key in response for format string: 'identifier'
[2026-05-18 20:22:20,273] WARNING root: No data for OGFOD1; skipping.
[2026-05-18 20:22:21,227] ERROR root: Missing key in response for format string: 'identifier'
[2026-05-18 20:22:21,228] WARNING root: No data for OGT; skipping.
[2026-05-18 20:22:21,989] ERROR root: Missing key in response for format string: 'identifier'
[2026-05-18 20:22:21,990] WARNING root: No data for OIP5; skipping.
[2026-05-18 20:22:22,752] ERROR root: Missing key in response for format string: 'identifier'
[2026-05-18 20:22:22,753] WARNING root: No data for OLFML3; skipping.
[2026-05-18 20:22:23,883] ERROR root: Missing key in response for format string: 'identifier'
[2026-05-18 20:22:23,885] WARNING root: No data for OPA1; skipping.
[2026-05-18 20:22:25,740] ERROR root: Missing key in response for format string: 'identifier'
[2026-05-18 20:22:25,741] WARNING root: No data for OR1D2; skipping.
[2026-05-18 20:22:26,497] ERROR root: Missing key in response for format string: 'identifier'
[2026-05-18 20:22:26,498] WARNING root: No data for OR1E2; skipping.
[2026-05-18 20:22:27,249] ERROR root: Missing key in response for format string: 'identifier'
[2026-05-18 20:22:27,250] WARNING root: No data for OR2A1; skipping.
[2026-05-18 20:22:27,998] ERROR root: Missing key in response for format string: 'identifier'
[2026-05-18 20:22:27,999] WARNING root: No data for OR2T29; skipping.
[2026-05-18 20:22:28,749] ERROR root: Missing key in response for format string: 'identifier'
[2026-05-18 20:22:28,751] WARNING root: No data for OR2T5; skipping.
[2026-05-18 20:22:29,509] ERROR root: Missing key in response for format string: 'identifier'
[2026-05-18 20:22:29,510] WARNING root: No data for OR4F4; skipping.
[2026-05-18 20:22:30,258] ERROR root: Missing key in response for format string: 'identifier'
[2026-05-18 20:22:30,259] WARNING root: No data for OR4K1; skipping.
[2026-05-18 20:22:31,010] ERROR root: Missing key in response for format string: 'identifier'
[2026-05-18 20:22:31,011] WARNING root: No data for OR4N2; skipping.
[2026-05-18 20:22:31,764] ERROR root: Missing key in response for format string: 'identifier'
[2026-05-18 20:22:31,766] WARNING root: No data for OR7A10; skipping.
[2026-05-18 20:22:32,521] ERROR root: Missing key in response for format string: 'identifier'
[2026-05-18 20:22:32,522] WARNING root: No data for OR7A17; skipping.
[2026-05-18 20:22:33,672] ERROR root: Missing key in response for format string: 'identifier'
[2026-05-18 20:22:33,673] WARNING root: No data for ORC1; skipping.
[2026-05-18 20:22:34,446] ERROR root: Missing key in response for format string: 'identifier'
[2026-05-18 20:22:34,501] WARNING root: No data for ORC3; skipping.
[2026-05-18 20:22:35,261] ERROR root: Missing key in response for format string: 'identifier'
[2026-05-18 20:22:35,262] WARNING root: No data for ORC4; skipping.
[2026-05-18 20:22:36,012] ERROR root: Missing key in response for format string: 'identifier'
[2026-05-18 20:22:36,013] WARNING root: No data for ORC5; skipping.
[2026-05-18 20:22:36,759] ERROR root: Missing key in response for format string: 'identifier'
[2026-05-18 20:22:36,760] WARNING root: No data for ORC6; skipping.
[2026-05-18 20:22:37,912] ERROR root: Missing key in response for format string: 'identifier'
[2026-05-18 20:22:37,914] WARNING root: No data for OSBP; skipping.
[2026-05-18 20:22:39,076] ERROR root: Missing key in response for format string: 'identifier'
[2026-05-18 20:22:39,077] WARNING root: No data for OSGEP; skipping.
[2026-05-18 20:22:39,834] ERROR root: Missing key in response for format string: 'identifier'
[2026-05-18 20:22:39,836] WARNING root: No data for OSTC; skipping.
[2026-05-18 20:22:40,613] ERROR root: Missing key in response for format string: 'identifier'
[2026-05-18 20:22:40,614] WARNING root: No data for OTOP1; skipping.
[2026-05-18 20:22:41,372] ERROR root: Missing key in response for format string: 'identifier'
[2026-05-18 20:22:41,374] WARNING root: No data for OTX1; skipping.
[2026-05-18 20:22:42,124] ERROR root: Missing key in response for format string: 'identifier'
[2026-05-18 20:22:42,125] WARNING root: No data for OVCA2; skipping.
[2026-05-18 20:22:42,889] ERROR root: Missing key in response for format string: 'identifier'
[2026-05-18 20:22:42,891] WARNING root: No data for OXA1L; skipping.
[2026-05-18 20:22:43,833] ERROR root: Missing key in response for format string: 'identifier'
[2026-05-18 20:22:43,834] WARNING root: No data for PABPC1; skipping.
[2026-05-18 20:22:44,593] ERROR root: Missing key in response for format string: 'identifier'
[2026-05-18 20:22:44,594] WARNING root: No data for PABPC4; skipping.
[2026-05-18 20:22:45,539] ERROR root: Missing key in response for format string: 'identifier'
[2026-05-18 20:22:45,540] WARNING root: No data for PABPN1; skipping.
[2026-05-18 20:22:46,493] ERROR root: Missing key in response for format string: 'identifier'
[2026-05-18 20:22:46,494] WARNING root: No data for PAF1; skipping.
[2026-05-18 20:22:47,433] ERROR root: Missing key in response for format string: 'identifier'
[2026-05-18 20:22:47,434] WARNING root: No data for PAFAH1B1; skipping.
[2026-05-18 20:22:48,184] ERROR root: Missing key in response for format string: 'identifier'
[2026-05-18 20:22:48,185] WARNING root: No data for PAK1IP1; skipping.
[2026-05-18 20:22:49,349] ERROR root: Missing key in response for format string: 'identifier'
[2026-05-18 20:22:49,350] WARNING root: No data for PALB2; skipping.
[2026-05-18 20:22:50,469] ERROR root: Missing key in response for format string: 'identifier'
[2026-05-18 20:22:50,470] WARNING root: No data for PAM16; skipping.
[2026-05-18 20:22:51,420] ERROR root: Missing key in response for format string: 'identifier'
[2026-05-18 20:22:51,422] WARNING root: No data for PARN; skipping.
[2026-05-18 20:22:52,173] ERROR root: Missing key in response for format string: 'identifier'
[2026-05-18 20:22:52,174] WARNING root: No data for PARS2; skipping.
[2026-05-18 20:22:52,931] ERROR root: Missing key in response for format string: 'identifier'
[2026-05-18 20:22:52,932] WARNING root: No data for PAXBP1; skipping.
[2026-05-18 20:22:53,900] ERROR root: Missing key in response for format string: 'identifier'
[2026-05-18 20:22:53,901] WARNING root: No data for PC; skipping.
[2026-05-18 20:22:55,232] ERROR root: Missing key in response for format string: 'identifier'
[2026-05-18 20:22:55,233] WARNING root: No data for PCBP1; skipping.
[2026-05-18 20:22:56,180] ERROR root: Missing key in response for format string: 'identifier'
[2026-05-18 20:22:56,181] WARNING root: No data for PCBP2; skipping.
[2026-05-18 20:22:56,945] ERROR root: Missing key in response for format string: 'identifier'
[2026-05-18 20:22:56,946] WARNING root: No data for PCF11; skipping.
[2026-05-18 20:22:57,698] ERROR root: Missing key in response for format string: 'identifier'
[2026-05-18 20:22:57,699] WARNING root: No data for PCID2; skipping.
[2026-05-18 20:22:58,839] ERROR root: Missing key in response for format string: 'identifier'
[2026-05-18 20:22:58,841] WARNING root: No data for PCM1; skipping.
[2026-05-18 20:22:59,992] ERROR root: Missing key in response for format string: 'identifier'
[2026-05-18 20:22:59,994] WARNING root: No data for PCNA; skipping.
[2026-05-18 20:23:00,755] ERROR root: Missing key in response for format string: 'identifier'
[2026-05-18 20:23:00,756] WARNING root: No data for PCNX3; skipping.
[2026-05-18 20:23:01,512] ERROR root: Missing key in response for format string: 'identifier'
[2026-05-18 20:23:01,513] WARNING root: No data for PDAP1; skipping.
[2026-05-18 20:23:02,260] ERROR root: Missing key in response for format string: 'identifier'
[2026-05-18 20:23:02,261] WARNING root: No data for PDCD11; skipping.
[2026-05-18 20:23:03,024] ERROR root: Missing key in response for format string: 'identifier'
[2026-05-18 20:23:03,025] WARNING root: No data for PDCD2; skipping.
[2026-05-18 20:23:03,783] ERROR root: Missing key in response for format string: 'identifier'
[2026-05-18 20:23:03,784] WARNING root: No data for PDCD5; skipping.
[2026-05-18 20:23:04,739] ERROR root: Missing key in response for format string: 'identifier'
[2026-05-18 20:23:04,740] WARNING root: No data for PDCD6; skipping.
[2026-05-18 20:23:05,688] ERROR root: Missing key in response for format string: 'identifier'
[2026-05-18 20:23:05,690] WARNING root: No data for PDCD6IP; skipping.
[2026-05-18 20:23:06,450] ERROR root: Missing key in response for format string: 'identifier'
[2026-05-18 20:23:06,452] WARNING root: No data for PDCD7; skipping.
[2026-05-18 20:23:07,211] ERROR root: Missing key in response for format string: 'identifier'
[2026-05-18 20:23:07,212] WARNING root: No data for PDHA1; skipping.
[2026-05-18 20:23:08,161] ERROR root: Missing key in response for format string: 'identifier'
[2026-05-18 20:23:08,163] WARNING root: No data for PDPK1; skipping.
[2026-05-18 20:23:08,909] ERROR root: Missing key in response for format string: 'identifier'
[2026-05-18 20:23:08,910] WARNING root: No data for PDRG1; skipping.
[2026-05-18 20:23:09,666] ERROR root: Missing key in response for format string: 'identifier'
[2026-05-18 20:23:09,668] WARNING root: No data for PEF1; skipping.
[2026-05-18 20:23:10,528] ERROR root: Missing key in response for format string: 'identifier'
[2026-05-18 20:23:10,529] WARNING root: No data for PELO; skipping.
[2026-05-18 20:23:11,281] ERROR root: Missing key in response for format string: 'identifier'
[2026-05-18 20:23:11,282] WARNING root: No data for PELP1; skipping.
[2026-05-18 20:23:12,433] ERROR root: Missing key in response for format string: 'identifier'
[2026-05-18 20:23:12,434] WARNING root: No data for PES1; skipping.
[2026-05-18 20:23:13,188] ERROR root: Missing key in response for format string: 'identifier'
[2026-05-18 20:23:13,189] WARNING root: No data for PET117; skipping.
[2026-05-18 20:23:13,958] ERROR root: Missing key in response for format string: 'identifier'
[2026-05-18 20:23:13,959] WARNING root: No data for PEX1; skipping.
[2026-05-18 20:23:14,723] ERROR root: Missing key in response for format string: 'identifier'
[2026-05-18 20:23:14,724] WARNING root: No data for PEX19; skipping.
[2026-05-18 20:23:15,478] ERROR root: Missing key in response for format string: 'identifier'
[2026-05-18 20:23:15,479] WARNING root: No data for PFDN1; skipping.
[2026-05-18 20:23:16,239] ERROR root: Missing key in response for format string: 'identifier'
[2026-05-18 20:23:16,240] WARNING root: No data for PFDN2; skipping.
[2026-05-18 20:23:16,993] ERROR root: Missing key in response for format string: 'identifier'
[2026-05-18 20:23:16,994] WARNING root: No data for PFDN4; skipping.
[2026-05-18 20:23:17,752] ERROR root: Missing key in response for format string: 'identifier'
[2026-05-18 20:23:17,753] WARNING root: No data for PFDN5; skipping.
[2026-05-18 20:23:18,520] ERROR root: Missing key in response for format string: 'identifier'
[2026-05-18 20:23:18,521] WARNING root: No data for PFDN6; skipping.
[2026-05-18 20:23:19,457] ERROR root: Missing key in response for format string: 'identifier'
[2026-05-18 20:23:19,458] WARNING root: No data for PFN1; skipping.
[2026-05-18 20:23:20,218] ERROR root: Missing key in response for format string: 'identifier'
[2026-05-18 20:23:20,219] WARNING root: No data for PGAM1; skipping.
[2026-05-18 20:23:21,013] ERROR root: Missing key in response for format string: 'identifier'
[2026-05-18 20:23:21,014] WARNING root: No data for PGAM5; skipping.
[2026-05-18 20:23:22,122] ERROR root: Missing key in response for format string: 'identifier'
[2026-05-18 20:23:22,123] WARNING root: No data for PGD; skipping.
[2026-05-18 20:23:22,877] ERROR root: Missing key in response for format string: 'identifier'
[2026-05-18 20:23:22,878] WARNING root: No data for PGK1; skipping.
[2026-05-18 20:23:23,628] ERROR root: Missing key in response for format string: 'identifier'
[2026-05-18 20:23:23,629] WARNING root: No data for PGPEP1; skipping.
[2026-05-18 20:23:24,387] ERROR root: Missing key in response for format string: 'identifier'
[2026-05-18 20:23:24,388] WARNING root: No data for PGS1; skipping.
[2026-05-18 20:23:25,140] ERROR root: Missing key in response for format string: 'identifier'
[2026-05-18 20:23:25,141] WARNING root: No data for PHAX; skipping.
[2026-05-18 20:23:26,482] ERROR root: Missing key in response for format string: 'identifier'
[2026-05-18 20:23:26,483] WARNING root: No data for PHB; skipping.
[2026-05-18 20:23:27,241] ERROR root: Missing key in response for format string: 'identifier'
[2026-05-18 20:23:27,242] WARNING root: No data for PHB2; skipping.
[2026-05-18 20:23:27,993] ERROR root: Missing key in response for format string: 'identifier'
[2026-05-18 20:23:27,994] WARNING root: No data for PHF10; skipping.
[2026-05-18 20:23:28,741] ERROR root: Missing key in response for format string: 'identifier'
[2026-05-18 20:23:28,742] WARNING root: No data for PHF12; skipping.
[2026-05-18 20:23:29,557] ERROR root: Missing key in response for format string: 'identifier'
[2026-05-18 20:23:29,558] WARNING root: No data for PHF5A; skipping.
[2026-05-18 20:23:30,507] ERROR root: Missing key in response for format string: 'identifier'
[2026-05-18 20:23:30,509] WARNING root: No data for PI4KA; skipping.
[2026-05-18 20:23:31,270] ERROR root: Missing key in response for format string: 'identifier'
[2026-05-18 20:23:31,271] WARNING root: No data for PIAS1; skipping.
[2026-05-18 20:23:32,021] ERROR root: Missing key in response for format string: 'identifier'
[2026-05-18 20:23:32,023] WARNING root: No data for PIAS4; skipping.
[2026-05-18 20:23:32,783] ERROR root: Missing key in response for format string: 'identifier'
[2026-05-18 20:23:32,784] WARNING root: No data for PIGH; skipping.
[2026-05-18 20:23:33,539] ERROR root: Missing key in response for format string: 'identifier'
[2026-05-18 20:23:33,540] WARNING root: No data for PIK3C3; skipping.
[2026-05-18 20:23:34,305] ERROR root: Missing key in response for format string: 'identifier'
[2026-05-18 20:23:34,307] WARNING root: No data for PIK3R4; skipping.
[2026-05-18 20:23:35,069] ERROR root: Missing key in response for format string: 'identifier'
[2026-05-18 20:23:35,070] WARNING root: No data for PIP4K2C; skipping.
[2026-05-18 20:23:35,833] ERROR root: Missing key in response for format string: 'identifier'
[2026-05-18 20:23:35,834] WARNING root: No data for PITRM1; skipping.
[2026-05-18 20:23:36,786] ERROR root: Missing key in response for format string: 'identifier'
[2026-05-18 20:23:36,787] WARNING root: No data for PKM; skipping.
[2026-05-18 20:23:37,546] ERROR root: Missing key in response for format string: 'identifier'
[2026-05-18 20:23:37,547] WARNING root: No data for PKMYT1; skipping.
[2026-05-18 20:23:38,302] ERROR root: Missing key in response for format string: 'identifier'
[2026-05-18 20:23:38,303] WARNING root: No data for PLA2G10; skipping.
[2026-05-18 20:23:39,062] ERROR root: Missing key in response for format string: 'identifier'
[2026-05-18 20:23:39,063] WARNING root: No data for PLEKHN1; skipping.
[2026-05-18 20:23:40,217] ERROR root: Missing key in response for format string: 'identifier'
[2026-05-18 20:23:40,218] WARNING root: No data for PLK1; skipping.
[2026-05-18 20:23:41,166] ERROR root: Missing key in response for format string: 'identifier'
[2026-05-18 20:23:41,167] WARNING root: No data for PLK4; skipping.
[2026-05-18 20:23:42,362] ERROR root: Missing key in response for format string: 'identifier'
[2026-05-18 20:23:42,363] WARNING root: No data for PLRG1; skipping.
[2026-05-18 20:23:43,302] ERROR root: Missing key in response for format string: 'identifier'
[2026-05-18 20:23:43,304] WARNING root: No data for PMF1; skipping.
[2026-05-18 20:23:44,067] ERROR root: Missing key in response for format string: 'identifier'
[2026-05-18 20:23:44,068] WARNING root: No data for PMPCA; skipping.
[2026-05-18 20:23:44,820] ERROR root: Missing key in response for format string: 'identifier'
[2026-05-18 20:23:44,821] WARNING root: No data for PMPCB; skipping.
[2026-05-18 20:23:45,596] ERROR root: Missing key in response for format string: 'identifier'
[2026-05-18 20:23:45,597] WARNING root: No data for PNISR; skipping.
[2026-05-18 20:23:46,530] ERROR root: Missing key in response for format string: 'identifier'
[2026-05-18 20:23:46,531] WARNING root: No data for PNKP; skipping.
[2026-05-18 20:23:47,469] ERROR root: Missing key in response for format string: 'identifier'
[2026-05-18 20:23:47,470] WARNING root: No data for PNN; skipping.
[2026-05-18 20:23:48,222] ERROR root: Missing key in response for format string: 'identifier'
[2026-05-18 20:23:48,223] WARNING root: No data for PNO1; skipping.
[2026-05-18 20:23:48,981] ERROR root: Missing key in response for format string: 'identifier'
[2026-05-18 20:23:48,982] WARNING root: No data for PNPT1; skipping.
[2026-05-18 20:23:49,735] ERROR root: Missing key in response for format string: 'identifier'
[2026-05-18 20:23:49,736] WARNING root: No data for POGLUT3; skipping.
[2026-05-18 20:23:50,688] ERROR root: Missing key in response for format string: 'identifier'
[2026-05-18 20:23:50,689] WARNING root: No data for POGZ; skipping.
[2026-05-18 20:23:51,444] ERROR root: Missing key in response for format string: 'identifier'
[2026-05-18 20:23:51,445] WARNING root: No data for POLA1; skipping.
[2026-05-18 20:23:52,196] ERROR root: Missing key in response for format string: 'identifier'
[2026-05-18 20:23:52,197] WARNING root: No data for POLA2; skipping.
[2026-05-18 20:23:53,139] ERROR root: Missing key in response for format string: 'identifier'
[2026-05-18 20:23:53,140] WARNING root: No data for POLD1; skipping.
[2026-05-18 20:23:53,893] ERROR root: Missing key in response for format string: 'identifier'
[2026-05-18 20:23:53,894] WARNING root: No data for POLD2; skipping.
[2026-05-18 20:23:54,645] ERROR root: Missing key in response for format string: 'identifier'
[2026-05-18 20:23:54,646] WARNING root: No data for POLD3; skipping.
[2026-05-18 20:23:55,780] ERROR root: Missing key in response for format string: 'identifier'
[2026-05-18 20:23:55,782] WARNING root: No data for POLE; skipping.
[2026-05-18 20:23:56,531] ERROR root: Missing key in response for format string: 'identifier'
[2026-05-18 20:23:56,532] WARNING root: No data for POLE2; skipping.
[2026-05-18 20:23:57,473] ERROR root: Missing key in response for format string: 'identifier'
[2026-05-18 20:23:57,474] WARNING root: No data for POLG; skipping.
[2026-05-18 20:23:58,230] ERROR root: Missing key in response for format string: 'identifier'
[2026-05-18 20:23:58,231] WARNING root: No data for POLG2; skipping.
[2026-05-18 20:23:58,983] ERROR root: Missing key in response for format string: 'identifier'
[2026-05-18 20:23:58,984] WARNING root: No data for POLL; skipping.
[2026-05-18 20:23:59,741] ERROR root: Missing key in response for format string: 'identifier'
[2026-05-18 20:23:59,742] WARNING root: No data for POLR1A; skipping.
[2026-05-18 20:24:01,254] ERROR root: Missing key in response for format string: 'identifier'
[2026-05-18 20:24:01,257] WARNING root: No data for POLR1B; skipping.
[2026-05-18 20:24:02,011] ERROR root: Missing key in response for format string: 'identifier'
[2026-05-18 20:24:02,012] WARNING root: No data for POLR1C; skipping.
[2026-05-18 20:24:02,769] ERROR root: Missing key in response for format string: 'identifier'
[2026-05-18 20:24:02,770] WARNING root: No data for POLR1D; skipping.
[2026-05-18 20:24:03,527] ERROR root: Missing key in response for format string: 'identifier'
[2026-05-18 20:24:03,528] WARNING root: No data for POLR1E; skipping.
[2026-05-18 20:24:04,687] ERROR root: Missing key in response for format string: 'identifier'
[2026-05-18 20:24:04,688] WARNING root: No data for POLR2A; skipping.
[2026-05-18 20:24:05,450] ERROR root: Missing key in response for format string: 'identifier'
[2026-05-18 20:24:05,451] WARNING root: No data for POLR2B; skipping.
[2026-05-18 20:24:06,196] ERROR root: Missing key in response for format string: 'identifier'
[2026-05-18 20:24:06,197] WARNING root: No data for POLR2C; skipping.
[2026-05-18 20:24:07,492] ERROR root: Missing key in response for format string: 'identifier'
[2026-05-18 20:24:07,493] WARNING root: No data for POLR2D; skipping.
[2026-05-18 20:24:08,245] ERROR root: Missing key in response for format string: 'identifier'
[2026-05-18 20:24:08,246] WARNING root: No data for POLR2E; skipping.
[2026-05-18 20:24:09,000] ERROR root: Missing key in response for format string: 'identifier'
[2026-05-18 20:24:09,002] WARNING root: No data for POLR2F; skipping.
[2026-05-18 20:24:09,756] ERROR root: Missing key in response for format string: 'identifier'
[2026-05-18 20:24:09,757] WARNING root: No data for POLR2G; skipping.
[2026-05-18 20:24:10,509] ERROR root: Missing key in response for format string: 'identifier'
[2026-05-18 20:24:10,511] WARNING root: No data for POLR2H; skipping.
[2026-05-18 20:24:11,262] ERROR root: Missing key in response for format string: 'identifier'
[2026-05-18 20:24:11,263] WARNING root: No data for POLR2I; skipping.
[2026-05-18 20:24:12,018] ERROR root: Missing key in response for format string: 'identifier'
[2026-05-18 20:24:12,019] WARNING root: No data for POLR2K; skipping.
[2026-05-18 20:24:12,775] ERROR root: Missing key in response for format string: 'identifier'
[2026-05-18 20:24:12,776] WARNING root: No data for POLR2L; skipping.
[2026-05-18 20:24:13,540] ERROR root: Missing key in response for format string: 'identifier'
[2026-05-18 20:24:13,542] WARNING root: No data for POLR2M; skipping.
[2026-05-18 20:24:14,301] ERROR root: Missing key in response for format string: 'identifier'
[2026-05-18 20:24:14,302] WARNING root: No data for POLR3A; skipping.
[2026-05-18 20:24:15,046] ERROR root: Missing key in response for format string: 'identifier'
[2026-05-18 20:24:15,047] WARNING root: No data for POLR3B; skipping.
[2026-05-18 20:24:15,801] ERROR root: Missing key in response for format string: 'identifier'
[2026-05-18 20:24:15,802] WARNING root: No data for POLR3C; skipping.
[2026-05-18 20:24:16,559] ERROR root: Missing key in response for format string: 'identifier'
[2026-05-18 20:24:16,560] WARNING root: No data for POLR3D; skipping.
[2026-05-18 20:24:17,317] ERROR root: Missing key in response for format string: 'identifier'
[2026-05-18 20:24:17,319] WARNING root: No data for POLR3E; skipping.
[2026-05-18 20:24:18,072] ERROR root: Missing key in response for format string: 'identifier'
[2026-05-18 20:24:18,073] WARNING root: No data for POLR3F; skipping.
[2026-05-18 20:24:18,835] ERROR root: Missing key in response for format string: 'identifier'
[2026-05-18 20:24:18,836] WARNING root: No data for POLR3H; skipping.
[2026-05-18 20:24:19,591] ERROR root: Missing key in response for format string: 'identifier'
[2026-05-18 20:24:19,593] WARNING root: No data for POLR3K; skipping.
[2026-05-18 20:24:20,625] ERROR root: Missing key in response for format string: 'identifier'
[2026-05-18 20:24:20,626] WARNING root: No data for POLRMT; skipping.
[2026-05-18 20:24:21,571] ERROR root: Missing key in response for format string: 'identifier'
[2026-05-18 20:24:21,572] WARNING root: No data for POP1; skipping.
[2026-05-18 20:24:22,334] ERROR root: Missing key in response for format string: 'identifier'
[2026-05-18 20:24:22,336] WARNING root: No data for POP4; skipping.
[2026-05-18 20:24:23,089] ERROR root: Missing key in response for format string: 'identifier'
[2026-05-18 20:24:23,090] WARNING root: No data for POP5; skipping.
[2026-05-18 20:24:23,852] ERROR root: Missing key in response for format string: 'identifier'
[2026-05-18 20:24:23,853] WARNING root: No data for POP7; skipping.
[2026-05-18 20:24:24,811] ERROR root: Missing key in response for format string: 'identifier'
[2026-05-18 20:24:24,812] WARNING root: No data for POT1; skipping.
[2026-05-18 20:24:25,567] ERROR root: Missing key in response for format string: 'identifier'
[2026-05-18 20:24:25,568] WARNING root: No data for POTEI; skipping.
[2026-05-18 20:24:26,311] ERROR root: Missing key in response for format string: 'identifier'
[2026-05-18 20:24:26,312] WARNING root: No data for POU3F1; skipping.
[2026-05-18 20:24:27,069] ERROR root: Missing key in response for format string: 'identifier'
[2026-05-18 20:24:27,070] WARNING root: No data for POU5F1B; skipping.
[2026-05-18 20:24:27,815] ERROR root: Missing key in response for format string: 'identifier'
[2026-05-18 20:24:27,816] WARNING root: No data for PPA1; skipping.
[2026-05-18 20:24:28,572] ERROR root: Missing key in response for format string: 'identifier'
[2026-05-18 20:24:28,573] WARNING root: No data for PPA2; skipping.
[2026-05-18 20:24:29,326] ERROR root: Missing key in response for format string: 'identifier'
[2026-05-18 20:24:29,327] WARNING root: No data for PPAN; skipping.
[2026-05-18 20:24:30,077] ERROR root: Missing key in response for format string: 'identifier'
[2026-05-18 20:24:30,078] WARNING root: No data for PPARGC1B; skipping.
[2026-05-18 20:24:31,011] ERROR root: Missing key in response for format string: 'identifier'
[2026-05-18 20:24:31,012] WARNING root: No data for PPIA; skipping.
[2026-05-18 20:24:31,778] ERROR root: Missing key in response for format string: 'identifier'
[2026-05-18 20:24:31,779] WARNING root: No data for PPIE; skipping.
[2026-05-18 20:24:32,874] ERROR root: Missing key in response for format string: 'identifier'
[2026-05-18 20:24:32,875] WARNING root: No data for PPIH; skipping.
[2026-05-18 20:24:33,649] ERROR root: Missing key in response for format string: 'identifier'
[2026-05-18 20:24:33,650] WARNING root: No data for PPIL1; skipping.
[2026-05-18 20:24:34,410] ERROR root: Missing key in response for format string: 'identifier'
[2026-05-18 20:24:34,412] WARNING root: No data for PPIL2; skipping.
[2026-05-18 20:24:35,174] ERROR root: Missing key in response for format string: 'identifier'
[2026-05-18 20:24:35,175] WARNING root: No data for PPIL4; skipping.
[2026-05-18 20:24:35,932] ERROR root: Missing key in response for format string: 'identifier'
[2026-05-18 20:24:35,933] WARNING root: No data for PPME1; skipping.
[2026-05-18 20:24:36,872] ERROR root: Missing key in response for format string: 'identifier'
[2026-05-18 20:24:36,873] WARNING root: No data for PPP1CA; skipping.
[2026-05-18 20:24:37,622] ERROR root: Missing key in response for format string: 'identifier'
[2026-05-18 20:24:37,624] WARNING root: No data for PPP1CB; skipping.
[2026-05-18 20:24:38,381] ERROR root: Missing key in response for format string: 'identifier'
[2026-05-18 20:24:38,382] WARNING root: No data for PPP1R10; skipping.
[2026-05-18 20:24:39,137] ERROR root: Missing key in response for format string: 'identifier'
[2026-05-18 20:24:39,138] WARNING root: No data for PPP1R11; skipping.
[2026-05-18 20:24:39,896] ERROR root: Missing key in response for format string: 'identifier'
[2026-05-18 20:24:39,898] WARNING root: No data for PPP1R12A; skipping.
[2026-05-18 20:24:40,653] ERROR root: Missing key in response for format string: 'identifier'
[2026-05-18 20:24:40,654] WARNING root: No data for PPP1R15B; skipping.
[2026-05-18 20:24:41,414] ERROR root: Missing key in response for format string: 'identifier'
[2026-05-18 20:24:41,415] WARNING root: No data for PPP1R2; skipping.
[2026-05-18 20:24:42,310] ERROR root: Missing key in response for format string: 'identifier'
[2026-05-18 20:24:42,311] WARNING root: No data for PPP1R37; skipping.
[2026-05-18 20:24:43,070] ERROR root: Missing key in response for format string: 'identifier'
[2026-05-18 20:24:43,071] WARNING root: No data for PPP1R7; skipping.
[2026-05-18 20:24:43,821] ERROR root: Missing key in response for format string: 'identifier'
[2026-05-18 20:24:43,822] WARNING root: No data for PPP1R8; skipping.
[2026-05-18 20:24:44,770] ERROR root: Missing key in response for format string: 'identifier'
[2026-05-18 20:24:44,771] WARNING root: No data for PPP2CA; skipping.
[2026-05-18 20:24:45,525] ERROR root: Missing key in response for format string: 'identifier'
[2026-05-18 20:24:45,527] WARNING root: No data for PPP2CB; skipping.
[2026-05-18 20:24:46,477] ERROR root: Missing key in response for format string: 'identifier'
[2026-05-18 20:24:46,478] WARNING root: No data for PPP2R1A; skipping.
[2026-05-18 20:24:47,239] ERROR root: Missing key in response for format string: 'identifier'
[2026-05-18 20:24:47,240] WARNING root: No data for PPP2R3C; skipping.
[2026-05-18 20:24:47,994] ERROR root: Missing key in response for format string: 'identifier'
[2026-05-18 20:24:47,995] WARNING root: No data for PPP4C; skipping.
[2026-05-18 20:24:48,747] ERROR root: Missing key in response for format string: 'identifier'
[2026-05-18 20:24:48,748] WARNING root: No data for PPP4R2; skipping.
[2026-05-18 20:24:49,710] ERROR root: Missing key in response for format string: 'identifier'
[2026-05-18 20:24:49,711] WARNING root: No data for PPP6C; skipping.
[2026-05-18 20:24:50,509] ERROR root: Missing key in response for format string: 'identifier'
[2026-05-18 20:24:50,511] WARNING root: No data for PPRC1; skipping.
[2026-05-18 20:24:51,256] ERROR root: Missing key in response for format string: 'identifier'
[2026-05-18 20:24:51,258] WARNING root: No data for PPWD1; skipping.
[2026-05-18 20:24:52,014] ERROR root: Missing key in response for format string: 'identifier'
[2026-05-18 20:24:52,015] WARNING root: No data for PPY; skipping.
[2026-05-18 20:24:53,173] ERROR root: Missing key in response for format string: 'identifier'
[2026-05-18 20:24:53,175] WARNING root: No data for PRC1; skipping.
[2026-05-18 20:24:53,936] ERROR root: Missing key in response for format string: 'identifier'
[2026-05-18 20:24:53,937] WARNING root: No data for PRDM10; skipping.
[2026-05-18 20:24:54,692] ERROR root: Missing key in response for format string: 'identifier'
[2026-05-18 20:24:54,693] WARNING root: No data for PRDM4; skipping.
[2026-05-18 20:24:55,448] ERROR root: Missing key in response for format string: 'identifier'
[2026-05-18 20:24:55,450] WARNING root: No data for PRDM8; skipping.
[2026-05-18 20:24:56,396] ERROR root: Missing key in response for format string: 'identifier'
[2026-05-18 20:24:56,397] WARNING root: No data for PREB; skipping.
[2026-05-18 20:24:57,156] ERROR root: Missing key in response for format string: 'identifier'
[2026-05-18 20:24:57,157] WARNING root: No data for PRELID1; skipping.
[2026-05-18 20:24:57,908] ERROR root: Missing key in response for format string: 'identifier'
[2026-05-18 20:24:57,909] WARNING root: No data for PRELID3B; skipping.
[2026-05-18 20:24:58,662] ERROR root: Missing key in response for format string: 'identifier'
[2026-05-18 20:24:58,663] WARNING root: No data for PRIM1; skipping.
[2026-05-18 20:24:59,421] ERROR root: Missing key in response for format string: 'identifier'
[2026-05-18 20:24:59,422] WARNING root: No data for PRIM2; skipping.
[2026-05-18 20:25:00,574] ERROR root: Missing key in response for format string: 'identifier'
[2026-05-18 20:25:00,575] WARNING root: No data for PRKCA; skipping.
[2026-05-18 20:25:01,325] ERROR root: Missing key in response for format string: 'identifier'
[2026-05-18 20:25:01,326] WARNING root: No data for PRKRA; skipping.
[2026-05-18 20:25:02,101] ERROR root: Missing key in response for format string: 'identifier'
[2026-05-18 20:25:02,102] WARNING root: No data for PRKRIP1; skipping.
[2026-05-18 20:25:03,068] ERROR root: Missing key in response for format string: 'identifier'
[2026-05-18 20:25:03,073] WARNING root: No data for PRMT1; skipping.
[2026-05-18 20:25:04,026] ERROR root: Missing key in response for format string: 'identifier'
[2026-05-18 20:25:04,027] WARNING root: No data for PRMT5; skipping.
[2026-05-18 20:25:04,788] ERROR root: Missing key in response for format string: 'identifier'
[2026-05-18 20:25:04,789] WARNING root: No data for PRODH; skipping.
[2026-05-18 20:25:05,547] ERROR root: Missing key in response for format string: 'identifier'
[2026-05-18 20:25:05,548] WARNING root: No data for PRORP; skipping.
[2026-05-18 20:25:06,303] ERROR root: Missing key in response for format string: 'identifier'
[2026-05-18 20:25:06,304] WARNING root: No data for PRPF18; skipping.
[2026-05-18 20:25:07,058] ERROR root: Missing key in response for format string: 'identifier'
[2026-05-18 20:25:07,059] WARNING root: No data for PRPF19; skipping.
[2026-05-18 20:25:07,815] ERROR root: Missing key in response for format string: 'identifier'
[2026-05-18 20:25:07,817] WARNING root: No data for PRPF3; skipping.
[2026-05-18 20:25:08,767] ERROR root: Missing key in response for format string: 'identifier'
[2026-05-18 20:25:08,768] WARNING root: No data for PRPF31; skipping.
[2026-05-18 20:25:09,522] ERROR root: Missing key in response for format string: 'identifier'
[2026-05-18 20:25:09,523] WARNING root: No data for PRPF38A; skipping.
[2026-05-18 20:25:10,287] ERROR root: Missing key in response for format string: 'identifier'
[2026-05-18 20:25:10,288] WARNING root: No data for PRPF38B; skipping.
[2026-05-18 20:25:11,041] ERROR root: Missing key in response for format string: 'identifier'
[2026-05-18 20:25:11,042] WARNING root: No data for PRPF39; skipping.
[2026-05-18 20:25:11,798] ERROR root: Missing key in response for format string: 'identifier'
[2026-05-18 20:25:11,799] WARNING root: No data for PRPF4; skipping.
[2026-05-18 20:25:12,563] ERROR root: Missing key in response for format string: 'identifier'
[2026-05-18 20:25:12,564] WARNING root: No data for PRPF40A; skipping.
[2026-05-18 20:25:13,314] ERROR root: Missing key in response for format string: 'identifier'
[2026-05-18 20:25:13,315] WARNING root: No data for PRPF4B; skipping.
[2026-05-18 20:25:14,067] ERROR root: Missing key in response for format string: 'identifier'
[2026-05-18 20:25:14,068] WARNING root: No data for PRPF6; skipping.
[2026-05-18 20:25:14,823] ERROR root: Missing key in response for format string: 'identifier'
[2026-05-18 20:25:14,824] WARNING root: No data for PRPF8; skipping.
[2026-05-18 20:25:15,588] ERROR root: Missing key in response for format string: 'identifier'
[2026-05-18 20:25:15,589] WARNING root: No data for PRRC2A; skipping.
[2026-05-18 20:25:16,383] ERROR root: Missing key in response for format string: 'identifier'
[2026-05-18 20:25:16,384] WARNING root: No data for PRSS50; skipping.
[2026-05-18 20:25:17,146] ERROR root: Missing key in response for format string: 'identifier'
[2026-05-18 20:25:17,147] WARNING root: No data for PRXL2A; skipping.
[2026-05-18 20:25:17,899] ERROR root: Missing key in response for format string: 'identifier'
[2026-05-18 20:25:17,900] WARNING root: No data for PSAT1; skipping.
[2026-05-18 20:25:18,681] ERROR root: Missing key in response for format string: 'identifier'
[2026-05-18 20:25:18,682] WARNING root: No data for PSMA1; skipping.
[2026-05-18 20:25:19,441] ERROR root: Missing key in response for format string: 'identifier'
[2026-05-18 20:25:19,443] WARNING root: No data for PSMA2; skipping.
[2026-05-18 20:25:20,199] ERROR root: Missing key in response for format string: 'identifier'
[2026-05-18 20:25:20,200] WARNING root: No data for PSMA3; skipping.
[2026-05-18 20:25:20,957] ERROR root: Missing key in response for format string: 'identifier'
[2026-05-18 20:25:20,959] WARNING root: No data for PSMA4; skipping.
[2026-05-18 20:25:21,712] ERROR root: Missing key in response for format string: 'identifier'
[2026-05-18 20:25:21,714] WARNING root: No data for PSMA5; skipping.
[2026-05-18 20:25:22,648] ERROR root: Missing key in response for format string: 'identifier'
[2026-05-18 20:25:22,649] WARNING root: No data for PSMA6; skipping.
[2026-05-18 20:25:23,401] ERROR root: Missing key in response for format string: 'identifier'
[2026-05-18 20:25:23,402] WARNING root: No data for PSMA7; skipping.
[2026-05-18 20:25:24,157] ERROR root: Missing key in response for format string: 'identifier'
[2026-05-18 20:25:24,158] WARNING root: No data for PSMB1; skipping.
[2026-05-18 20:25:24,917] ERROR root: Missing key in response for format string: 'identifier'
[2026-05-18 20:25:24,919] WARNING root: No data for PSMB2; skipping.
[2026-05-18 20:25:25,725] ERROR root: Missing key in response for format string: 'identifier'
[2026-05-18 20:25:25,726] WARNING root: No data for PSMB3; skipping.
[2026-05-18 20:25:26,476] ERROR root: Missing key in response for format string: 'identifier'
[2026-05-18 20:25:26,477] WARNING root: No data for PSMB4; skipping.
[2026-05-18 20:25:27,415] ERROR root: Missing key in response for format string: 'identifier'
[2026-05-18 20:25:27,417] WARNING root: No data for PSMB5; skipping.
[2026-05-18 20:25:28,606] ERROR root: Missing key in response for format string: 'identifier'
[2026-05-18 20:25:28,607] WARNING root: No data for PSMB6; skipping.
[2026-05-18 20:25:29,549] ERROR root: Missing key in response for format string: 'identifier'
[2026-05-18 20:25:29,550] WARNING root: No data for PSMB7; skipping.
[2026-05-18 20:25:30,306] ERROR root: Missing key in response for format string: 'identifier'
[2026-05-18 20:25:30,307] WARNING root: No data for PSMC1; skipping.
[2026-05-18 20:25:31,242] ERROR root: Missing key in response for format string: 'identifier'
[2026-05-18 20:25:31,243] WARNING root: No data for PSMC2; skipping.
[2026-05-18 20:25:32,182] ERROR root: Missing key in response for format string: 'identifier'
[2026-05-18 20:25:32,183] WARNING root: No data for PSMC3; skipping.
[2026-05-18 20:25:32,942] ERROR root: Missing key in response for format string: 'identifier'
[2026-05-18 20:25:32,944] WARNING root: No data for PSMC4; skipping.
[2026-05-18 20:25:33,698] ERROR root: Missing key in response for format string: 'identifier'
[2026-05-18 20:25:33,699] WARNING root: No data for PSMC5; skipping.
[2026-05-18 20:25:34,452] ERROR root: Missing key in response for format string: 'identifier'
[2026-05-18 20:25:34,453] WARNING root: No data for PSMC6; skipping.
[2026-05-18 20:25:35,216] ERROR root: Missing key in response for format string: 'identifier'
[2026-05-18 20:25:35,217] WARNING root: No data for PSMD1; skipping.
[2026-05-18 20:25:35,981] ERROR root: Missing key in response for format string: 'identifier'
[2026-05-18 20:25:35,983] WARNING root: No data for PSMD11; skipping.
[2026-05-18 20:25:36,728] ERROR root: Missing key in response for format string: 'identifier'
[2026-05-18 20:25:36,730] WARNING root: No data for PSMD12; skipping.
[2026-05-18 20:25:37,488] ERROR root: Missing key in response for format string: 'identifier'
[2026-05-18 20:25:37,489] WARNING root: No data for PSMD13; skipping.
[2026-05-18 20:25:38,244] ERROR root: Missing key in response for format string: 'identifier'
[2026-05-18 20:25:38,245] WARNING root: No data for PSMD14; skipping.
[2026-05-18 20:25:39,026] ERROR root: Missing key in response for format string: 'identifier'
[2026-05-18 20:25:39,028] WARNING root: No data for PSMD2; skipping.
[2026-05-18 20:25:39,784] ERROR root: Missing key in response for format string: 'identifier'
[2026-05-18 20:25:39,785] WARNING root: No data for PSMD3; skipping.
[2026-05-18 20:25:40,536] ERROR root: Missing key in response for format string: 'identifier'
[2026-05-18 20:25:40,538] WARNING root: No data for PSMD4; skipping.
[2026-05-18 20:25:41,291] ERROR root: Missing key in response for format string: 'identifier'
[2026-05-18 20:25:41,292] WARNING root: No data for PSMD6; skipping.
[2026-05-18 20:25:42,053] ERROR root: Missing key in response for format string: 'identifier'
[2026-05-18 20:25:42,054] WARNING root: No data for PSMD7; skipping.
[2026-05-18 20:25:42,999] ERROR root: Missing key in response for format string: 'identifier'
[2026-05-18 20:25:43,000] WARNING root: No data for PSMD8; skipping.
[2026-05-18 20:25:43,757] ERROR root: Missing key in response for format string: 'identifier'
[2026-05-18 20:25:43,758] WARNING root: No data for PSMD9; skipping.
[2026-05-18 20:25:44,509] ERROR root: Missing key in response for format string: 'identifier'
[2026-05-18 20:25:44,510] WARNING root: No data for PSME1; skipping.
[2026-05-18 20:25:45,260] ERROR root: Missing key in response for format string: 'identifier'
[2026-05-18 20:25:45,261] WARNING root: No data for PSME2; skipping.
[2026-05-18 20:25:46,012] ERROR root: Missing key in response for format string: 'identifier'
[2026-05-18 20:25:46,013] WARNING root: No data for PSMG1; skipping.
[2026-05-18 20:25:49,293] ERROR root: Missing key in response for format string: 'identifier'
[2026-05-18 20:25:49,294] WARNING root: No data for PSMG2; skipping.
[2026-05-18 20:25:50,049] ERROR root: Missing key in response for format string: 'identifier'
[2026-05-18 20:25:50,050] WARNING root: No data for PSMG3; skipping.
[2026-05-18 20:25:50,807] ERROR root: Missing key in response for format string: 'identifier'
[2026-05-18 20:25:50,808] WARNING root: No data for PSMG4; skipping.
[2026-05-18 20:25:51,556] ERROR root: Missing key in response for format string: 'identifier'
[2026-05-18 20:25:51,557] WARNING root: No data for PSTK; skipping.
[2026-05-18 20:25:52,500] ERROR root: Missing key in response for format string: 'identifier'
[2026-05-18 20:25:52,502] WARNING root: No data for PTBP1; skipping.
[2026-05-18 20:25:53,250] ERROR root: Missing key in response for format string: 'identifier'
[2026-05-18 20:25:53,251] WARNING root: No data for PTCD1; skipping.
[2026-05-18 20:25:54,013] ERROR root: Missing key in response for format string: 'identifier'
[2026-05-18 20:25:54,014] WARNING root: No data for PTCD3; skipping.
[2026-05-18 20:25:55,559] ERROR root: Missing key in response for format string: 'identifier'
[2026-05-18 20:25:55,561] WARNING root: No data for PTEN; skipping.
[2026-05-18 20:25:56,313] ERROR root: Missing key in response for format string: 'identifier'
[2026-05-18 20:25:56,314] WARNING root: No data for PTGR2; skipping.
[2026-05-18 20:25:57,706] ERROR root: Missing key in response for format string: 'identifier'
[2026-05-18 20:25:57,708] WARNING root: No data for PTK2; skipping.
[2026-05-18 20:25:58,479] ERROR root: Missing key in response for format string: 'identifier'
[2026-05-18 20:25:58,480] WARNING root: No data for PTMA; skipping.
[2026-05-18 20:25:59,230] ERROR root: Missing key in response for format string: 'identifier'
[2026-05-18 20:25:59,231] WARNING root: No data for PTPMT1; skipping.
[2026-05-18 20:26:00,162] ERROR root: Missing key in response for format string: 'identifier'
[2026-05-18 20:26:00,163] WARNING root: No data for PTPN1; skipping.
[2026-05-18 20:26:01,298] ERROR root: Missing key in response for format string: 'identifier'
[2026-05-18 20:26:01,300] WARNING root: No data for PTPN11; skipping.
[2026-05-18 20:26:02,071] ERROR root: Missing key in response for format string: 'identifier'
[2026-05-18 20:26:02,072] WARNING root: No data for PTPN23; skipping.
[2026-05-18 20:26:02,834] ERROR root: Missing key in response for format string: 'identifier'
[2026-05-18 20:26:02,836] WARNING root: No data for PUF60; skipping.
[2026-05-18 20:26:03,589] ERROR root: Missing key in response for format string: 'identifier'
[2026-05-18 20:26:03,590] WARNING root: No data for PUM1; skipping.
[2026-05-18 20:26:04,540] ERROR root: Missing key in response for format string: 'identifier'
[2026-05-18 20:26:04,542] WARNING root: No data for PWP1; skipping.
[2026-05-18 20:26:05,294] ERROR root: Missing key in response for format string: 'identifier'
[2026-05-18 20:26:05,295] WARNING root: No data for PWP2; skipping.
[2026-05-18 20:26:06,245] ERROR root: Missing key in response for format string: 'identifier'
[2026-05-18 20:26:06,246] WARNING root: No data for PXN; skipping.
[2026-05-18 20:26:07,004] ERROR root: Missing key in response for format string: 'identifier'
[2026-05-18 20:26:07,005] WARNING root: No data for PYROXD1; skipping.
[2026-05-18 20:26:07,758] ERROR root: Missing key in response for format string: 'identifier'
[2026-05-18 20:26:07,759] WARNING root: No data for PYURF; skipping.
[2026-05-18 20:26:08,703] ERROR root: Missing key in response for format string: 'identifier'
[2026-05-18 20:26:08,704] WARNING root: No data for QARS; skipping.
[2026-05-18 20:26:09,461] ERROR root: Missing key in response for format string: 'identifier'
[2026-05-18 20:26:09,485] WARNING root: No data for QRSL1; skipping.
[2026-05-18 20:26:10,244] ERROR root: Missing key in response for format string: 'identifier'
[2026-05-18 20:26:10,245] WARNING root: No data for RAB18; skipping.
[2026-05-18 20:26:11,005] ERROR root: Missing key in response for format string: 'identifier'
[2026-05-18 20:26:11,006] WARNING root: No data for RAB4A; skipping.
[2026-05-18 20:26:11,949] ERROR root: Missing key in response for format string: 'identifier'
[2026-05-18 20:26:11,950] WARNING root: No data for RAB4B; skipping.
[2026-05-18 20:26:12,929] ERROR root: Missing key in response for format string: 'identifier'
[2026-05-18 20:26:12,930] WARNING root: No data for RAB6A; skipping.
[2026-05-18 20:26:13,679] ERROR root: Missing key in response for format string: 'identifier'
[2026-05-18 20:26:13,680] WARNING root: No data for RABGGTA; skipping.
[2026-05-18 20:26:14,447] ERROR root: Missing key in response for format string: 'identifier'
[2026-05-18 20:26:14,449] WARNING root: No data for RABGGTB; skipping.
[2026-05-18 20:26:15,872] ERROR root: Missing key in response for format string: 'identifier'
[2026-05-18 20:26:15,874] WARNING root: No data for RAC1; skipping.
[2026-05-18 20:26:16,868] ERROR root: Missing key in response for format string: 'identifier'
[2026-05-18 20:26:16,869] WARNING root: No data for RAC3; skipping.
[2026-05-18 20:26:17,630] ERROR root: Missing key in response for format string: 'identifier'
[2026-05-18 20:26:17,631] WARNING root: No data for RACGAP1; skipping.
[2026-05-18 20:26:18,643] ERROR root: Missing key in response for format string: 'identifier'
[2026-05-18 20:26:18,644] WARNING root: No data for RACK1; skipping.
[2026-05-18 20:26:19,990] ERROR root: Missing key in response for format string: 'identifier'
[2026-05-18 20:26:19,991] WARNING root: No data for RAD17; skipping.
[2026-05-18 20:26:20,936] ERROR root: Missing key in response for format string: 'identifier'
[2026-05-18 20:26:20,937] WARNING root: No data for RAD21; skipping.
[2026-05-18 20:26:22,092] ERROR root: Missing key in response for format string: 'identifier'
[2026-05-18 20:26:22,093] WARNING root: No data for RAD51; skipping.
[2026-05-18 20:26:23,264] ERROR root: Missing key in response for format string: 'identifier'
[2026-05-18 20:26:23,266] WARNING root: No data for RAD51C; skipping.
[2026-05-18 20:26:24,017] ERROR root: Missing key in response for format string: 'identifier'
[2026-05-18 20:26:24,018] WARNING root: No data for RAD51D; skipping.
[2026-05-18 20:26:24,766] ERROR root: Missing key in response for format string: 'identifier'
[2026-05-18 20:26:24,767] WARNING root: No data for RAD9A; skipping.
[2026-05-18 20:26:25,715] ERROR root: Missing key in response for format string: 'identifier'
[2026-05-18 20:26:25,716] WARNING root: No data for RAE1; skipping.
[2026-05-18 20:26:26,462] ERROR root: Missing key in response for format string: 'identifier'
[2026-05-18 20:26:26,463] WARNING root: No data for RAMAC; skipping.
[2026-05-18 20:26:27,619] ERROR root: Missing key in response for format string: 'identifier'
[2026-05-18 20:26:27,620] WARNING root: No data for RAN; skipping.
[2026-05-18 20:26:28,772] ERROR root: Missing key in response for format string: 'identifier'
[2026-05-18 20:26:28,774] WARNING root: No data for RANBP2; skipping.
[2026-05-18 20:26:29,718] ERROR root: Missing key in response for format string: 'identifier'
[2026-05-18 20:26:29,720] WARNING root: No data for RANGAP1; skipping.
[2026-05-18 20:26:30,704] ERROR root: Missing key in response for format string: 'identifier'
[2026-05-18 20:26:30,705] WARNING root: No data for RARS; skipping.
[2026-05-18 20:26:31,461] ERROR root: Missing key in response for format string: 'identifier'
[2026-05-18 20:26:31,463] WARNING root: No data for RARS2; skipping.
[2026-05-18 20:26:32,241] ERROR root: Missing key in response for format string: 'identifier'
[2026-05-18 20:26:32,243] WARNING root: No data for RBBP4; skipping.
[2026-05-18 20:26:32,994] ERROR root: Missing key in response for format string: 'identifier'
[2026-05-18 20:26:32,995] WARNING root: No data for RBBP5; skipping.
[2026-05-18 20:26:33,751] ERROR root: Missing key in response for format string: 'identifier'
[2026-05-18 20:26:33,752] WARNING root: No data for RBBP6; skipping.
[2026-05-18 20:26:34,693] ERROR root: Missing key in response for format string: 'identifier'
[2026-05-18 20:26:34,694] WARNING root: No data for RBBP8; skipping.
[2026-05-18 20:26:35,466] ERROR root: Missing key in response for format string: 'identifier'
[2026-05-18 20:26:35,467] WARNING root: No data for RBM10; skipping.
[2026-05-18 20:26:36,220] ERROR root: Missing key in response for format string: 'identifier'
[2026-05-18 20:26:36,221] WARNING root: No data for RBM12; skipping.
[2026-05-18 20:26:36,974] ERROR root: Missing key in response for format string: 'identifier'
[2026-05-18 20:26:36,975] WARNING root: No data for RBM14-RBM4; skipping.
[2026-05-18 20:26:37,731] ERROR root: Missing key in response for format string: 'identifier'
[2026-05-18 20:26:37,733] WARNING root: No data for RBM15; skipping.
[2026-05-18 20:26:38,487] ERROR root: Missing key in response for format string: 'identifier'
[2026-05-18 20:26:38,488] WARNING root: No data for RBM17; skipping.
[2026-05-18 20:26:39,245] ERROR root: Missing key in response for format string: 'identifier'
[2026-05-18 20:26:39,246] WARNING root: No data for RBM19; skipping.
[2026-05-18 20:26:40,016] ERROR root: Missing key in response for format string: 'identifier'
[2026-05-18 20:26:40,017] WARNING root: No data for RBM22; skipping.
[2026-05-18 20:26:40,772] ERROR root: Missing key in response for format string: 'identifier'
[2026-05-18 20:26:40,773] WARNING root: No data for RBM25; skipping.
[2026-05-18 20:26:41,891] ERROR root: Missing key in response for format string: 'identifier'
[2026-05-18 20:26:41,892] WARNING root: No data for RBM28; skipping.
[2026-05-18 20:26:42,981] ERROR root: Missing key in response for format string: 'identifier'
[2026-05-18 20:26:42,982] WARNING root: No data for RBM33; skipping.
[2026-05-18 20:26:43,756] ERROR root: Missing key in response for format string: 'identifier'
[2026-05-18 20:26:43,757] WARNING root: No data for RBM39; skipping.
[2026-05-18 20:26:44,510] ERROR root: Missing key in response for format string: 'identifier'
[2026-05-18 20:26:44,511] WARNING root: No data for RBM4; skipping.
[2026-05-18 20:26:45,265] ERROR root: Missing key in response for format string: 'identifier'
[2026-05-18 20:26:45,266] WARNING root: No data for RBM42; skipping.
[2026-05-18 20:26:46,021] ERROR root: Missing key in response for format string: 'identifier'
[2026-05-18 20:26:46,022] WARNING root: No data for RBM48; skipping.
[2026-05-18 20:26:46,774] ERROR root: Missing key in response for format string: 'identifier'
[2026-05-18 20:26:46,775] WARNING root: No data for RBM8A; skipping.
[2026-05-18 20:26:47,723] ERROR root: Missing key in response for format string: 'identifier'
[2026-05-18 20:26:47,724] WARNING root: No data for RBMX; skipping.
[2026-05-18 20:26:48,486] ERROR root: Missing key in response for format string: 'identifier'
[2026-05-18 20:26:48,487] WARNING root: No data for RBMX2; skipping.
[2026-05-18 20:26:49,238] ERROR root: Missing key in response for format string: 'identifier'
[2026-05-18 20:26:49,239] WARNING root: No data for RBMXL1; skipping.
[2026-05-18 20:26:50,174] ERROR root: Missing key in response for format string: 'identifier'
[2026-05-18 20:26:50,175] WARNING root: No data for RBX1; skipping.
[2026-05-18 20:26:51,324] ERROR root: Missing key in response for format string: 'identifier'
[2026-05-18 20:26:51,326] WARNING root: No data for RCC1; skipping.
[2026-05-18 20:26:52,095] ERROR root: Missing key in response for format string: 'identifier'
[2026-05-18 20:26:52,097] WARNING root: No data for RCCD1; skipping.
[2026-05-18 20:26:52,847] ERROR root: Missing key in response for format string: 'identifier'
[2026-05-18 20:26:52,848] WARNING root: No data for RCL1; skipping.
[2026-05-18 20:26:53,602] ERROR root: Missing key in response for format string: 'identifier'
[2026-05-18 20:26:53,603] WARNING root: No data for RCOR1; skipping.
[2026-05-18 20:26:54,354] ERROR root: Missing key in response for format string: 'identifier'
[2026-05-18 20:26:54,355] WARNING root: No data for RELL2; skipping.
[2026-05-18 20:26:55,112] ERROR root: Missing key in response for format string: 'identifier'
[2026-05-18 20:26:55,113] WARNING root: No data for REV3L; skipping.
[2026-05-18 20:26:55,867] ERROR root: Missing key in response for format string: 'identifier'
[2026-05-18 20:26:55,868] WARNING root: No data for REXO2; skipping.
[2026-05-18 20:26:56,822] ERROR root: Missing key in response for format string: 'identifier'
[2026-05-18 20:26:56,823] WARNING root: No data for RFC1; skipping.
[2026-05-18 20:26:57,572] ERROR root: Missing key in response for format string: 'identifier'
[2026-05-18 20:26:57,573] WARNING root: No data for RFC2; skipping.
[2026-05-18 20:26:58,329] ERROR root: Missing key in response for format string: 'identifier'
[2026-05-18 20:26:58,330] WARNING root: No data for RFC3; skipping.
[2026-05-18 20:26:59,307] ERROR root: Missing key in response for format string: 'identifier'
[2026-05-18 20:26:59,309] WARNING root: No data for RFC4; skipping.
[2026-05-18 20:27:00,065] ERROR root: Missing key in response for format string: 'identifier'
[2026-05-18 20:27:00,067] WARNING root: No data for RFC5; skipping.
[2026-05-18 20:27:01,006] ERROR root: Missing key in response for format string: 'identifier'
[2026-05-18 20:27:01,008] WARNING root: No data for RFFL; skipping.
[2026-05-18 20:27:01,758] ERROR root: Missing key in response for format string: 'identifier'
[2026-05-18 20:27:01,759] WARNING root: No data for RFT1; skipping.
[2026-05-18 20:27:02,533] ERROR root: Missing key in response for format string: 'identifier'
[2026-05-18 20:27:02,534] WARNING root: No data for RGP1; skipping.
[2026-05-18 20:27:03,306] ERROR root: Missing key in response for format string: 'identifier'
[2026-05-18 20:27:03,307] WARNING root: No data for RGPD6; skipping.
[2026-05-18 20:27:04,270] ERROR root: Missing key in response for format string: 'identifier'
[2026-05-18 20:27:04,271] WARNING root: No data for RHOQ; skipping.
[2026-05-18 20:27:05,038] ERROR root: Missing key in response for format string: 'identifier'
[2026-05-18 20:27:05,039] WARNING root: No data for RHPN1; skipping.
[2026-05-18 20:27:05,808] ERROR root: Missing key in response for format string: 'identifier'
[2026-05-18 20:27:05,809] WARNING root: No data for RINT1; skipping.
[2026-05-18 20:27:06,567] ERROR root: Missing key in response for format string: 'identifier'
[2026-05-18 20:27:06,568] WARNING root: No data for RIOK1; skipping.
[2026-05-18 20:27:07,965] ERROR root: Missing key in response for format string: 'identifier'
[2026-05-18 20:27:07,966] WARNING root: No data for RIOK2; skipping.
[2026-05-18 20:27:08,724] ERROR root: Missing key in response for format string: 'identifier'
[2026-05-18 20:27:08,725] WARNING root: No data for RMI1; skipping.
[2026-05-18 20:27:09,480] ERROR root: Missing key in response for format string: 'identifier'
[2026-05-18 20:27:09,481] WARNING root: No data for RNASEH2C; skipping.
[2026-05-18 20:27:10,258] ERROR root: Missing key in response for format string: 'identifier'
[2026-05-18 20:27:10,260] WARNING root: No data for RNF103; skipping.
[2026-05-18 20:27:11,009] ERROR root: Missing key in response for format string: 'identifier'
[2026-05-18 20:27:11,010] WARNING root: No data for RNF113A; skipping.
[2026-05-18 20:27:11,774] ERROR root: Missing key in response for format string: 'identifier'
[2026-05-18 20:27:11,775] WARNING root: No data for RNF123; skipping.
[2026-05-18 20:27:12,545] ERROR root: Missing key in response for format string: 'identifier'
[2026-05-18 20:27:12,547] WARNING root: No data for RNF14; skipping.
[2026-05-18 20:27:13,305] ERROR root: Missing key in response for format string: 'identifier'
[2026-05-18 20:27:13,306] WARNING root: No data for RNF168; skipping.
[2026-05-18 20:27:14,061] ERROR root: Missing key in response for format string: 'identifier'
[2026-05-18 20:27:14,062] WARNING root: No data for RNF20; skipping.
[2026-05-18 20:27:14,815] ERROR root: Missing key in response for format string: 'identifier'
[2026-05-18 20:27:14,816] WARNING root: No data for RNF31; skipping.
[2026-05-18 20:27:15,576] ERROR root: Missing key in response for format string: 'identifier'
[2026-05-18 20:27:15,577] WARNING root: No data for RNF4; skipping.
[2026-05-18 20:27:16,348] ERROR root: Missing key in response for format string: 'identifier'
[2026-05-18 20:27:16,349] WARNING root: No data for RNF40; skipping.
[2026-05-18 20:27:17,352] ERROR root: Missing key in response for format string: 'identifier'
[2026-05-18 20:27:17,353] WARNING root: No data for RNF8; skipping.
[2026-05-18 20:27:18,104] ERROR root: Missing key in response for format string: 'identifier'
[2026-05-18 20:27:18,105] WARNING root: No data for RNGTT; skipping.
[2026-05-18 20:27:18,866] ERROR root: Missing key in response for format string: 'identifier'
[2026-05-18 20:27:18,868] WARNING root: No data for RNMT; skipping.
[2026-05-18 20:27:19,635] ERROR root: Missing key in response for format string: 'identifier'
[2026-05-18 20:27:19,636] WARNING root: No data for RNPC3; skipping.
[2026-05-18 20:27:20,389] ERROR root: Missing key in response for format string: 'identifier'
[2026-05-18 20:27:20,390] WARNING root: No data for RNPS1; skipping.
[2026-05-18 20:27:21,158] ERROR root: Missing key in response for format string: 'identifier'
[2026-05-18 20:27:21,159] WARNING root: No data for ROMO1; skipping.
[2026-05-18 20:27:22,118] ERROR root: Missing key in response for format string: 'identifier'
[2026-05-18 20:27:22,119] WARNING root: No data for RPA1; skipping.
[2026-05-18 20:27:23,073] ERROR root: Missing key in response for format string: 'identifier'
[2026-05-18 20:27:23,074] WARNING root: No data for RPA2; skipping.
[2026-05-18 20:27:23,828] ERROR root: Missing key in response for format string: 'identifier'
[2026-05-18 20:27:23,829] WARNING root: No data for RPA3; skipping.
[2026-05-18 20:27:24,581] ERROR root: Missing key in response for format string: 'identifier'
[2026-05-18 20:27:24,582] WARNING root: No data for RPAIN; skipping.
[2026-05-18 20:27:25,330] ERROR root: Missing key in response for format string: 'identifier'
[2026-05-18 20:27:25,331] WARNING root: No data for RPAP1; skipping.
[2026-05-18 20:27:26,086] ERROR root: Missing key in response for format string: 'identifier'
[2026-05-18 20:27:26,087] WARNING root: No data for RPAP2; skipping.
[2026-05-18 20:27:26,839] ERROR root: Missing key in response for format string: 'identifier'
[2026-05-18 20:27:26,840] WARNING root: No data for RPAP3; skipping.
[2026-05-18 20:27:27,788] ERROR root: Missing key in response for format string: 'identifier'
[2026-05-18 20:27:27,789] WARNING root: No data for RPE; skipping.
[2026-05-18 20:27:28,740] ERROR root: Missing key in response for format string: 'identifier'
[2026-05-18 20:27:28,742] WARNING root: No data for RPF1; skipping.
[2026-05-18 20:27:29,494] ERROR root: Missing key in response for format string: 'identifier'
[2026-05-18 20:27:29,496] WARNING root: No data for RPF2; skipping.
[2026-05-18 20:27:30,251] ERROR root: Missing key in response for format string: 'identifier'
[2026-05-18 20:27:30,252] WARNING root: No data for RPIA; skipping.
[2026-05-18 20:27:31,184] ERROR root: Missing key in response for format string: 'identifier'
[2026-05-18 20:27:31,185] WARNING root: No data for RPL10; skipping.
[2026-05-18 20:27:31,935] ERROR root: Missing key in response for format string: 'identifier'
[2026-05-18 20:27:31,936] WARNING root: No data for RPL10A; skipping.
[2026-05-18 20:27:32,690] ERROR root: Missing key in response for format string: 'identifier'
[2026-05-18 20:27:32,691] WARNING root: No data for RPL11; skipping.
[2026-05-18 20:27:33,469] ERROR root: Missing key in response for format string: 'identifier'
[2026-05-18 20:27:33,470] WARNING root: No data for RPL12; skipping.
[2026-05-18 20:27:34,230] ERROR root: Missing key in response for format string: 'identifier'
[2026-05-18 20:27:34,231] WARNING root: No data for RPL13; skipping.
[2026-05-18 20:27:34,983] ERROR root: Missing key in response for format string: 'identifier'
[2026-05-18 20:27:34,984] WARNING root: No data for RPL13A; skipping.
[2026-05-18 20:27:35,741] ERROR root: Missing key in response for format string: 'identifier'
[2026-05-18 20:27:35,742] WARNING root: No data for RPL14; skipping.
[2026-05-18 20:27:36,492] ERROR root: Missing key in response for format string: 'identifier'
[2026-05-18 20:27:36,493] WARNING root: No data for RPL15; skipping.
[2026-05-18 20:27:37,433] ERROR root: Missing key in response for format string: 'identifier'
[2026-05-18 20:27:37,434] WARNING root: No data for RPL17; skipping.
[2026-05-18 20:27:38,195] ERROR root: Missing key in response for format string: 'identifier'
[2026-05-18 20:27:38,196] WARNING root: No data for RPL18; skipping.
[2026-05-18 20:27:38,945] ERROR root: Missing key in response for format string: 'identifier'
[2026-05-18 20:27:38,946] WARNING root: No data for RPL18A; skipping.
[2026-05-18 20:27:39,702] ERROR root: Missing key in response for format string: 'identifier'
[2026-05-18 20:27:39,703] WARNING root: No data for RPL19; skipping.
[2026-05-18 20:27:40,455] ERROR root: Missing key in response for format string: 'identifier'
[2026-05-18 20:27:40,456] WARNING root: No data for RPL21; skipping.
[2026-05-18 20:27:41,218] ERROR root: Missing key in response for format string: 'identifier'
[2026-05-18 20:27:41,219] WARNING root: No data for RPL23; skipping.
[2026-05-18 20:27:41,971] ERROR root: Missing key in response for format string: 'identifier'
[2026-05-18 20:27:41,972] WARNING root: No data for RPL23A; skipping.
[2026-05-18 20:27:42,736] ERROR root: Missing key in response for format string: 'identifier'
[2026-05-18 20:27:42,738] WARNING root: No data for RPL24; skipping.
[2026-05-18 20:27:43,484] ERROR root: Missing key in response for format string: 'identifier'
[2026-05-18 20:27:43,485] WARNING root: No data for RPL26; skipping.
[2026-05-18 20:27:44,229] ERROR root: Missing key in response for format string: 'identifier'
[2026-05-18 20:27:44,230] WARNING root: No data for RPL26L1; skipping.
[2026-05-18 20:27:44,979] ERROR root: Missing key in response for format string: 'identifier'
[2026-05-18 20:27:44,980] WARNING root: No data for RPL27; skipping.
[2026-05-18 20:27:45,729] ERROR root: Missing key in response for format string: 'identifier'
[2026-05-18 20:27:45,730] WARNING root: No data for RPL27A; skipping.
[2026-05-18 20:27:46,487] ERROR root: Missing key in response for format string: 'identifier'
[2026-05-18 20:27:46,488] WARNING root: No data for RPL28; skipping.
[2026-05-18 20:27:47,245] ERROR root: Missing key in response for format string: 'identifier'
[2026-05-18 20:27:47,246] WARNING root: No data for RPL29; skipping.
[2026-05-18 20:27:48,011] ERROR root: Missing key in response for format string: 'identifier'
[2026-05-18 20:27:48,012] WARNING root: No data for RPL3; skipping.
[2026-05-18 20:27:48,774] ERROR root: Missing key in response for format string: 'identifier'
[2026-05-18 20:27:48,775] WARNING root: No data for RPL30; skipping.
[2026-05-18 20:27:49,529] ERROR root: Missing key in response for format string: 'identifier'
[2026-05-18 20:27:49,530] WARNING root: No data for RPL31; skipping.
[2026-05-18 20:27:50,281] ERROR root: Missing key in response for format string: 'identifier'
[2026-05-18 20:27:50,282] WARNING root: No data for RPL32; skipping.
[2026-05-18 20:27:51,034] ERROR root: Missing key in response for format string: 'identifier'
[2026-05-18 20:27:51,035] WARNING root: No data for RPL34; skipping.
[2026-05-18 20:27:51,792] ERROR root: Missing key in response for format string: 'identifier'
[2026-05-18 20:27:51,793] WARNING root: No data for RPL35; skipping.
[2026-05-18 20:27:52,545] ERROR root: Missing key in response for format string: 'identifier'
[2026-05-18 20:27:52,546] WARNING root: No data for RPL35A; skipping.
[2026-05-18 20:27:53,302] ERROR root: Missing key in response for format string: 'identifier'
[2026-05-18 20:27:53,303] WARNING root: No data for RPL36; skipping.
[2026-05-18 20:27:54,069] ERROR root: Missing key in response for format string: 'identifier'
[2026-05-18 20:27:54,070] WARNING root: No data for RPL36A; skipping.
[2026-05-18 20:27:54,829] ERROR root: Missing key in response for format string: 'identifier'
[2026-05-18 20:27:54,830] WARNING root: No data for RPL36AL; skipping.
[2026-05-18 20:27:55,586] ERROR root: Missing key in response for format string: 'identifier'
[2026-05-18 20:27:55,588] WARNING root: No data for RPL37; skipping.
[2026-05-18 20:27:56,342] ERROR root: Missing key in response for format string: 'identifier'
[2026-05-18 20:27:56,343] WARNING root: No data for RPL37A; skipping.
[2026-05-18 20:27:59,339] ERROR root: Missing key in response for format string: 'identifier'
[2026-05-18 20:27:59,341] WARNING root: No data for RPL38; skipping.
[2026-05-18 20:28:00,090] ERROR root: Missing key in response for format string: 'identifier'
[2026-05-18 20:28:00,091] WARNING root: No data for RPL39; skipping.
[2026-05-18 20:28:00,849] ERROR root: Missing key in response for format string: 'identifier'
[2026-05-18 20:28:00,850] WARNING root: No data for RPL4; skipping.
[2026-05-18 20:28:01,606] ERROR root: Missing key in response for format string: 'identifier'
[2026-05-18 20:28:01,608] WARNING root: No data for RPL41; skipping.
[2026-05-18 20:28:02,389] ERROR root: Missing key in response for format string: 'identifier'
[2026-05-18 20:28:02,390] WARNING root: No data for RPL5; skipping.
[2026-05-18 20:28:03,151] ERROR root: Missing key in response for format string: 'identifier'
[2026-05-18 20:28:03,152] WARNING root: No data for RPL6; skipping.
[2026-05-18 20:28:03,910] ERROR root: Missing key in response for format string: 'identifier'
[2026-05-18 20:28:03,911] WARNING root: No data for RPL7; skipping.
[2026-05-18 20:28:04,663] ERROR root: Missing key in response for format string: 'identifier'
[2026-05-18 20:28:04,664] WARNING root: No data for RPL7A; skipping.
[2026-05-18 20:28:05,427] ERROR root: Missing key in response for format string: 'identifier'
[2026-05-18 20:28:05,428] WARNING root: No data for RPL7L1; skipping.
[2026-05-18 20:28:06,195] ERROR root: Missing key in response for format string: 'identifier'
[2026-05-18 20:28:06,196] WARNING root: No data for RPL8; skipping.
[2026-05-18 20:28:06,982] ERROR root: Missing key in response for format string: 'identifier'
[2026-05-18 20:28:06,983] WARNING root: No data for RPL9; skipping.
[2026-05-18 20:28:07,743] ERROR root: Missing key in response for format string: 'identifier'
[2026-05-18 20:28:07,744] WARNING root: No data for RPLP0; skipping.
[2026-05-18 20:28:08,500] ERROR root: Missing key in response for format string: 'identifier'
[2026-05-18 20:28:08,501] WARNING root: No data for RPLP1; skipping.
[2026-05-18 20:28:09,257] ERROR root: Missing key in response for format string: 'identifier'
[2026-05-18 20:28:09,258] WARNING root: No data for RPLP2; skipping.
[2026-05-18 20:28:10,202] ERROR root: Missing key in response for format string: 'identifier'
[2026-05-18 20:28:10,204] WARNING root: No data for RPN1; skipping.
[2026-05-18 20:28:11,153] ERROR root: Missing key in response for format string: 'identifier'
[2026-05-18 20:28:11,154] WARNING root: No data for RPN2; skipping.
[2026-05-18 20:28:11,908] ERROR root: Missing key in response for format string: 'identifier'
[2026-05-18 20:28:11,909] WARNING root: No data for RPP14; skipping.
[2026-05-18 20:28:12,670] ERROR root: Missing key in response for format string: 'identifier'
[2026-05-18 20:28:12,671] WARNING root: No data for RPP21; skipping.
[2026-05-18 20:28:13,426] ERROR root: Missing key in response for format string: 'identifier'
[2026-05-18 20:28:13,427] WARNING root: No data for RPP30; skipping.
[2026-05-18 20:28:14,176] ERROR root: Missing key in response for format string: 'identifier'
[2026-05-18 20:28:14,177] WARNING root: No data for RPP38; skipping.
[2026-05-18 20:28:14,936] ERROR root: Missing key in response for format string: 'identifier'
[2026-05-18 20:28:14,937] WARNING root: No data for RPP40; skipping.
[2026-05-18 20:28:15,687] ERROR root: Missing key in response for format string: 'identifier'
[2026-05-18 20:28:15,689] WARNING root: No data for RPRD1B; skipping.
[2026-05-18 20:28:16,444] ERROR root: Missing key in response for format string: 'identifier'
[2026-05-18 20:28:16,445] WARNING root: No data for RPS10; skipping.
[2026-05-18 20:28:17,207] ERROR root: Missing key in response for format string: 'identifier'
[2026-05-18 20:28:17,208] WARNING root: No data for RPS10-NUDT3; skipping.
[2026-05-18 20:28:17,956] ERROR root: Missing key in response for format string: 'identifier'
[2026-05-18 20:28:17,957] WARNING root: No data for RPS11; skipping.
[2026-05-18 20:28:19,430] ERROR root: Missing key in response for format string: 'identifier'
[2026-05-18 20:28:19,431] WARNING root: No data for RPS12; skipping.
[2026-05-18 20:28:20,188] ERROR root: Missing key in response for format string: 'identifier'
[2026-05-18 20:28:20,189] WARNING root: No data for RPS13; skipping.
[2026-05-18 20:28:23,440] ERROR root: Missing key in response for format string: 'identifier'
[2026-05-18 20:28:23,441] WARNING root: No data for RPS14; skipping.
[2026-05-18 20:28:24,236] ERROR root: Missing key in response for format string: 'identifier'
[2026-05-18 20:28:24,237] WARNING root: No data for RPS15; skipping.
[2026-05-18 20:28:24,989] ERROR root: Missing key in response for format string: 'identifier'
[2026-05-18 20:28:24,990] WARNING root: No data for RPS15A; skipping.
[2026-05-18 20:28:25,760] ERROR root: Missing key in response for format string: 'identifier'
[2026-05-18 20:28:25,761] WARNING root: No data for RPS16; skipping.
[2026-05-18 20:28:26,515] ERROR root: Missing key in response for format string: 'identifier'
[2026-05-18 20:28:26,516] WARNING root: No data for RPS17; skipping.
[2026-05-18 20:28:27,509] ERROR root: Missing key in response for format string: 'identifier'
[2026-05-18 20:28:27,510] WARNING root: No data for RPS18; skipping.
[2026-05-18 20:28:28,582] ERROR root: Missing key in response for format string: 'identifier'
[2026-05-18 20:28:28,583] WARNING root: No data for RPS19; skipping.
[2026-05-18 20:28:29,335] ERROR root: Missing key in response for format string: 'identifier'
[2026-05-18 20:28:29,336] WARNING root: No data for RPS19BP1; skipping.
[2026-05-18 20:28:31,778] ERROR root: Missing key in response for format string: 'identifier'
[2026-05-18 20:28:31,779] WARNING root: No data for RPS2; skipping.
[2026-05-18 20:28:32,540] ERROR root: Missing key in response for format string: 'identifier'
[2026-05-18 20:28:32,542] WARNING root: No data for RPS20; skipping.
[2026-05-18 20:28:33,301] ERROR root: Missing key in response for format string: 'identifier'
[2026-05-18 20:28:33,302] WARNING root: No data for RPS21; skipping.
[2026-05-18 20:28:34,057] ERROR root: Missing key in response for format string: 'identifier'
[2026-05-18 20:28:34,058] WARNING root: No data for RPS23; skipping.
[2026-05-18 20:28:34,820] ERROR root: Missing key in response for format string: 'identifier'
[2026-05-18 20:28:34,821] WARNING root: No data for RPS24; skipping.
[2026-05-18 20:28:35,581] ERROR root: Missing key in response for format string: 'identifier'
[2026-05-18 20:28:35,582] WARNING root: No data for RPS25; skipping.
[2026-05-18 20:28:36,340] ERROR root: Missing key in response for format string: 'identifier'
[2026-05-18 20:28:36,341] WARNING root: No data for RPS26; skipping.
[2026-05-18 20:28:37,100] ERROR root: Missing key in response for format string: 'identifier'
[2026-05-18 20:28:37,101] WARNING root: No data for RPS27; skipping.
[2026-05-18 20:28:38,075] ERROR root: Missing key in response for format string: 'identifier'
[2026-05-18 20:28:38,076] WARNING root: No data for RPS27A; skipping.
[2026-05-18 20:28:38,835] ERROR root: Missing key in response for format string: 'identifier'
[2026-05-18 20:28:38,836] WARNING root: No data for RPS28; skipping.
[2026-05-18 20:28:39,589] ERROR root: Missing key in response for format string: 'identifier'
[2026-05-18 20:28:39,590] WARNING root: No data for RPS29; skipping.
[2026-05-18 20:28:40,345] ERROR root: Missing key in response for format string: 'identifier'
[2026-05-18 20:28:40,346] WARNING root: No data for RPS3; skipping.
[2026-05-18 20:28:41,104] ERROR root: Missing key in response for format string: 'identifier'
[2026-05-18 20:28:41,106] WARNING root: No data for RPS3A; skipping.
[2026-05-18 20:28:41,864] ERROR root: Missing key in response for format string: 'identifier'
[2026-05-18 20:28:41,866] WARNING root: No data for RPS4X; skipping.
[2026-05-18 20:28:42,627] ERROR root: Missing key in response for format string: 'identifier'
[2026-05-18 20:28:42,629] WARNING root: No data for RPS5; skipping.
[2026-05-18 20:28:43,380] ERROR root: Missing key in response for format string: 'identifier'
[2026-05-18 20:28:43,381] WARNING root: No data for RPS6; skipping.
[2026-05-18 20:28:44,136] ERROR root: Missing key in response for format string: 'identifier'
[2026-05-18 20:28:44,137] WARNING root: No data for RPS7; skipping.
[2026-05-18 20:28:45,065] ERROR root: Missing key in response for format string: 'identifier'
[2026-05-18 20:28:45,066] WARNING root: No data for RPS8; skipping.
[2026-05-18 20:28:45,825] ERROR root: Missing key in response for format string: 'identifier'
[2026-05-18 20:28:45,826] WARNING root: No data for RPS9; skipping.
[2026-05-18 20:28:46,771] ERROR root: Missing key in response for format string: 'identifier'
[2026-05-18 20:28:46,772] WARNING root: No data for RPSA; skipping.
[2026-05-18 20:28:47,722] ERROR root: Missing key in response for format string: 'identifier'
[2026-05-18 20:28:47,723] WARNING root: No data for RPTOR; skipping.
[2026-05-18 20:28:48,478] ERROR root: Missing key in response for format string: 'identifier'
[2026-05-18 20:28:48,479] WARNING root: No data for RPUSD3; skipping.
[2026-05-18 20:28:49,777] ERROR root: Missing key in response for format string: 'identifier'
[2026-05-18 20:28:49,778] WARNING root: No data for RPUSD4; skipping.
[2026-05-18 20:28:50,919] ERROR root: Missing key in response for format string: 'identifier'
[2026-05-18 20:28:50,920] WARNING root: No data for RRM1; skipping.
[2026-05-18 20:28:51,996] ERROR root: Missing key in response for format string: 'identifier'
[2026-05-18 20:28:51,997] WARNING root: No data for RRM2; skipping.
[2026-05-18 20:28:52,757] ERROR root: Missing key in response for format string: 'identifier'
[2026-05-18 20:28:52,758] WARNING root: No data for RRN3; skipping.
[2026-05-18 20:28:53,519] ERROR root: Missing key in response for format string: 'identifier'
[2026-05-18 20:28:53,520] WARNING root: No data for RRP1; skipping.
[2026-05-18 20:28:54,579] ERROR root: Missing key in response for format string: 'identifier'
[2026-05-18 20:28:54,581] WARNING root: No data for RRP12; skipping.
[2026-05-18 20:28:55,332] ERROR root: Missing key in response for format string: 'identifier'
[2026-05-18 20:28:55,334] WARNING root: No data for RRP15; skipping.
[2026-05-18 20:28:56,081] ERROR root: Missing key in response for format string: 'identifier'
[2026-05-18 20:28:56,082] WARNING root: No data for RRP7A; skipping.
[2026-05-18 20:28:56,835] ERROR root: Missing key in response for format string: 'identifier'
[2026-05-18 20:28:56,836] WARNING root: No data for RRP9; skipping.
[2026-05-18 20:28:57,839] ERROR root: Missing key in response for format string: 'identifier'
[2026-05-18 20:28:57,840] WARNING root: No data for RRS1; skipping.
[2026-05-18 20:28:58,591] ERROR root: Missing key in response for format string: 'identifier'
[2026-05-18 20:28:58,592] WARNING root: No data for RSL1D1; skipping.
[2026-05-18 20:28:59,347] ERROR root: Missing key in response for format string: 'identifier'
[2026-05-18 20:28:59,348] WARNING root: No data for RSL24D1; skipping.
[2026-05-18 20:29:00,159] ERROR root: Missing key in response for format string: 'identifier'
[2026-05-18 20:29:00,160] WARNING root: No data for RSRC2; skipping.
[2026-05-18 20:29:00,918] ERROR root: Missing key in response for format string: 'identifier'
[2026-05-18 20:29:00,919] WARNING root: No data for RTCB; skipping.
[2026-05-18 20:29:01,879] ERROR root: Missing key in response for format string: 'identifier'
[2026-05-18 20:29:01,880] WARNING root: No data for RTEL1; skipping.
[2026-05-18 20:29:02,634] ERROR root: Missing key in response for format string: 'identifier'
[2026-05-18 20:29:02,635] WARNING root: No data for RTF1; skipping.
[2026-05-18 20:29:03,421] ERROR root: Missing key in response for format string: 'identifier'
[2026-05-18 20:29:03,423] WARNING root: No data for RTRAF; skipping.
[2026-05-18 20:29:04,168] ERROR root: Missing key in response for format string: 'identifier'
[2026-05-18 20:29:04,169] WARNING root: No data for RTTN; skipping.
[2026-05-18 20:29:04,914] ERROR root: Missing key in response for format string: 'identifier'
[2026-05-18 20:29:04,916] WARNING root: No data for RUVBL1; skipping.
[2026-05-18 20:29:05,675] ERROR root: Missing key in response for format string: 'identifier'
[2026-05-18 20:29:05,676] WARNING root: No data for RUVBL2; skipping.
[2026-05-18 20:29:06,447] ERROR root: Missing key in response for format string: 'identifier'
[2026-05-18 20:29:06,448] WARNING root: No data for S100A1; skipping.
[2026-05-18 20:29:07,204] ERROR root: Missing key in response for format string: 'identifier'
[2026-05-18 20:29:07,205] WARNING root: No data for SACM1L; skipping.
[2026-05-18 20:29:08,342] ERROR root: Missing key in response for format string: 'identifier'
[2026-05-18 20:29:08,344] WARNING root: No data for SAE1; skipping.
[2026-05-18 20:29:09,099] ERROR root: Missing key in response for format string: 'identifier'
[2026-05-18 20:29:09,100] WARNING root: No data for SAMD4B; skipping.
[2026-05-18 20:29:09,854] ERROR root: Missing key in response for format string: 'identifier'
[2026-05-18 20:29:09,855] WARNING root: No data for SAMM50; skipping.
[2026-05-18 20:29:10,634] ERROR root: Missing key in response for format string: 'identifier'
[2026-05-18 20:29:10,635] WARNING root: No data for SAP130; skipping.
[2026-05-18 20:29:11,403] ERROR root: Missing key in response for format string: 'identifier'
[2026-05-18 20:29:11,404] WARNING root: No data for SAP18; skipping.
[2026-05-18 20:29:12,211] ERROR root: Missing key in response for format string: 'identifier'
[2026-05-18 20:29:12,212] WARNING root: No data for SAP30BP; skipping.
[2026-05-18 20:29:12,967] ERROR root: Missing key in response for format string: 'identifier'
[2026-05-18 20:29:12,968] WARNING root: No data for SARNP; skipping.
[2026-05-18 20:29:13,938] ERROR root: Missing key in response for format string: 'identifier'
[2026-05-18 20:29:13,939] WARNING root: No data for SARS; skipping.
[2026-05-18 20:29:14,698] ERROR root: Missing key in response for format string: 'identifier'
[2026-05-18 20:29:14,699] WARNING root: No data for SARS2; skipping.
[2026-05-18 20:29:15,509] ERROR root: Missing key in response for format string: 'identifier'
[2026-05-18 20:29:15,510] WARNING root: No data for SART1; skipping.
[2026-05-18 20:29:16,266] ERROR root: Missing key in response for format string: 'identifier'
[2026-05-18 20:29:16,267] WARNING root: No data for SART3; skipping.
[2026-05-18 20:29:17,021] ERROR root: Missing key in response for format string: 'identifier'
[2026-05-18 20:29:17,022] WARNING root: No data for SASS6; skipping.
[2026-05-18 20:29:17,834] ERROR root: Missing key in response for format string: 'identifier'
[2026-05-18 20:29:17,835] WARNING root: No data for SBDS; skipping.
[2026-05-18 20:29:18,585] ERROR root: Missing key in response for format string: 'identifier'
[2026-05-18 20:29:18,586] WARNING root: No data for SBNO1; skipping.
[2026-05-18 20:29:19,343] ERROR root: Missing key in response for format string: 'identifier'
[2026-05-18 20:29:19,344] WARNING root: No data for SCAF1; skipping.
[2026-05-18 20:29:20,296] ERROR root: Missing key in response for format string: 'identifier'
[2026-05-18 20:29:20,297] WARNING root: No data for SCAP; skipping.
[2026-05-18 20:29:21,256] ERROR root: Missing key in response for format string: 'identifier'
[2026-05-18 20:29:21,257] WARNING root: No data for SCD; skipping.
[2026-05-18 20:29:22,010] ERROR root: Missing key in response for format string: 'identifier'
[2026-05-18 20:29:22,011] WARNING root: No data for SCFD1; skipping.
[2026-05-18 20:29:22,770] ERROR root: Missing key in response for format string: 'identifier'
[2026-05-18 20:29:22,771] WARNING root: No data for SCNM1; skipping.
[2026-05-18 20:29:23,530] ERROR root: Missing key in response for format string: 'identifier'
[2026-05-18 20:29:23,531] WARNING root: No data for SDAD1; skipping.
[2026-05-18 20:29:24,476] ERROR root: Missing key in response for format string: 'identifier'
[2026-05-18 20:29:24,477] WARNING root: No data for SDC1; skipping.
[2026-05-18 20:29:25,243] ERROR root: Missing key in response for format string: 'identifier'
[2026-05-18 20:29:25,244] WARNING root: No data for SDE2; skipping.
[2026-05-18 20:29:26,187] ERROR root: Missing key in response for format string: 'identifier'
[2026-05-18 20:29:26,188] WARNING root: No data for SDHA; skipping.
[2026-05-18 20:29:26,931] ERROR root: Missing key in response for format string: 'identifier'
[2026-05-18 20:29:26,932] WARNING root: No data for SDHAF2; skipping.
[2026-05-18 20:29:27,701] ERROR root: Missing key in response for format string: 'identifier'
[2026-05-18 20:29:27,702] WARNING root: No data for SDHC; skipping.
[2026-05-18 20:29:28,647] ERROR root: Missing key in response for format string: 'identifier'
[2026-05-18 20:29:28,649] WARNING root: No data for SDHD; skipping.
[2026-05-18 20:29:29,402] ERROR root: Missing key in response for format string: 'identifier'
[2026-05-18 20:29:29,403] WARNING root: No data for SDR39U1; skipping.
[2026-05-18 20:29:30,362] ERROR root: Missing key in response for format string: 'identifier'
[2026-05-18 20:29:30,363] WARNING root: No data for SEC13; skipping.
[2026-05-18 20:29:31,122] ERROR root: Missing key in response for format string: 'identifier'
[2026-05-18 20:29:31,123] WARNING root: No data for SEC16A; skipping.
[2026-05-18 20:29:31,882] ERROR root: Missing key in response for format string: 'identifier'
[2026-05-18 20:29:31,884] WARNING root: No data for SEC61A1; skipping.
[2026-05-18 20:29:32,637] ERROR root: Missing key in response for format string: 'identifier'
[2026-05-18 20:29:32,638] WARNING root: No data for SEC61B; skipping.
[2026-05-18 20:29:33,398] ERROR root: Missing key in response for format string: 'identifier'
[2026-05-18 20:29:33,400] WARNING root: No data for SEC61G; skipping.
[2026-05-18 20:29:34,342] ERROR root: Missing key in response for format string: 'identifier'
[2026-05-18 20:29:34,343] WARNING root: No data for SEC62; skipping.
[2026-05-18 20:29:35,287] ERROR root: Missing key in response for format string: 'identifier'
[2026-05-18 20:29:35,289] WARNING root: No data for SEC63; skipping.
[2026-05-18 20:29:36,041] ERROR root: Missing key in response for format string: 'identifier'
[2026-05-18 20:29:36,043] WARNING root: No data for SEH1L; skipping.
[2026-05-18 20:29:37,373] ERROR root: Missing key in response for format string: 'identifier'
[2026-05-18 20:29:37,374] WARNING root: No data for SEM1; skipping.
[2026-05-18 20:29:38,134] ERROR root: Missing key in response for format string: 'identifier'
[2026-05-18 20:29:38,136] WARNING root: No data for SENP6; skipping.
[2026-05-18 20:29:39,062] ERROR root: Missing key in response for format string: 'identifier'
[2026-05-18 20:29:39,063] WARNING root: No data for SEPHS2; skipping.
[2026-05-18 20:29:39,906] ERROR root: Missing key in response for format string: 'identifier'
[2026-05-18 20:29:39,907] WARNING root: No data for SEPSECS; skipping.
[2026-05-18 20:29:40,661] ERROR root: Missing key in response for format string: 'identifier'
[2026-05-18 20:29:40,662] WARNING root: No data for SERBP1; skipping.
[2026-05-18 20:29:41,409] ERROR root: Missing key in response for format string: 'identifier'
[2026-05-18 20:29:41,410] WARNING root: No data for SERF2; skipping.
[2026-05-18 20:29:42,161] ERROR root: Missing key in response for format string: 'identifier'
[2026-05-18 20:29:42,162] WARNING root: No data for SERPINB1; skipping.
[2026-05-18 20:29:43,318] ERROR root: Missing key in response for format string: 'identifier'
[2026-05-18 20:29:43,319] WARNING root: No data for SET; skipping.
[2026-05-18 20:29:44,105] ERROR root: Missing key in response for format string: 'identifier'
[2026-05-18 20:29:44,106] WARNING root: No data for SETD1A; skipping.
[2026-05-18 20:29:45,039] ERROR root: Missing key in response for format string: 'identifier'
[2026-05-18 20:29:45,040] WARNING root: No data for SETD2; skipping.
[2026-05-18 20:29:45,796] ERROR root: Missing key in response for format string: 'identifier'
[2026-05-18 20:29:45,797] WARNING root: No data for SETD5; skipping.
[2026-05-18 20:29:46,738] ERROR root: Missing key in response for format string: 'identifier'
[2026-05-18 20:29:46,739] WARNING root: No data for SETDB1; skipping.
[2026-05-18 20:29:47,494] ERROR root: Missing key in response for format string: 'identifier'
[2026-05-18 20:29:47,495] WARNING root: No data for SETX; skipping.
[2026-05-18 20:29:48,260] ERROR root: Missing key in response for format string: 'identifier'
[2026-05-18 20:29:48,261] WARNING root: No data for SF1; skipping.
[2026-05-18 20:29:49,016] ERROR root: Missing key in response for format string: 'identifier'
[2026-05-18 20:29:49,017] WARNING root: No data for SF3A1; skipping.
[2026-05-18 20:29:49,768] ERROR root: Missing key in response for format string: 'identifier'
[2026-05-18 20:29:49,769] WARNING root: No data for SF3A2; skipping.
[2026-05-18 20:29:50,521] ERROR root: Missing key in response for format string: 'identifier'
[2026-05-18 20:29:50,522] WARNING root: No data for SF3A3; skipping.
[2026-05-18 20:29:51,459] ERROR root: Missing key in response for format string: 'identifier'
[2026-05-18 20:29:51,460] WARNING root: No data for SF3B1; skipping.
[2026-05-18 20:29:52,219] ERROR root: Missing key in response for format string: 'identifier'
[2026-05-18 20:29:52,220] WARNING root: No data for SF3B2; skipping.
[2026-05-18 20:29:52,971] ERROR root: Missing key in response for format string: 'identifier'
[2026-05-18 20:29:52,972] WARNING root: No data for SF3B3; skipping.
[2026-05-18 20:29:53,723] ERROR root: Missing key in response for format string: 'identifier'
[2026-05-18 20:29:53,724] WARNING root: No data for SF3B4; skipping.
[2026-05-18 20:29:54,479] ERROR root: Missing key in response for format string: 'identifier'
[2026-05-18 20:29:54,480] WARNING root: No data for SF3B5; skipping.
[2026-05-18 20:29:55,419] ERROR root: Missing key in response for format string: 'identifier'
[2026-05-18 20:29:55,420] WARNING root: No data for SFPQ; skipping.
[2026-05-18 20:29:56,173] ERROR root: Missing key in response for format string: 'identifier'
[2026-05-18 20:29:56,174] WARNING root: No data for SFSWAP; skipping.
[2026-05-18 20:29:56,929] ERROR root: Missing key in response for format string: 'identifier'
[2026-05-18 20:29:56,930] WARNING root: No data for SGPP1; skipping.
[2026-05-18 20:29:57,868] ERROR root: Missing key in response for format string: 'identifier'
[2026-05-18 20:29:57,869] WARNING root: No data for SH3KBP1; skipping.
[2026-05-18 20:29:59,028] ERROR root: Missing key in response for format string: 'identifier'
[2026-05-18 20:29:59,029] WARNING root: No data for SHC1; skipping.
[2026-05-18 20:30:00,968] ERROR root: Missing key in response for format string: 'identifier'
[2026-05-18 20:30:00,969] WARNING root: No data for SHOC2; skipping.
[2026-05-18 20:30:01,767] ERROR root: Missing key in response for format string: 'identifier'
[2026-05-18 20:30:01,768] WARNING root: No data for SHQ1; skipping.
[2026-05-18 20:30:02,526] ERROR root: Missing key in response for format string: 'identifier'
[2026-05-18 20:30:02,528] WARNING root: No data for SIGLEC14; skipping.
[2026-05-18 20:30:03,552] ERROR root: Missing key in response for format string: 'identifier'
[2026-05-18 20:30:03,553] WARNING root: No data for SIN3A; skipping.
[2026-05-18 20:30:04,319] ERROR root: Missing key in response for format string: 'identifier'
[2026-05-18 20:30:04,321] WARNING root: No data for SIRT7; skipping.
[2026-05-18 20:30:05,071] ERROR root: Missing key in response for format string: 'identifier'
[2026-05-18 20:30:05,072] WARNING root: No data for SKA1; skipping.
[2026-05-18 20:30:05,829] ERROR root: Missing key in response for format string: 'identifier'
[2026-05-18 20:30:05,830] WARNING root: No data for SKA3; skipping.
[2026-05-18 20:30:06,802] ERROR root: Missing key in response for format string: 'identifier'
[2026-05-18 20:30:06,803] WARNING root: No data for SKP1; skipping.
[2026-05-18 20:30:08,154] ERROR root: Missing key in response for format string: 'identifier'
[2026-05-18 20:30:08,156] WARNING root: No data for SKP2; skipping.
[2026-05-18 20:30:09,308] ERROR root: Missing key in response for format string: 'identifier'
[2026-05-18 20:30:09,309] WARNING root: No data for SLBP; skipping.
[2026-05-18 20:30:10,066] ERROR root: Missing key in response for format string: 'identifier'
[2026-05-18 20:30:10,067] WARNING root: No data for SLC16A5; skipping.
[2026-05-18 20:30:10,822] ERROR root: Missing key in response for format string: 'identifier'
[2026-05-18 20:30:10,823] WARNING root: No data for SLC1A5; skipping.
[2026-05-18 20:30:11,581] ERROR root: Missing key in response for format string: 'identifier'
[2026-05-18 20:30:11,582] WARNING root: No data for SLC25A10; skipping.
[2026-05-18 20:30:12,332] ERROR root: Missing key in response for format string: 'identifier'
[2026-05-18 20:30:12,333] WARNING root: No data for SLC25A26; skipping.
[2026-05-18 20:30:13,082] ERROR root: Missing key in response for format string: 'identifier'
[2026-05-18 20:30:13,083] WARNING root: No data for SLC25A3; skipping.
[2026-05-18 20:30:13,871] ERROR root: Missing key in response for format string: 'identifier'
[2026-05-18 20:30:13,872] WARNING root: No data for SLC25A42; skipping.
[2026-05-18 20:30:14,717] ERROR root: Missing key in response for format string: 'identifier'
[2026-05-18 20:30:14,718] WARNING root: No data for SLC2A8; skipping.
[2026-05-18 20:30:15,477] ERROR root: Missing key in response for format string: 'identifier'
[2026-05-18 20:30:15,479] WARNING root: No data for SLC35A4; skipping.
[2026-05-18 20:30:16,346] ERROR root: Missing key in response for format string: 'identifier'
[2026-05-18 20:30:16,347] WARNING root: No data for SLC35B1; skipping.
[2026-05-18 20:30:17,097] ERROR root: Missing key in response for format string: 'identifier'
[2026-05-18 20:30:17,099] WARNING root: No data for SLC35G2; skipping.
[2026-05-18 20:30:17,849] ERROR root: Missing key in response for format string: 'identifier'
[2026-05-18 20:30:17,850] WARNING root: No data for SLC35G6; skipping.
[2026-05-18 20:30:18,605] ERROR root: Missing key in response for format string: 'identifier'
[2026-05-18 20:30:18,606] WARNING root: No data for SLC39A10; skipping.
[2026-05-18 20:30:19,368] ERROR root: Missing key in response for format string: 'identifier'
[2026-05-18 20:30:19,369] WARNING root: No data for SLC39A7; skipping.
[2026-05-18 20:30:20,276] ERROR root: Missing key in response for format string: 'identifier'
[2026-05-18 20:30:20,277] WARNING root: No data for SLC39A9; skipping.
[2026-05-18 20:30:21,223] ERROR root: Missing key in response for format string: 'identifier'
[2026-05-18 20:30:21,224] WARNING root: No data for SLC4A5; skipping.
[2026-05-18 20:30:22,163] ERROR root: Missing key in response for format string: 'identifier'
[2026-05-18 20:30:22,164] WARNING root: No data for SLC7A5; skipping.
[2026-05-18 20:30:22,909] ERROR root: Missing key in response for format string: 'identifier'
[2026-05-18 20:30:22,910] WARNING root: No data for SLC7A6OS; skipping.
[2026-05-18 20:30:23,888] ERROR root: Missing key in response for format string: 'identifier'
[2026-05-18 20:30:23,889] WARNING root: No data for SLC9B1; skipping.
[2026-05-18 20:30:24,652] ERROR root: Missing key in response for format string: 'identifier'
[2026-05-18 20:30:24,653] WARNING root: No data for SLU7; skipping.
[2026-05-18 20:30:25,400] ERROR root: Missing key in response for format string: 'identifier'
[2026-05-18 20:30:25,401] WARNING root: No data for SMAGP; skipping.
[2026-05-18 20:30:26,377] ERROR root: Missing key in response for format string: 'identifier'
[2026-05-18 20:30:26,378] WARNING root: No data for SMARCB1; skipping.
[2026-05-18 20:30:27,135] ERROR root: Missing key in response for format string: 'identifier'
[2026-05-18 20:30:27,136] WARNING root: No data for SMARCC1; skipping.
[2026-05-18 20:30:27,914] ERROR root: Missing key in response for format string: 'identifier'
[2026-05-18 20:30:27,916] WARNING root: No data for SMARCE1; skipping.
[2026-05-18 20:30:28,681] ERROR root: Missing key in response for format string: 'identifier'
[2026-05-18 20:30:28,682] WARNING root: No data for SMC1A; skipping.
[2026-05-18 20:30:29,625] ERROR root: Missing key in response for format string: 'identifier'
[2026-05-18 20:30:29,626] WARNING root: No data for SMC2; skipping.
[2026-05-18 20:30:30,571] ERROR root: Missing key in response for format string: 'identifier'
[2026-05-18 20:30:30,572] WARNING root: No data for SMC3; skipping.
[2026-05-18 20:30:31,329] ERROR root: Missing key in response for format string: 'identifier'
[2026-05-18 20:30:31,331] WARNING root: No data for SMC4; skipping.
[2026-05-18 20:30:33,114] ERROR root: Missing key in response for format string: 'identifier'
[2026-05-18 20:30:33,115] WARNING root: No data for SMC5; skipping.
[2026-05-18 20:30:34,076] ERROR root: Missing key in response for format string: 'identifier'
[2026-05-18 20:30:34,078] WARNING root: No data for SMC6; skipping.
[2026-05-18 20:30:34,834] ERROR root: Missing key in response for format string: 'identifier'
[2026-05-18 20:30:34,835] WARNING root: No data for SMG1; skipping.
[2026-05-18 20:30:35,601] ERROR root: Missing key in response for format string: 'identifier'
[2026-05-18 20:30:35,602] WARNING root: No data for SMG5; skipping.
[2026-05-18 20:30:36,381] ERROR root: Missing key in response for format string: 'identifier'
[2026-05-18 20:30:36,382] WARNING root: No data for SMG6; skipping.
[2026-05-18 20:30:37,153] ERROR root: Missing key in response for format string: 'identifier'
[2026-05-18 20:30:37,154] WARNING root: No data for SMG7; skipping.
[2026-05-18 20:30:37,900] ERROR root: Missing key in response for format string: 'identifier'
[2026-05-18 20:30:37,901] WARNING root: No data for SMG8; skipping.
[2026-05-18 20:30:38,650] ERROR root: Missing key in response for format string: 'identifier'
[2026-05-18 20:30:38,651] WARNING root: No data for SMG9; skipping.
[2026-05-18 20:30:39,596] ERROR root: Missing key in response for format string: 'identifier'
[2026-05-18 20:30:39,597] WARNING root: No data for SMN2; skipping.
[2026-05-18 20:30:40,352] ERROR root: Missing key in response for format string: 'identifier'
[2026-05-18 20:30:40,353] WARNING root: No data for SMNDC1; skipping.
[2026-05-18 20:30:41,102] ERROR root: Missing key in response for format string: 'identifier'
[2026-05-18 20:30:41,104] WARNING root: No data for SMU1; skipping.
[2026-05-18 20:30:41,864] ERROR root: Missing key in response for format string: 'identifier'
[2026-05-18 20:30:41,865] WARNING root: No data for SMUG1; skipping.
[2026-05-18 20:30:42,611] ERROR root: Missing key in response for format string: 'identifier'
[2026-05-18 20:30:42,612] WARNING root: No data for SNAPC1; skipping.
[2026-05-18 20:30:43,367] ERROR root: Missing key in response for format string: 'identifier'
[2026-05-18 20:30:43,368] WARNING root: No data for SNAPC2; skipping.
[2026-05-18 20:30:44,119] ERROR root: Missing key in response for format string: 'identifier'
[2026-05-18 20:30:44,120] WARNING root: No data for SNAPC3; skipping.
[2026-05-18 20:30:44,876] ERROR root: Missing key in response for format string: 'identifier'
[2026-05-18 20:30:44,877] WARNING root: No data for SNAPC4; skipping.
[2026-05-18 20:30:45,627] ERROR root: Missing key in response for format string: 'identifier'
[2026-05-18 20:30:45,628] WARNING root: No data for SNAPC5; skipping.
[2026-05-18 20:30:46,393] ERROR root: Missing key in response for format string: 'identifier'
[2026-05-18 20:30:46,394] WARNING root: No data for SNF8; skipping.
[2026-05-18 20:30:47,145] ERROR root: Missing key in response for format string: 'identifier'
[2026-05-18 20:30:47,146] WARNING root: No data for SNIP1; skipping.
[2026-05-18 20:30:47,901] ERROR root: Missing key in response for format string: 'identifier'
[2026-05-18 20:30:47,902] WARNING root: No data for SNRNP200; skipping.
[2026-05-18 20:30:49,082] ERROR root: Missing key in response for format string: 'identifier'
[2026-05-18 20:30:49,083] WARNING root: No data for SNRNP25; skipping.
[2026-05-18 20:30:49,834] ERROR root: Missing key in response for format string: 'identifier'
[2026-05-18 20:30:49,835] WARNING root: No data for SNRNP27; skipping.
[2026-05-18 20:30:50,590] ERROR root: Missing key in response for format string: 'identifier'
[2026-05-18 20:30:50,592] WARNING root: No data for SNRNP35; skipping.
[2026-05-18 20:30:51,350] ERROR root: Missing key in response for format string: 'identifier'
[2026-05-18 20:30:51,351] WARNING root: No data for SNRNP40; skipping.
[2026-05-18 20:30:52,106] ERROR root: Missing key in response for format string: 'identifier'
[2026-05-18 20:30:52,107] WARNING root: No data for SNRNP48; skipping.
[2026-05-18 20:30:52,866] ERROR root: Missing key in response for format string: 'identifier'
[2026-05-18 20:30:52,867] WARNING root: No data for SNRNP70; skipping.
[2026-05-18 20:30:53,992] ERROR root: Missing key in response for format string: 'identifier'
[2026-05-18 20:30:53,994] WARNING root: No data for SNRPA; skipping.
[2026-05-18 20:30:54,757] ERROR root: Missing key in response for format string: 'identifier'
[2026-05-18 20:30:54,758] WARNING root: No data for SNRPA1; skipping.
[2026-05-18 20:30:55,510] ERROR root: Missing key in response for format string: 'identifier'
[2026-05-18 20:30:55,511] WARNING root: No data for SNRPB; skipping.
[2026-05-18 20:30:56,458] ERROR root: Missing key in response for format string: 'identifier'
[2026-05-18 20:30:56,459] WARNING root: No data for SNRPC; skipping.
[2026-05-18 20:30:57,218] ERROR root: Missing key in response for format string: 'identifier'
[2026-05-18 20:30:57,219] WARNING root: No data for SNRPD1; skipping.
[2026-05-18 20:30:58,179] ERROR root: Missing key in response for format string: 'identifier'
[2026-05-18 20:30:58,180] WARNING root: No data for SNRPD2; skipping.
[2026-05-18 20:30:58,927] ERROR root: Missing key in response for format string: 'identifier'
[2026-05-18 20:30:58,928] WARNING root: No data for SNRPD3; skipping.
[2026-05-18 20:30:59,688] ERROR root: Missing key in response for format string: 'identifier'
[2026-05-18 20:30:59,689] WARNING root: No data for SNRPE; skipping.
[2026-05-18 20:31:00,672] ERROR root: Missing key in response for format string: 'identifier'
[2026-05-18 20:31:00,674] WARNING root: No data for SNRPF; skipping.
[2026-05-18 20:31:01,432] ERROR root: Missing key in response for format string: 'identifier'
[2026-05-18 20:31:01,433] WARNING root: No data for SNRPG; skipping.
[2026-05-18 20:31:02,546] ERROR root: Missing key in response for format string: 'identifier'
[2026-05-18 20:31:02,547] WARNING root: No data for SNTB2; skipping.
[2026-05-18 20:31:03,531] ERROR root: Missing key in response for format string: 'identifier'
[2026-05-18 20:31:03,532] WARNING root: No data for SNUPN; skipping.
[2026-05-18 20:31:04,280] ERROR root: Missing key in response for format string: 'identifier'
[2026-05-18 20:31:04,281] WARNING root: No data for SNW1; skipping.
[2026-05-18 20:31:05,040] ERROR root: Missing key in response for format string: 'identifier'
[2026-05-18 20:31:05,042] WARNING root: No data for SNX15; skipping.
[2026-05-18 20:31:06,185] ERROR root: Missing key in response for format string: 'identifier'
[2026-05-18 20:31:06,187] WARNING root: No data for SOD1; skipping.
[2026-05-18 20:31:07,323] ERROR root: Missing key in response for format string: 'identifier'
[2026-05-18 20:31:07,325] WARNING root: No data for SOD2; skipping.
[2026-05-18 20:31:08,275] ERROR root: Missing key in response for format string: 'identifier'
[2026-05-18 20:31:08,277] WARNING root: No data for SON; skipping.
[2026-05-18 20:31:09,416] ERROR root: Missing key in response for format string: 'identifier'
[2026-05-18 20:31:09,418] WARNING root: No data for SP1; skipping.
[2026-05-18 20:31:10,354] ERROR root: Missing key in response for format string: 'identifier'
[2026-05-18 20:31:10,355] WARNING root: No data for SP2; skipping.
[2026-05-18 20:31:11,111] ERROR root: Missing key in response for format string: 'identifier'
[2026-05-18 20:31:11,112] WARNING root: No data for SPAG7; skipping.
[2026-05-18 20:31:11,860] ERROR root: Missing key in response for format string: 'identifier'
[2026-05-18 20:31:11,862] WARNING root: No data for SPATA5; skipping.
[2026-05-18 20:31:12,618] ERROR root: Missing key in response for format string: 'identifier'
[2026-05-18 20:31:12,619] WARNING root: No data for SPATA5L1; skipping.
[2026-05-18 20:31:13,382] ERROR root: Missing key in response for format string: 'identifier'
[2026-05-18 20:31:13,383] WARNING root: No data for SPC24; skipping.
[2026-05-18 20:31:14,139] ERROR root: Missing key in response for format string: 'identifier'
[2026-05-18 20:31:14,140] WARNING root: No data for SPC25; skipping.
[2026-05-18 20:31:14,896] ERROR root: Missing key in response for format string: 'identifier'
[2026-05-18 20:31:14,897] WARNING root: No data for SPCS2; skipping.
[2026-05-18 20:31:15,649] ERROR root: Missing key in response for format string: 'identifier'
[2026-05-18 20:31:15,650] WARNING root: No data for SPCS3; skipping.
[2026-05-18 20:31:16,407] ERROR root: Missing key in response for format string: 'identifier'
[2026-05-18 20:31:16,408] WARNING root: No data for SPDL1; skipping.
[2026-05-18 20:31:17,163] ERROR root: Missing key in response for format string: 'identifier'
[2026-05-18 20:31:17,179] WARNING root: No data for SPDYE2; skipping.
[2026-05-18 20:31:17,932] ERROR root: Missing key in response for format string: 'identifier'
[2026-05-18 20:31:17,933] WARNING root: No data for SPEN; skipping.
[2026-05-18 20:31:18,695] ERROR root: Missing key in response for format string: 'identifier'
[2026-05-18 20:31:18,696] WARNING root: No data for SPG7; skipping.
[2026-05-18 20:31:19,455] ERROR root: Missing key in response for format string: 'identifier'
[2026-05-18 20:31:19,456] WARNING root: No data for SPOUT1; skipping.
[2026-05-18 20:31:20,211] ERROR root: Missing key in response for format string: 'identifier'
[2026-05-18 20:31:20,212] WARNING root: No data for SPRTN; skipping.
[2026-05-18 20:31:21,153] ERROR root: Missing key in response for format string: 'identifier'
[2026-05-18 20:31:21,154] WARNING root: No data for SPTLC1; skipping.
[2026-05-18 20:31:21,902] ERROR root: Missing key in response for format string: 'identifier'
[2026-05-18 20:31:21,903] WARNING root: No data for SPTSSA; skipping.
[2026-05-18 20:31:23,051] ERROR root: Missing key in response for format string: 'identifier'
[2026-05-18 20:31:23,052] WARNING root: No data for SRA1; skipping.
[2026-05-18 20:31:23,810] ERROR root: Missing key in response for format string: 'identifier'
[2026-05-18 20:31:23,811] WARNING root: No data for SRBD1; skipping.
[2026-05-18 20:31:24,586] ERROR root: Missing key in response for format string: 'identifier'
[2026-05-18 20:31:24,587] WARNING root: No data for SRCAP; skipping.
[2026-05-18 20:31:25,721] ERROR root: Missing key in response for format string: 'identifier'
[2026-05-18 20:31:25,722] WARNING root: No data for SRF; skipping.
[2026-05-18 20:31:26,486] ERROR root: Missing key in response for format string: 'identifier'
[2026-05-18 20:31:26,487] WARNING root: No data for SRFBP1; skipping.
[2026-05-18 20:31:27,251] ERROR root: Missing key in response for format string: 'identifier'
[2026-05-18 20:31:27,252] WARNING root: No data for SRP14; skipping.
[2026-05-18 20:31:28,009] ERROR root: Missing key in response for format string: 'identifier'
[2026-05-18 20:31:28,010] WARNING root: No data for SRP19; skipping.
[2026-05-18 20:31:28,762] ERROR root: Missing key in response for format string: 'identifier'
[2026-05-18 20:31:28,763] WARNING root: No data for SRP54; skipping.
[2026-05-18 20:31:29,528] ERROR root: Missing key in response for format string: 'identifier'
[2026-05-18 20:31:29,529] WARNING root: No data for SRP68; skipping.
[2026-05-18 20:31:30,286] ERROR root: Missing key in response for format string: 'identifier'
[2026-05-18 20:31:30,287] WARNING root: No data for SRP72; skipping.
[2026-05-18 20:31:31,039] ERROR root: Missing key in response for format string: 'identifier'
[2026-05-18 20:31:31,040] WARNING root: No data for SRP9; skipping.
[2026-05-18 20:31:31,789] ERROR root: Missing key in response for format string: 'identifier'
[2026-05-18 20:31:31,790] WARNING root: No data for SRPRB; skipping.
[2026-05-18 20:31:32,561] ERROR root: Missing key in response for format string: 'identifier'
[2026-05-18 20:31:32,563] WARNING root: No data for SRRM1; skipping.
[2026-05-18 20:31:33,315] ERROR root: Missing key in response for format string: 'identifier'
[2026-05-18 20:31:33,316] WARNING root: No data for SRRM2; skipping.
[2026-05-18 20:31:34,074] ERROR root: Missing key in response for format string: 'identifier'
[2026-05-18 20:31:34,075] WARNING root: No data for SRRT; skipping.
[2026-05-18 20:31:35,013] ERROR root: Missing key in response for format string: 'identifier'
[2026-05-18 20:31:35,014] WARNING root: No data for SRSF1; skipping.
[2026-05-18 20:31:35,948] ERROR root: Missing key in response for format string: 'identifier'
[2026-05-18 20:31:35,949] WARNING root: No data for SRSF10; skipping.
[2026-05-18 20:31:36,703] ERROR root: Missing key in response for format string: 'identifier'
[2026-05-18 20:31:36,704] WARNING root: No data for SRSF11; skipping.
[2026-05-18 20:31:37,636] ERROR root: Missing key in response for format string: 'identifier'
[2026-05-18 20:31:37,637] WARNING root: No data for SRSF2; skipping.
[2026-05-18 20:31:38,406] ERROR root: Missing key in response for format string: 'identifier'
[2026-05-18 20:31:38,407] WARNING root: No data for SRSF3; skipping.
[2026-05-18 20:31:39,164] ERROR root: Missing key in response for format string: 'identifier'
[2026-05-18 20:31:39,166] WARNING root: No data for SRSF6; skipping.
[2026-05-18 20:31:39,922] ERROR root: Missing key in response for format string: 'identifier'
[2026-05-18 20:31:39,924] WARNING root: No data for SRSF7; skipping.
[2026-05-18 20:31:40,677] ERROR root: Missing key in response for format string: 'identifier'
[2026-05-18 20:31:40,678] WARNING root: No data for SS18L2; skipping.
[2026-05-18 20:31:41,431] ERROR root: Missing key in response for format string: 'identifier'
[2026-05-18 20:31:41,432] WARNING root: No data for SSBP1; skipping.
[2026-05-18 20:31:42,195] ERROR root: Missing key in response for format string: 'identifier'
[2026-05-18 20:31:42,196] WARNING root: No data for SSBP3; skipping.
[2026-05-18 20:31:42,954] ERROR root: Missing key in response for format string: 'identifier'
[2026-05-18 20:31:42,955] WARNING root: No data for SSRP1; skipping.
[2026-05-18 20:31:43,721] ERROR root: Missing key in response for format string: 'identifier'
[2026-05-18 20:31:43,722] WARNING root: No data for SSU72; skipping.
[2026-05-18 20:31:44,672] ERROR root: Missing key in response for format string: 'identifier'
[2026-05-18 20:31:44,673] WARNING root: No data for SSX4; skipping.
[2026-05-18 20:31:45,639] ERROR root: Missing key in response for format string: 'identifier'
[2026-05-18 20:31:45,640] WARNING root: No data for STAG2; skipping.
[2026-05-18 20:31:46,389] ERROR root: Missing key in response for format string: 'identifier'
[2026-05-18 20:31:46,390] WARNING root: No data for STARD7; skipping.
[2026-05-18 20:31:47,334] ERROR root: Missing key in response for format string: 'identifier'
[2026-05-18 20:31:47,335] WARNING root: No data for STAT5A; skipping.
[2026-05-18 20:31:48,266] ERROR root: Missing key in response for format string: 'identifier'
[2026-05-18 20:31:48,267] WARNING root: No data for STAT5B; skipping.
[2026-05-18 20:31:49,030] ERROR root: Missing key in response for format string: 'identifier'
[2026-05-18 20:31:49,032] WARNING root: No data for STIL; skipping.
[2026-05-18 20:31:49,803] ERROR root: Missing key in response for format string: 'identifier'
[2026-05-18 20:31:49,804] WARNING root: No data for STRAP; skipping.
[2026-05-18 20:31:50,554] ERROR root: Missing key in response for format string: 'identifier'
[2026-05-18 20:31:50,555] WARNING root: No data for STRIP1; skipping.
[2026-05-18 20:31:51,313] ERROR root: Missing key in response for format string: 'identifier'
[2026-05-18 20:31:51,314] WARNING root: No data for STT3B; skipping.
[2026-05-18 20:31:52,065] ERROR root: Missing key in response for format string: 'identifier'
[2026-05-18 20:31:52,066] WARNING root: No data for STX18; skipping.
[2026-05-18 20:31:52,828] ERROR root: Missing key in response for format string: 'identifier'
[2026-05-18 20:31:52,829] WARNING root: No data for STX5; skipping.
[2026-05-18 20:31:53,584] ERROR root: Missing key in response for format string: 'identifier'
[2026-05-18 20:31:53,585] WARNING root: No data for STXBP4; skipping.
[2026-05-18 20:31:54,345] ERROR root: Missing key in response for format string: 'identifier'
[2026-05-18 20:31:54,346] WARNING root: No data for SUDS3; skipping.
[2026-05-18 20:31:55,109] ERROR root: Missing key in response for format string: 'identifier'
[2026-05-18 20:31:55,110] WARNING root: No data for SUGP1; skipping.
[2026-05-18 20:31:55,875] ERROR root: Missing key in response for format string: 'identifier'
[2026-05-18 20:31:55,876] WARNING root: No data for SUGT1; skipping.
[2026-05-18 20:31:56,892] ERROR root: Missing key in response for format string: 'identifier'
[2026-05-18 20:31:56,893] WARNING root: No data for SUMO2; skipping.
[2026-05-18 20:31:57,835] ERROR root: Missing key in response for format string: 'identifier'
[2026-05-18 20:31:57,836] WARNING root: No data for SUPT16H; skipping.
[2026-05-18 20:31:58,609] ERROR root: Missing key in response for format string: 'identifier'
[2026-05-18 20:31:58,610] WARNING root: No data for SUPT20H; skipping.
[2026-05-18 20:31:59,359] ERROR root: Missing key in response for format string: 'identifier'
[2026-05-18 20:31:59,360] WARNING root: No data for SUPT4H1; skipping.
[2026-05-18 20:32:00,331] ERROR root: Missing key in response for format string: 'identifier'
[2026-05-18 20:32:00,332] WARNING root: No data for SUPT5H; skipping.
[2026-05-18 20:32:01,090] ERROR root: Missing key in response for format string: 'identifier'
[2026-05-18 20:32:01,091] WARNING root: No data for SUPT6H; skipping.
[2026-05-18 20:32:01,840] ERROR root: Missing key in response for format string: 'identifier'
[2026-05-18 20:32:01,841] WARNING root: No data for SUPV3L1; skipping.
[2026-05-18 20:32:02,596] ERROR root: Missing key in response for format string: 'identifier'
[2026-05-18 20:32:02,597] WARNING root: No data for SURF6; skipping.
[2026-05-18 20:32:03,352] ERROR root: Missing key in response for format string: 'identifier'
[2026-05-18 20:32:03,353] WARNING root: No data for SYF2; skipping.
[2026-05-18 20:32:04,108] ERROR root: Missing key in response for format string: 'identifier'
[2026-05-18 20:32:04,109] WARNING root: No data for SYMPK; skipping.
[2026-05-18 20:32:04,857] ERROR root: Missing key in response for format string: 'identifier'
[2026-05-18 20:32:04,858] WARNING root: No data for SYNGR3; skipping.
[2026-05-18 20:32:05,607] ERROR root: Missing key in response for format string: 'identifier'
[2026-05-18 20:32:05,608] WARNING root: No data for SYS1; skipping.
[2026-05-18 20:32:06,362] ERROR root: Missing key in response for format string: 'identifier'
[2026-05-18 20:32:06,363] WARNING root: No data for TACC3; skipping.
[2026-05-18 20:32:07,119] ERROR root: Missing key in response for format string: 'identifier'
[2026-05-18 20:32:07,120] WARNING root: No data for TADA1; skipping.
[2026-05-18 20:32:07,874] ERROR root: Missing key in response for format string: 'identifier'
[2026-05-18 20:32:07,875] WARNING root: No data for TADA2A; skipping.
[2026-05-18 20:32:08,623] ERROR root: Missing key in response for format string: 'identifier'
[2026-05-18 20:32:08,624] WARNING root: No data for TADA2B; skipping.
[2026-05-18 20:32:10,174] ERROR root: Missing key in response for format string: 'identifier'
[2026-05-18 20:32:10,175] WARNING root: No data for TADA3; skipping.
[2026-05-18 20:32:11,136] ERROR root: Missing key in response for format string: 'identifier'
[2026-05-18 20:32:11,137] WARNING root: No data for TAF1; skipping.
[2026-05-18 20:32:11,898] ERROR root: Missing key in response for format string: 'identifier'
[2026-05-18 20:32:11,900] WARNING root: No data for TAF10; skipping.
[2026-05-18 20:32:12,654] ERROR root: Missing key in response for format string: 'identifier'
[2026-05-18 20:32:12,655] WARNING root: No data for TAF11; skipping.
[2026-05-18 20:32:13,406] ERROR root: Missing key in response for format string: 'identifier'
[2026-05-18 20:32:13,408] WARNING root: No data for TAF12; skipping.
[2026-05-18 20:32:14,174] ERROR root: Missing key in response for format string: 'identifier'
[2026-05-18 20:32:14,175] WARNING root: No data for TAF13; skipping.
[2026-05-18 20:32:14,934] ERROR root: Missing key in response for format string: 'identifier'
[2026-05-18 20:32:14,935] WARNING root: No data for TAF1A; skipping.
[2026-05-18 20:32:15,691] ERROR root: Missing key in response for format string: 'identifier'
[2026-05-18 20:32:15,693] WARNING root: No data for TAF1B; skipping.
[2026-05-18 20:32:16,456] ERROR root: Missing key in response for format string: 'identifier'
[2026-05-18 20:32:16,458] WARNING root: No data for TAF1C; skipping.
[2026-05-18 20:32:17,210] ERROR root: Missing key in response for format string: 'identifier'
[2026-05-18 20:32:17,211] WARNING root: No data for TAF1D; skipping.
[2026-05-18 20:32:17,967] ERROR root: Missing key in response for format string: 'identifier'
[2026-05-18 20:32:17,968] WARNING root: No data for TAF2; skipping.
[2026-05-18 20:32:18,719] ERROR root: Missing key in response for format string: 'identifier'
[2026-05-18 20:32:18,720] WARNING root: No data for TAF3; skipping.
[2026-05-18 20:32:19,468] ERROR root: Missing key in response for format string: 'identifier'
[2026-05-18 20:32:19,469] WARNING root: No data for TAF5; skipping.
[2026-05-18 20:32:20,234] ERROR root: Missing key in response for format string: 'identifier'
[2026-05-18 20:32:20,235] WARNING root: No data for TAF6; skipping.
[2026-05-18 20:32:20,982] ERROR root: Missing key in response for format string: 'identifier'
[2026-05-18 20:32:20,984] WARNING root: No data for TAF6L; skipping.
[2026-05-18 20:32:21,740] ERROR root: Missing key in response for format string: 'identifier'
[2026-05-18 20:32:21,741] WARNING root: No data for TAF7; skipping.
[2026-05-18 20:32:22,495] ERROR root: Missing key in response for format string: 'identifier'
[2026-05-18 20:32:22,496] WARNING root: No data for TAF8; skipping.
[2026-05-18 20:32:23,249] ERROR root: Missing key in response for format string: 'identifier'
[2026-05-18 20:32:23,250] WARNING root: No data for TAMM41; skipping.
[2026-05-18 20:32:23,998] ERROR root: Missing key in response for format string: 'identifier'
[2026-05-18 20:32:23,999] WARNING root: No data for TANGO6; skipping.
[2026-05-18 20:32:25,125] ERROR root: Missing key in response for format string: 'identifier'
[2026-05-18 20:32:25,127] WARNING root: No data for TARDBP; skipping.
[2026-05-18 20:32:25,883] ERROR root: Missing key in response for format string: 'identifier'
[2026-05-18 20:32:25,884] WARNING root: No data for TARS; skipping.
[2026-05-18 20:32:26,643] ERROR root: Missing key in response for format string: 'identifier'
[2026-05-18 20:32:26,644] WARNING root: No data for TARS2; skipping.
[2026-05-18 20:32:27,999] ERROR root: Missing key in response for format string: 'identifier'
[2026-05-18 20:32:28,001] WARNING root: No data for TAZ; skipping.
[2026-05-18 20:32:28,752] ERROR root: Missing key in response for format string: 'identifier'
[2026-05-18 20:32:28,753] WARNING root: No data for TBC1D1; skipping.
[2026-05-18 20:32:29,833] ERROR root: Missing key in response for format string: 'identifier'
[2026-05-18 20:32:29,834] WARNING root: No data for TBC1D28; skipping.
[2026-05-18 20:32:30,781] ERROR root: Missing key in response for format string: 'identifier'
[2026-05-18 20:32:30,782] WARNING root: No data for TBC1D3; skipping.
[2026-05-18 20:32:31,540] ERROR root: Missing key in response for format string: 'identifier'
[2026-05-18 20:32:31,541] WARNING root: No data for TBCA; skipping.
[2026-05-18 20:32:32,298] ERROR root: Missing key in response for format string: 'identifier'
[2026-05-18 20:32:32,299] WARNING root: No data for TBCB; skipping.
[2026-05-18 20:32:33,061] ERROR root: Missing key in response for format string: 'identifier'
[2026-05-18 20:32:33,062] WARNING root: No data for TBCC; skipping.
[2026-05-18 20:32:33,816] ERROR root: Missing key in response for format string: 'identifier'
[2026-05-18 20:32:33,817] WARNING root: No data for TBCD; skipping.
[2026-05-18 20:32:34,585] ERROR root: Missing key in response for format string: 'identifier'
[2026-05-18 20:32:34,587] WARNING root: No data for TBCE; skipping.
[2026-05-18 20:32:35,348] ERROR root: Missing key in response for format string: 'identifier'
[2026-05-18 20:32:35,349] WARNING root: No data for TBL3; skipping.
[2026-05-18 20:32:36,303] ERROR root: Missing key in response for format string: 'identifier'
[2026-05-18 20:32:36,304] WARNING root: No data for TBP; skipping.
[2026-05-18 20:32:37,054] ERROR root: Missing key in response for format string: 'identifier'
[2026-05-18 20:32:37,055] WARNING root: No data for TBPL1; skipping.
[2026-05-18 20:32:37,810] ERROR root: Missing key in response for format string: 'identifier'
[2026-05-18 20:32:37,811] WARNING root: No data for TBRG4; skipping.
[2026-05-18 20:32:38,759] ERROR root: Missing key in response for format string: 'identifier'
[2026-05-18 20:32:38,761] WARNING root: No data for TBX1; skipping.
[2026-05-18 20:32:39,515] ERROR root: Missing key in response for format string: 'identifier'
[2026-05-18 20:32:39,516] WARNING root: No data for TCERG1; skipping.
[2026-05-18 20:32:40,281] ERROR root: Missing key in response for format string: 'identifier'
[2026-05-18 20:32:40,282] WARNING root: No data for TCOF1; skipping.
[2026-05-18 20:32:41,452] ERROR root: Missing key in response for format string: 'identifier'
[2026-05-18 20:32:41,453] WARNING root: No data for TCP1; skipping.
[2026-05-18 20:32:42,212] ERROR root: Missing key in response for format string: 'identifier'
[2026-05-18 20:32:42,214] WARNING root: No data for TDGF1; skipping.
[2026-05-18 20:32:42,964] ERROR root: Missing key in response for format string: 'identifier'
[2026-05-18 20:32:42,965] WARNING root: No data for TEAD3; skipping.
[2026-05-18 20:32:43,718] ERROR root: Missing key in response for format string: 'identifier'
[2026-05-18 20:32:43,719] WARNING root: No data for TEFM; skipping.
[2026-05-18 20:32:44,662] ERROR root: Missing key in response for format string: 'identifier'
[2026-05-18 20:32:44,664] WARNING root: No data for TELO2; skipping.
[2026-05-18 20:32:45,602] ERROR root: Missing key in response for format string: 'identifier'
[2026-05-18 20:32:45,604] WARNING root: No data for TEN1; skipping.
[2026-05-18 20:32:46,561] ERROR root: Missing key in response for format string: 'identifier'
[2026-05-18 20:32:46,562] WARNING root: No data for TERF1; skipping.
[2026-05-18 20:32:47,528] ERROR root: Missing key in response for format string: 'identifier'
[2026-05-18 20:32:47,530] WARNING root: No data for TERF2; skipping.
[2026-05-18 20:32:48,293] ERROR root: Missing key in response for format string: 'identifier'
[2026-05-18 20:32:48,294] WARNING root: No data for TEX10; skipping.
[2026-05-18 20:32:49,311] ERROR root: Missing key in response for format string: 'identifier'
[2026-05-18 20:32:49,313] WARNING root: No data for TFAM; skipping.
[2026-05-18 20:32:50,063] ERROR root: Missing key in response for format string: 'identifier'
[2026-05-18 20:32:50,065] WARNING root: No data for TFAP4; skipping.
[2026-05-18 20:32:50,816] ERROR root: Missing key in response for format string: 'identifier'
[2026-05-18 20:32:50,817] WARNING root: No data for TFB1M; skipping.
[2026-05-18 20:32:51,573] ERROR root: Missing key in response for format string: 'identifier'
[2026-05-18 20:32:51,574] WARNING root: No data for TFB2M; skipping.
[2026-05-18 20:32:52,338] ERROR root: Missing key in response for format string: 'identifier'
[2026-05-18 20:32:52,339] WARNING root: No data for TFDP1; skipping.
[2026-05-18 20:32:53,092] ERROR root: Missing key in response for format string: 'identifier'
[2026-05-18 20:32:53,093] WARNING root: No data for TFIP11; skipping.
[2026-05-18 20:32:54,059] ERROR root: Missing key in response for format string: 'identifier'
[2026-05-18 20:32:54,060] WARNING root: No data for TFPT; skipping.
[2026-05-18 20:32:55,004] ERROR root: Missing key in response for format string: 'identifier'
[2026-05-18 20:32:55,005] WARNING root: No data for TFRC; skipping.
[2026-05-18 20:32:55,760] ERROR root: Missing key in response for format string: 'identifier'
[2026-05-18 20:32:55,761] WARNING root: No data for TGS1; skipping.
[2026-05-18 20:32:56,531] ERROR root: Missing key in response for format string: 'identifier'
[2026-05-18 20:32:56,532] WARNING root: No data for THAP1; skipping.
[2026-05-18 20:32:57,292] ERROR root: Missing key in response for format string: 'identifier'
[2026-05-18 20:32:57,293] WARNING root: No data for THAP11; skipping.
[2026-05-18 20:32:58,043] ERROR root: Missing key in response for format string: 'identifier'
[2026-05-18 20:32:58,044] WARNING root: No data for THG1L; skipping.
[2026-05-18 20:32:58,799] ERROR root: Missing key in response for format string: 'identifier'
[2026-05-18 20:32:58,801] WARNING root: No data for THOC1; skipping.
[2026-05-18 20:32:59,550] ERROR root: Missing key in response for format string: 'identifier'
[2026-05-18 20:32:59,551] WARNING root: No data for THOC2; skipping.
[2026-05-18 20:33:00,308] ERROR root: Missing key in response for format string: 'identifier'
[2026-05-18 20:33:00,309] WARNING root: No data for THOC3; skipping.
[2026-05-18 20:33:01,067] ERROR root: Missing key in response for format string: 'identifier'
[2026-05-18 20:33:01,068] WARNING root: No data for THOC5; skipping.
[2026-05-18 20:33:01,831] ERROR root: Missing key in response for format string: 'identifier'
[2026-05-18 20:33:01,833] WARNING root: No data for THOC6; skipping.
[2026-05-18 20:33:02,583] ERROR root: Missing key in response for format string: 'identifier'
[2026-05-18 20:33:02,584] WARNING root: No data for THOC7; skipping.
[2026-05-18 20:33:03,533] ERROR root: Missing key in response for format string: 'identifier'
[2026-05-18 20:33:03,534] WARNING root: No data for THRAP3; skipping.
[2026-05-18 20:33:04,289] ERROR root: Missing key in response for format string: 'identifier'
[2026-05-18 20:33:04,290] WARNING root: No data for THUMPD1; skipping.
[2026-05-18 20:33:05,039] ERROR root: Missing key in response for format string: 'identifier'
[2026-05-18 20:33:05,040] WARNING root: No data for TICRR; skipping.
[2026-05-18 20:33:05,791] ERROR root: Missing key in response for format string: 'identifier'
[2026-05-18 20:33:05,792] WARNING root: No data for TIGD1; skipping.
[2026-05-18 20:33:06,727] ERROR root: Missing key in response for format string: 'identifier'
[2026-05-18 20:33:06,729] WARNING root: No data for TIMELESS; skipping.
[2026-05-18 20:33:07,483] ERROR root: Missing key in response for format string: 'identifier'
[2026-05-18 20:33:07,484] WARNING root: No data for TIMM10; skipping.
[2026-05-18 20:33:08,376] ERROR root: Missing key in response for format string: 'identifier'
[2026-05-18 20:33:08,377] WARNING root: No data for TIMM13; skipping.
[2026-05-18 20:33:09,133] ERROR root: Missing key in response for format string: 'identifier'
[2026-05-18 20:33:09,134] WARNING root: No data for TIMM22; skipping.
[2026-05-18 20:33:09,893] ERROR root: Missing key in response for format string: 'identifier'
[2026-05-18 20:33:09,894] WARNING root: No data for TIMM23B; skipping.
[2026-05-18 20:33:10,649] ERROR root: Missing key in response for format string: 'identifier'
[2026-05-18 20:33:10,650] WARNING root: No data for TIMM44; skipping.
[2026-05-18 20:33:11,407] ERROR root: Missing key in response for format string: 'identifier'
[2026-05-18 20:33:11,408] WARNING root: No data for TIMM8A; skipping.
[2026-05-18 20:33:12,171] ERROR root: Missing key in response for format string: 'identifier'
[2026-05-18 20:33:12,172] WARNING root: No data for TIMM9; skipping.
[2026-05-18 20:33:12,929] ERROR root: Missing key in response for format string: 'identifier'
[2026-05-18 20:33:12,930] WARNING root: No data for TINF2; skipping.
[2026-05-18 20:33:13,690] ERROR root: Missing key in response for format string: 'identifier'
[2026-05-18 20:33:13,691] WARNING root: No data for TIPIN; skipping.
[2026-05-18 20:33:14,638] ERROR root: Missing key in response for format string: 'identifier'
[2026-05-18 20:33:14,640] WARNING root: No data for TKT; skipping.
[2026-05-18 20:33:15,741] ERROR root: Missing key in response for format string: 'identifier'
[2026-05-18 20:33:15,742] WARNING root: No data for TLCD1; skipping.
[2026-05-18 20:33:16,881] ERROR root: Missing key in response for format string: 'identifier'
[2026-05-18 20:33:16,882] WARNING root: No data for TLN1; skipping.
[2026-05-18 20:33:17,790] ERROR root: Missing key in response for format string: 'identifier'
[2026-05-18 20:33:17,791] WARNING root: No data for TM7SF2; skipping.
[2026-05-18 20:33:18,537] ERROR root: Missing key in response for format string: 'identifier'
[2026-05-18 20:33:18,538] WARNING root: No data for TMA16; skipping.
[2026-05-18 20:33:19,318] ERROR root: Missing key in response for format string: 'identifier'
[2026-05-18 20:33:19,319] WARNING root: No data for TMED10; skipping.
[2026-05-18 20:33:20,085] ERROR root: Missing key in response for format string: 'identifier'
[2026-05-18 20:33:20,087] WARNING root: No data for TMED2; skipping.
[2026-05-18 20:33:20,850] ERROR root: Missing key in response for format string: 'identifier'
[2026-05-18 20:33:20,851] WARNING root: No data for TMEM127; skipping.
[2026-05-18 20:33:21,610] ERROR root: Missing key in response for format string: 'identifier'
[2026-05-18 20:33:21,611] WARNING root: No data for TMEM161B; skipping.
[2026-05-18 20:33:22,358] ERROR root: Missing key in response for format string: 'identifier'
[2026-05-18 20:33:22,359] WARNING root: No data for TMEM199; skipping.
[2026-05-18 20:33:23,109] ERROR root: Missing key in response for format string: 'identifier'
[2026-05-18 20:33:23,110] WARNING root: No data for TMEM214; skipping.
[2026-05-18 20:33:23,863] ERROR root: Missing key in response for format string: 'identifier'
[2026-05-18 20:33:23,864] WARNING root: No data for TMEM240; skipping.
[2026-05-18 20:33:24,617] ERROR root: Missing key in response for format string: 'identifier'
[2026-05-18 20:33:24,618] WARNING root: No data for TMEM242; skipping.
[2026-05-18 20:33:25,362] ERROR root: Missing key in response for format string: 'identifier'
[2026-05-18 20:33:25,363] WARNING root: No data for TMEM258; skipping.
[2026-05-18 20:33:26,114] ERROR root: Missing key in response for format string: 'identifier'
[2026-05-18 20:33:26,115] WARNING root: No data for TMSB10; skipping.
[2026-05-18 20:33:27,073] ERROR root: Missing key in response for format string: 'identifier'
[2026-05-18 20:33:27,074] WARNING root: No data for TMX2; skipping.
[2026-05-18 20:33:28,398] ERROR root: Missing key in response for format string: 'identifier'
[2026-05-18 20:33:28,400] WARNING root: No data for TNFSF10; skipping.
[2026-05-18 20:33:29,345] ERROR root: Missing key in response for format string: 'identifier'
[2026-05-18 20:33:29,347] WARNING root: No data for TNNT2; skipping.
[2026-05-18 20:33:30,117] ERROR root: Missing key in response for format string: 'identifier'
[2026-05-18 20:33:30,118] WARNING root: No data for TNPO3; skipping.
[2026-05-18 20:33:30,880] ERROR root: Missing key in response for format string: 'identifier'
[2026-05-18 20:33:30,881] WARNING root: No data for TNRC6A; skipping.
[2026-05-18 20:33:31,639] ERROR root: Missing key in response for format string: 'identifier'
[2026-05-18 20:33:31,640] WARNING root: No data for TOE1; skipping.
[2026-05-18 20:33:32,402] ERROR root: Missing key in response for format string: 'identifier'
[2026-05-18 20:33:32,403] WARNING root: No data for TOMM20; skipping.
[2026-05-18 20:33:33,164] ERROR root: Missing key in response for format string: 'identifier'
[2026-05-18 20:33:33,165] WARNING root: No data for TOMM22; skipping.
[2026-05-18 20:33:34,102] ERROR root: Missing key in response for format string: 'identifier'
[2026-05-18 20:33:34,104] WARNING root: No data for TOMM40; skipping.
[2026-05-18 20:33:34,862] ERROR root: Missing key in response for format string: 'identifier'
[2026-05-18 20:33:34,863] WARNING root: No data for TONSL; skipping.
[2026-05-18 20:33:35,803] ERROR root: Missing key in response for format string: 'identifier'
[2026-05-18 20:33:35,804] WARNING root: No data for TOP1; skipping.
[2026-05-18 20:33:36,753] ERROR root: Missing key in response for format string: 'identifier'
[2026-05-18 20:33:36,754] WARNING root: No data for TOP2A; skipping.
[2026-05-18 20:33:37,511] ERROR root: Missing key in response for format string: 'identifier'
[2026-05-18 20:33:37,512] WARNING root: No data for TOP3A; skipping.
[2026-05-18 20:33:38,455] ERROR root: Missing key in response for format string: 'identifier'
[2026-05-18 20:33:38,456] WARNING root: No data for TOPBP1; skipping.
[2026-05-18 20:33:39,216] ERROR root: Missing key in response for format string: 'identifier'
[2026-05-18 20:33:39,217] WARNING root: No data for TOR2A; skipping.
[2026-05-18 20:33:39,965] ERROR root: Missing key in response for format string: 'identifier'
[2026-05-18 20:33:39,966] WARNING root: No data for TOX4; skipping.
[2026-05-18 20:33:40,722] ERROR root: Missing key in response for format string: 'identifier'
[2026-05-18 20:33:40,723] WARNING root: No data for TP53I13; skipping.
[2026-05-18 20:33:41,485] ERROR root: Missing key in response for format string: 'identifier'
[2026-05-18 20:33:41,486] WARNING root: No data for TP53RK; skipping.
[2026-05-18 20:33:42,234] ERROR root: Missing key in response for format string: 'identifier'
[2026-05-18 20:33:42,235] WARNING root: No data for TPI1; skipping.
[2026-05-18 20:33:42,984] ERROR root: Missing key in response for format string: 'identifier'
[2026-05-18 20:33:42,986] WARNING root: No data for TPP2; skipping.
[2026-05-18 20:33:43,946] ERROR root: Missing key in response for format string: 'identifier'
[2026-05-18 20:33:43,948] WARNING root: No data for TPR; skipping.
[2026-05-18 20:33:44,707] ERROR root: Missing key in response for format string: 'identifier'
[2026-05-18 20:33:44,708] WARNING root: No data for TPRKB; skipping.
[2026-05-18 20:33:45,703] ERROR root: Missing key in response for format string: 'identifier'
[2026-05-18 20:33:45,704] WARNING root: No data for TPT1; skipping.
[2026-05-18 20:33:46,855] ERROR root: Missing key in response for format string: 'identifier'
[2026-05-18 20:33:46,856] WARNING root: No data for TPX2; skipping.
[2026-05-18 20:33:47,612] ERROR root: Missing key in response for format string: 'identifier'
[2026-05-18 20:33:47,613] WARNING root: No data for TRA2B; skipping.
[2026-05-18 20:33:48,363] ERROR root: Missing key in response for format string: 'identifier'
[2026-05-18 20:33:48,364] WARNING root: No data for TRAIP; skipping.
[2026-05-18 20:33:49,114] ERROR root: Missing key in response for format string: 'identifier'
[2026-05-18 20:33:49,116] WARNING root: No data for TRAPPC1; skipping.
[2026-05-18 20:33:49,874] ERROR root: Missing key in response for format string: 'identifier'
[2026-05-18 20:33:49,875] WARNING root: No data for TRAPPC11; skipping.
[2026-05-18 20:33:50,633] ERROR root: Missing key in response for format string: 'identifier'
[2026-05-18 20:33:50,634] WARNING root: No data for TRAPPC3; skipping.
[2026-05-18 20:33:51,390] ERROR root: Missing key in response for format string: 'identifier'
[2026-05-18 20:33:51,391] WARNING root: No data for TRAPPC4; skipping.
[2026-05-18 20:33:52,138] ERROR root: Missing key in response for format string: 'identifier'
[2026-05-18 20:33:52,139] WARNING root: No data for TRAPPC5; skipping.
[2026-05-18 20:33:52,896] ERROR root: Missing key in response for format string: 'identifier'
[2026-05-18 20:33:52,898] WARNING root: No data for TRAPPC8; skipping.
[2026-05-18 20:33:53,642] ERROR root: Missing key in response for format string: 'identifier'
[2026-05-18 20:33:53,643] WARNING root: No data for TREML2; skipping.
[2026-05-18 20:33:54,898] ERROR root: Missing key in response for format string: 'identifier'
[2026-05-18 20:33:54,899] WARNING root: No data for TREX2; skipping.
[2026-05-18 20:33:55,655] ERROR root: Missing key in response for format string: 'identifier'
[2026-05-18 20:33:55,656] WARNING root: No data for TRIAP1; skipping.
[2026-05-18 20:33:56,412] ERROR root: Missing key in response for format string: 'identifier'
[2026-05-18 20:33:56,413] WARNING root: No data for TRIM49C; skipping.
[2026-05-18 20:33:57,166] ERROR root: Missing key in response for format string: 'identifier'
[2026-05-18 20:33:57,167] WARNING root: No data for TRMT10C; skipping.
[2026-05-18 20:33:57,924] ERROR root: Missing key in response for format string: 'identifier'
[2026-05-18 20:33:57,925] WARNING root: No data for TRMT112; skipping.
[2026-05-18 20:33:58,814] ERROR root: Missing key in response for format string: 'identifier'
[2026-05-18 20:33:58,816] WARNING root: No data for TRMT5; skipping.
[2026-05-18 20:33:59,575] ERROR root: Missing key in response for format string: 'identifier'
[2026-05-18 20:33:59,576] WARNING root: No data for TRMT6; skipping.
[2026-05-18 20:34:00,323] ERROR root: Missing key in response for format string: 'identifier'
[2026-05-18 20:34:00,324] WARNING root: No data for TRNP1; skipping.
[2026-05-18 20:34:01,076] ERROR root: Missing key in response for format string: 'identifier'
[2026-05-18 20:34:01,078] WARNING root: No data for TRNT1; skipping.
[2026-05-18 20:34:02,023] ERROR root: Missing key in response for format string: 'identifier'
[2026-05-18 20:34:02,024] WARNING root: No data for TRPM7; skipping.
[2026-05-18 20:34:02,782] ERROR root: Missing key in response for format string: 'identifier'
[2026-05-18 20:34:02,783] WARNING root: No data for TRRAP; skipping.
[2026-05-18 20:34:03,543] ERROR root: Missing key in response for format string: 'identifier'
[2026-05-18 20:34:03,544] WARNING root: No data for TSEN2; skipping.
[2026-05-18 20:34:04,345] ERROR root: Missing key in response for format string: 'identifier'
[2026-05-18 20:34:04,347] WARNING root: No data for TSEN34; skipping.
[2026-05-18 20:34:05,163] ERROR root: Missing key in response for format string: 'identifier'
[2026-05-18 20:34:05,164] WARNING root: No data for TSEN54; skipping.
[2026-05-18 20:34:05,911] ERROR root: Missing key in response for format string: 'identifier'
[2026-05-18 20:34:05,912] WARNING root: No data for TSFM; skipping.
[2026-05-18 20:34:06,846] ERROR root: Missing key in response for format string: 'identifier'
[2026-05-18 20:34:06,847] WARNING root: No data for TSG101; skipping.
[2026-05-18 20:34:07,601] ERROR root: Missing key in response for format string: 'identifier'
[2026-05-18 20:34:07,602] WARNING root: No data for TSPYL5; skipping.
[2026-05-18 20:34:08,354] ERROR root: Missing key in response for format string: 'identifier'
[2026-05-18 20:34:08,356] WARNING root: No data for TSR1; skipping.
[2026-05-18 20:34:09,114] ERROR root: Missing key in response for format string: 'identifier'
[2026-05-18 20:34:09,115] WARNING root: No data for TSR2; skipping.
[2026-05-18 20:34:09,869] ERROR root: Missing key in response for format string: 'identifier'
[2026-05-18 20:34:09,870] WARNING root: No data for TSSK3; skipping.
[2026-05-18 20:34:10,624] ERROR root: Missing key in response for format string: 'identifier'
[2026-05-18 20:34:10,625] WARNING root: No data for TTC1; skipping.
[2026-05-18 20:34:11,387] ERROR root: Missing key in response for format string: 'identifier'
[2026-05-18 20:34:11,388] WARNING root: No data for TTC27; skipping.
[2026-05-18 20:34:12,143] ERROR root: Missing key in response for format string: 'identifier'
[2026-05-18 20:34:12,144] WARNING root: No data for TTC4; skipping.
[2026-05-18 20:34:13,082] ERROR root: Missing key in response for format string: 'identifier'
[2026-05-18 20:34:13,083] WARNING root: No data for TTF2; skipping.
[2026-05-18 20:34:13,828] ERROR root: Missing key in response for format string: 'identifier'
[2026-05-18 20:34:13,830] WARNING root: No data for TTI1; skipping.
[2026-05-18 20:34:14,586] ERROR root: Missing key in response for format string: 'identifier'
[2026-05-18 20:34:14,587] WARNING root: No data for TTI2; skipping.
[2026-05-18 20:34:15,524] ERROR root: Missing key in response for format string: 'identifier'
[2026-05-18 20:34:15,525] WARNING root: No data for TTK; skipping.
[2026-05-18 20:34:16,272] ERROR root: Missing key in response for format string: 'identifier'
[2026-05-18 20:34:16,273] WARNING root: No data for TUBA1B; skipping.
[2026-05-18 20:34:17,030] ERROR root: Missing key in response for format string: 'identifier'
[2026-05-18 20:34:17,031] WARNING root: No data for TUBA1C; skipping.
[2026-05-18 20:34:17,778] ERROR root: Missing key in response for format string: 'identifier'
[2026-05-18 20:34:17,779] WARNING root: No data for TUBA3D; skipping.
[2026-05-18 20:34:18,735] ERROR root: Missing key in response for format string: 'identifier'
[2026-05-18 20:34:18,736] WARNING root: No data for TUBB; skipping.
[2026-05-18 20:34:19,492] ERROR root: Missing key in response for format string: 'identifier'
[2026-05-18 20:34:19,494] WARNING root: No data for TUBB2A; skipping.
[2026-05-18 20:34:20,242] ERROR root: Missing key in response for format string: 'identifier'
[2026-05-18 20:34:20,243] WARNING root: No data for TUBD1; skipping.
[2026-05-18 20:34:20,996] ERROR root: Missing key in response for format string: 'identifier'
[2026-05-18 20:34:21,058] WARNING root: No data for TUBE1; skipping.
[2026-05-18 20:34:21,813] ERROR root: Missing key in response for format string: 'identifier'
[2026-05-18 20:34:21,814] WARNING root: No data for TUBG1; skipping.
[2026-05-18 20:34:22,564] ERROR root: Missing key in response for format string: 'identifier'
[2026-05-18 20:34:22,565] WARNING root: No data for TUBGCP2; skipping.
[2026-05-18 20:34:23,322] ERROR root: Missing key in response for format string: 'identifier'
[2026-05-18 20:34:23,323] WARNING root: No data for TUBGCP3; skipping.
[2026-05-18 20:34:24,126] ERROR root: Missing key in response for format string: 'identifier'
[2026-05-18 20:34:24,127] WARNING root: No data for TUBGCP4; skipping.
[2026-05-18 20:34:24,894] ERROR root: Missing key in response for format string: 'identifier'
[2026-05-18 20:34:24,895] WARNING root: No data for TUBGCP5; skipping.
[2026-05-18 20:34:25,653] ERROR root: Missing key in response for format string: 'identifier'
[2026-05-18 20:34:25,654] WARNING root: No data for TUBGCP6; skipping.
[2026-05-18 20:34:26,407] ERROR root: Missing key in response for format string: 'identifier'
[2026-05-18 20:34:26,408] WARNING root: No data for TUFM; skipping.
[2026-05-18 20:34:27,159] ERROR root: Missing key in response for format string: 'identifier'
[2026-05-18 20:34:27,160] WARNING root: No data for TULP1; skipping.
[2026-05-18 20:34:27,914] ERROR root: Missing key in response for format string: 'identifier'
[2026-05-18 20:34:27,915] WARNING root: No data for TUT1; skipping.
[2026-05-18 20:34:28,666] ERROR root: Missing key in response for format string: 'identifier'
[2026-05-18 20:34:28,667] WARNING root: No data for TVP23C; skipping.
[2026-05-18 20:34:29,420] ERROR root: Missing key in response for format string: 'identifier'
[2026-05-18 20:34:29,421] WARNING root: No data for TWF1; skipping.
[2026-05-18 20:34:30,176] ERROR root: Missing key in response for format string: 'identifier'
[2026-05-18 20:34:30,177] WARNING root: No data for TWISTNB; skipping.
[2026-05-18 20:34:30,927] ERROR root: Missing key in response for format string: 'identifier'
[2026-05-18 20:34:30,928] WARNING root: No data for TWNK; skipping.
[2026-05-18 20:34:31,687] ERROR root: Missing key in response for format string: 'identifier'
[2026-05-18 20:34:31,688] WARNING root: No data for TWSG1; skipping.
[2026-05-18 20:34:32,636] ERROR root: Missing key in response for format string: 'identifier'
[2026-05-18 20:34:32,637] WARNING root: No data for TXN; skipping.
[2026-05-18 20:34:33,392] ERROR root: Missing key in response for format string: 'identifier'
[2026-05-18 20:34:33,393] WARNING root: No data for TXNL4A; skipping.
[2026-05-18 20:34:34,147] ERROR root: Missing key in response for format string: 'identifier'
[2026-05-18 20:34:34,148] WARNING root: No data for TXNL4B; skipping.
[2026-05-18 20:34:35,297] ERROR root: Missing key in response for format string: 'identifier'
[2026-05-18 20:34:35,298] WARNING root: No data for TYK2; skipping.
[2026-05-18 20:34:36,243] ERROR root: Missing key in response for format string: 'identifier'
[2026-05-18 20:34:36,244] WARNING root: No data for U2AF1; skipping.
[2026-05-18 20:34:37,006] ERROR root: Missing key in response for format string: 'identifier'
[2026-05-18 20:34:37,007] WARNING root: No data for U2AF2; skipping.
[2026-05-18 20:34:37,761] ERROR root: Missing key in response for format string: 'identifier'
[2026-05-18 20:34:37,762] WARNING root: No data for U2SURP; skipping.
[2026-05-18 20:34:38,714] ERROR root: Missing key in response for format string: 'identifier'
[2026-05-18 20:34:38,715] WARNING root: No data for UBA1; skipping.
[2026-05-18 20:34:39,862] ERROR root: Missing key in response for format string: 'identifier'
[2026-05-18 20:34:39,863] WARNING root: No data for UBA2; skipping.
[2026-05-18 20:34:40,637] ERROR root: Missing key in response for format string: 'identifier'
[2026-05-18 20:34:40,638] WARNING root: No data for UBA3; skipping.
[2026-05-18 20:34:41,409] ERROR root: Missing key in response for format string: 'identifier'
[2026-05-18 20:34:41,410] WARNING root: No data for UBA5; skipping.
[2026-05-18 20:34:42,357] ERROR root: Missing key in response for format string: 'identifier'
[2026-05-18 20:34:42,358] WARNING root: No data for UBA52; skipping.
[2026-05-18 20:34:43,126] ERROR root: Missing key in response for format string: 'identifier'
[2026-05-18 20:34:43,127] WARNING root: No data for UBAP1; skipping.
[2026-05-18 20:34:44,111] ERROR root: Missing key in response for format string: 'identifier'
[2026-05-18 20:34:44,113] WARNING root: No data for UBC; skipping.
[2026-05-18 20:34:44,878] ERROR root: Missing key in response for format string: 'identifier'
[2026-05-18 20:34:44,879] WARNING root: No data for UBE2D3; skipping.
[2026-05-18 20:34:45,636] ERROR root: Missing key in response for format string: 'identifier'
[2026-05-18 20:34:45,638] WARNING root: No data for UBE2H; skipping.
[2026-05-18 20:34:46,812] ERROR root: Missing key in response for format string: 'identifier'
[2026-05-18 20:34:46,813] WARNING root: No data for UBE2I; skipping.
[2026-05-18 20:34:47,571] ERROR root: Missing key in response for format string: 'identifier'
[2026-05-18 20:34:47,572] WARNING root: No data for UBE2L3; skipping.
[2026-05-18 20:34:48,331] ERROR root: Missing key in response for format string: 'identifier'
[2026-05-18 20:34:48,332] WARNING root: No data for UBE2M; skipping.
[2026-05-18 20:34:49,466] ERROR root: Missing key in response for format string: 'identifier'
[2026-05-18 20:34:49,468] WARNING root: No data for UBE2N; skipping.
[2026-05-18 20:34:50,215] ERROR root: Missing key in response for format string: 'identifier'
[2026-05-18 20:34:50,216] WARNING root: No data for UBE2Z; skipping.
[2026-05-18 20:34:50,972] ERROR root: Missing key in response for format string: 'identifier'
[2026-05-18 20:34:50,973] WARNING root: No data for UBE3C; skipping.
[2026-05-18 20:34:51,724] ERROR root: Missing key in response for format string: 'identifier'
[2026-05-18 20:34:51,726] WARNING root: No data for UBE3D; skipping.
[2026-05-18 20:34:52,673] ERROR root: Missing key in response for format string: 'identifier'
[2026-05-18 20:34:52,675] WARNING root: No data for UBL5; skipping.
[2026-05-18 20:34:53,449] ERROR root: Missing key in response for format string: 'identifier'
[2026-05-18 20:34:53,450] WARNING root: No data for UBQLN4; skipping.
[2026-05-18 20:34:54,221] ERROR root: Missing key in response for format string: 'identifier'
[2026-05-18 20:34:54,222] WARNING root: No data for UBR4; skipping.
[2026-05-18 20:34:54,979] ERROR root: Missing key in response for format string: 'identifier'
[2026-05-18 20:34:54,980] WARNING root: No data for UBR5; skipping.
[2026-05-18 20:34:55,733] ERROR root: Missing key in response for format string: 'identifier'
[2026-05-18 20:34:55,734] WARNING root: No data for UBTF; skipping.
[2026-05-18 20:34:56,489] ERROR root: Missing key in response for format string: 'identifier'
[2026-05-18 20:34:56,490] WARNING root: No data for UCHL5; skipping.
[2026-05-18 20:34:57,246] ERROR root: Missing key in response for format string: 'identifier'
[2026-05-18 20:34:57,247] WARNING root: No data for UFL1; skipping.
[2026-05-18 20:34:58,204] ERROR root: Missing key in response for format string: 'identifier'
[2026-05-18 20:34:58,205] WARNING root: No data for UFM1; skipping.
[2026-05-18 20:34:59,157] ERROR root: Missing key in response for format string: 'identifier'
[2026-05-18 20:34:59,158] WARNING root: No data for UHRF1; skipping.
[2026-05-18 20:34:59,909] ERROR root: Missing key in response for format string: 'identifier'
[2026-05-18 20:34:59,910] WARNING root: No data for UMPS; skipping.
[2026-05-18 20:35:00,668] ERROR root: Missing key in response for format string: 'identifier'
[2026-05-18 20:35:00,669] WARNING root: No data for UNC45A; skipping.
[2026-05-18 20:35:01,429] ERROR root: Missing key in response for format string: 'identifier'
[2026-05-18 20:35:01,430] WARNING root: No data for UNC50; skipping.
[2026-05-18 20:35:02,203] ERROR root: Missing key in response for format string: 'identifier'
[2026-05-18 20:35:02,205] WARNING root: No data for UNCX; skipping.
[2026-05-18 20:35:03,200] ERROR root: Missing key in response for format string: 'identifier'
[2026-05-18 20:35:03,201] WARNING root: No data for UPF1; skipping.
[2026-05-18 20:35:03,956] ERROR root: Missing key in response for format string: 'identifier'
[2026-05-18 20:35:03,957] WARNING root: No data for UPF2; skipping.
[2026-05-18 20:35:04,739] ERROR root: Missing key in response for format string: 'identifier'
[2026-05-18 20:35:04,741] WARNING root: No data for UPF3A; skipping.
[2026-05-18 20:35:05,498] ERROR root: Missing key in response for format string: 'identifier'
[2026-05-18 20:35:05,499] WARNING root: No data for UQCC2; skipping.
[2026-05-18 20:35:06,250] ERROR root: Missing key in response for format string: 'identifier'
[2026-05-18 20:35:06,252] WARNING root: No data for UQCRB; skipping.
[2026-05-18 20:35:07,008] ERROR root: Missing key in response for format string: 'identifier'
[2026-05-18 20:35:07,009] WARNING root: No data for UQCRC1; skipping.
[2026-05-18 20:35:07,761] ERROR root: Missing key in response for format string: 'identifier'
[2026-05-18 20:35:07,762] WARNING root: No data for UQCRC2; skipping.
[2026-05-18 20:35:08,521] ERROR root: Missing key in response for format string: 'identifier'
[2026-05-18 20:35:08,522] WARNING root: No data for UQCRFS1; skipping.
[2026-05-18 20:35:09,269] ERROR root: Missing key in response for format string: 'identifier'
[2026-05-18 20:35:09,270] WARNING root: No data for UQCRH; skipping.
[2026-05-18 20:35:10,019] ERROR root: Missing key in response for format string: 'identifier'
[2026-05-18 20:35:10,021] WARNING root: No data for UQCRQ; skipping.
[2026-05-18 20:35:10,778] ERROR root: Missing key in response for format string: 'identifier'
[2026-05-18 20:35:10,779] WARNING root: No data for URB1; skipping.
[2026-05-18 20:35:11,537] ERROR root: Missing key in response for format string: 'identifier'
[2026-05-18 20:35:11,538] WARNING root: No data for URB2; skipping.
[2026-05-18 20:35:12,297] ERROR root: Missing key in response for format string: 'identifier'
[2026-05-18 20:35:12,298] WARNING root: No data for URI1; skipping.
[2026-05-18 20:35:13,049] ERROR root: Missing key in response for format string: 'identifier'
[2026-05-18 20:35:13,050] WARNING root: No data for URM1; skipping.
[2026-05-18 20:35:13,807] ERROR root: Missing key in response for format string: 'identifier'
[2026-05-18 20:35:13,808] WARNING root: No data for UROD; skipping.
[2026-05-18 20:35:14,556] ERROR root: Missing key in response for format string: 'identifier'
[2026-05-18 20:35:14,557] WARNING root: No data for USF2; skipping.
[2026-05-18 20:35:15,505] ERROR root: Missing key in response for format string: 'identifier'
[2026-05-18 20:35:15,507] WARNING root: No data for USP10; skipping.
[2026-05-18 20:35:16,459] ERROR root: Missing key in response for format string: 'identifier'
[2026-05-18 20:35:16,460] WARNING root: No data for USP14; skipping.
[2026-05-18 20:35:17,228] ERROR root: Missing key in response for format string: 'identifier'
[2026-05-18 20:35:17,229] WARNING root: No data for USP19; skipping.
[2026-05-18 20:35:17,993] ERROR root: Missing key in response for format string: 'identifier'
[2026-05-18 20:35:17,994] WARNING root: No data for USP36; skipping.
[2026-05-18 20:35:18,753] ERROR root: Missing key in response for format string: 'identifier'
[2026-05-18 20:35:18,754] WARNING root: No data for USP37; skipping.
[2026-05-18 20:35:19,505] ERROR root: Missing key in response for format string: 'identifier'
[2026-05-18 20:35:19,507] WARNING root: No data for USP39; skipping.
[2026-05-18 20:35:20,261] ERROR root: Missing key in response for format string: 'identifier'
[2026-05-18 20:35:20,262] WARNING root: No data for USP5; skipping.
[2026-05-18 20:35:21,233] ERROR root: Missing key in response for format string: 'identifier'
[2026-05-18 20:35:21,235] WARNING root: No data for USP7; skipping.
[2026-05-18 20:35:22,022] ERROR root: Missing key in response for format string: 'identifier'
[2026-05-18 20:35:22,023] WARNING root: No data for USP8; skipping.
[2026-05-18 20:35:22,967] ERROR root: Missing key in response for format string: 'identifier'
[2026-05-18 20:35:22,968] WARNING root: No data for USP9X; skipping.
[2026-05-18 20:35:23,725] ERROR root: Missing key in response for format string: 'identifier'
[2026-05-18 20:35:23,727] WARNING root: No data for USPL1; skipping.
[2026-05-18 20:35:24,478] ERROR root: Missing key in response for format string: 'identifier'
[2026-05-18 20:35:24,479] WARNING root: No data for UTP11; skipping.
[2026-05-18 20:35:25,239] ERROR root: Missing key in response for format string: 'identifier'
[2026-05-18 20:35:25,240] WARNING root: No data for UTP15; skipping.
[2026-05-18 20:35:25,997] ERROR root: Missing key in response for format string: 'identifier'
[2026-05-18 20:35:25,998] WARNING root: No data for UTP18; skipping.
[2026-05-18 20:35:26,757] ERROR root: Missing key in response for format string: 'identifier'
[2026-05-18 20:35:26,758] WARNING root: No data for UTP20; skipping.
[2026-05-18 20:35:27,515] ERROR root: Missing key in response for format string: 'identifier'
[2026-05-18 20:35:27,516] WARNING root: No data for UTP23; skipping.
[2026-05-18 20:35:28,261] ERROR root: Missing key in response for format string: 'identifier'
[2026-05-18 20:35:28,262] WARNING root: No data for UTP25; skipping.
[2026-05-18 20:35:29,019] ERROR root: Missing key in response for format string: 'identifier'
[2026-05-18 20:35:29,020] WARNING root: No data for UTP3; skipping.
[2026-05-18 20:35:29,775] ERROR root: Missing key in response for format string: 'identifier'
[2026-05-18 20:35:29,776] WARNING root: No data for UTP6; skipping.
[2026-05-18 20:35:30,541] ERROR root: Missing key in response for format string: 'identifier'
[2026-05-18 20:35:30,542] WARNING root: No data for UXS1; skipping.
[2026-05-18 20:35:31,986] ERROR root: Missing key in response for format string: 'identifier'
[2026-05-18 20:35:31,987] WARNING root: No data for UXT; skipping.
[2026-05-18 20:35:32,743] ERROR root: Missing key in response for format string: 'identifier'
[2026-05-18 20:35:32,744] WARNING root: No data for VARS; skipping.
[2026-05-18 20:35:33,699] ERROR root: Missing key in response for format string: 'identifier'
[2026-05-18 20:35:33,701] WARNING root: No data for VARS2; skipping.
[2026-05-18 20:35:34,447] ERROR root: Missing key in response for format string: 'identifier'
[2026-05-18 20:35:34,449] WARNING root: No data for VBP1; skipping.
[2026-05-18 20:35:35,630] ERROR root: Missing key in response for format string: 'identifier'
[2026-05-18 20:35:35,631] WARNING root: No data for VCP; skipping.
[2026-05-18 20:35:36,577] ERROR root: Missing key in response for format string: 'identifier'
[2026-05-18 20:35:36,578] WARNING root: No data for VEZT; skipping.
[2026-05-18 20:35:37,707] ERROR root: Missing key in response for format string: 'identifier'
[2026-05-18 20:35:37,709] WARNING root: No data for VHL; skipping.
[2026-05-18 20:35:38,458] ERROR root: Missing key in response for format string: 'identifier'
[2026-05-18 20:35:38,460] WARNING root: No data for VMP1; skipping.
[2026-05-18 20:35:39,206] ERROR root: Missing key in response for format string: 'identifier'
[2026-05-18 20:35:39,207] WARNING root: No data for VPS13D; skipping.
[2026-05-18 20:35:41,563] ERROR root: Missing key in response for format string: 'identifier'
[2026-05-18 20:35:41,564] WARNING root: No data for VPS18; skipping.
[2026-05-18 20:35:42,324] ERROR root: Missing key in response for format string: 'identifier'
[2026-05-18 20:35:42,325] WARNING root: No data for VPS25; skipping.
[2026-05-18 20:35:43,082] ERROR root: Missing key in response for format string: 'identifier'
[2026-05-18 20:35:43,083] WARNING root: No data for VPS28; skipping.
[2026-05-18 20:35:43,841] ERROR root: Missing key in response for format string: 'identifier'
[2026-05-18 20:35:43,842] WARNING root: No data for VPS29; skipping.
[2026-05-18 20:35:44,597] ERROR root: Missing key in response for format string: 'identifier'
[2026-05-18 20:35:44,598] WARNING root: No data for VPS33A; skipping.
[2026-05-18 20:35:45,540] ERROR root: Missing key in response for format string: 'identifier'
[2026-05-18 20:35:45,541] WARNING root: No data for VPS35; skipping.
[2026-05-18 20:35:46,298] ERROR root: Missing key in response for format string: 'identifier'
[2026-05-18 20:35:46,299] WARNING root: No data for VPS37A; skipping.
[2026-05-18 20:35:47,049] ERROR root: Missing key in response for format string: 'identifier'
[2026-05-18 20:35:47,050] WARNING root: No data for VPS37C; skipping.
[2026-05-18 20:35:48,457] ERROR root: Missing key in response for format string: 'identifier'
[2026-05-18 20:35:48,458] WARNING root: No data for VPS41; skipping.
[2026-05-18 20:35:49,214] ERROR root: Missing key in response for format string: 'identifier'
[2026-05-18 20:35:49,215] WARNING root: No data for VPS51; skipping.
[2026-05-18 20:35:51,508] ERROR root: Missing key in response for format string: 'identifier'
[2026-05-18 20:35:51,509] WARNING root: No data for VPS54; skipping.
[2026-05-18 20:35:52,255] ERROR root: Missing key in response for format string: 'identifier'
[2026-05-18 20:35:52,256] WARNING root: No data for VPS72; skipping.
[2026-05-18 20:35:53,018] ERROR root: Missing key in response for format string: 'identifier'
[2026-05-18 20:35:53,019] WARNING root: No data for WAC; skipping.
[2026-05-18 20:35:53,965] ERROR root: Missing key in response for format string: 'identifier'
[2026-05-18 20:35:53,967] WARNING root: No data for WARS; skipping.
[2026-05-18 20:35:54,928] ERROR root: Missing key in response for format string: 'identifier'
[2026-05-18 20:35:54,929] WARNING root: No data for WBP1; skipping.
[2026-05-18 20:35:57,889] ERROR root: Missing key in response for format string: 'identifier'
[2026-05-18 20:35:57,890] WARNING root: No data for WBP11; skipping.
[2026-05-18 20:35:58,656] ERROR root: Missing key in response for format string: 'identifier'
[2026-05-18 20:35:58,657] WARNING root: No data for WBP1L; skipping.
[2026-05-18 20:35:59,412] ERROR root: Missing key in response for format string: 'identifier'
[2026-05-18 20:35:59,413] WARNING root: No data for WDFY3; skipping.
[2026-05-18 20:36:00,190] ERROR root: Missing key in response for format string: 'identifier'
[2026-05-18 20:36:00,192] WARNING root: No data for WDHD1; skipping.
[2026-05-18 20:36:00,968] ERROR root: Missing key in response for format string: 'identifier'
[2026-05-18 20:36:00,969] WARNING root: No data for WDR1; skipping.
[2026-05-18 20:36:01,724] ERROR root: Missing key in response for format string: 'identifier'
[2026-05-18 20:36:01,726] WARNING root: No data for WDR12; skipping.
[2026-05-18 20:36:02,491] ERROR root: Missing key in response for format string: 'identifier'
[2026-05-18 20:36:02,493] WARNING root: No data for WDR18; skipping.
[2026-05-18 20:36:03,270] ERROR root: Missing key in response for format string: 'identifier'
[2026-05-18 20:36:03,271] WARNING root: No data for WDR24; skipping.
[2026-05-18 20:36:04,035] ERROR root: Missing key in response for format string: 'identifier'
[2026-05-18 20:36:04,037] WARNING root: No data for WDR25; skipping.
[2026-05-18 20:36:04,797] ERROR root: Missing key in response for format string: 'identifier'
[2026-05-18 20:36:04,798] WARNING root: No data for WDR26; skipping.
[2026-05-18 20:36:05,554] ERROR root: Missing key in response for format string: 'identifier'
[2026-05-18 20:36:05,555] WARNING root: No data for WDR3; skipping.
[2026-05-18 20:36:06,309] ERROR root: Missing key in response for format string: 'identifier'
[2026-05-18 20:36:06,310] WARNING root: No data for WDR33; skipping.
[2026-05-18 20:36:07,060] ERROR root: Missing key in response for format string: 'identifier'
[2026-05-18 20:36:07,062] WARNING root: No data for WDR36; skipping.
[2026-05-18 20:36:07,824] ERROR root: Missing key in response for format string: 'identifier'
[2026-05-18 20:36:07,826] WARNING root: No data for WDR4; skipping.
[2026-05-18 20:36:08,582] ERROR root: Missing key in response for format string: 'identifier'
[2026-05-18 20:36:08,584] WARNING root: No data for WDR43; skipping.
[2026-05-18 20:36:11,569] ERROR root: Missing key in response for format string: 'identifier'
[2026-05-18 20:36:11,570] WARNING root: No data for WDR44; skipping.
[2026-05-18 20:36:12,781] ERROR root: Missing key in response for format string: 'identifier'
[2026-05-18 20:36:12,782] WARNING root: No data for WDR46; skipping.
[2026-05-18 20:36:13,744] ERROR root: Missing key in response for format string: 'identifier'
[2026-05-18 20:36:13,746] WARNING root: No data for WDR5; skipping.
[2026-05-18 20:36:14,497] ERROR root: Missing key in response for format string: 'identifier'
[2026-05-18 20:36:14,498] WARNING root: No data for WDR54; skipping.
[2026-05-18 20:36:15,250] ERROR root: Missing key in response for format string: 'identifier'
[2026-05-18 20:36:15,251] WARNING root: No data for WDR55; skipping.
[2026-05-18 20:36:16,003] ERROR root: Missing key in response for format string: 'identifier'
[2026-05-18 20:36:16,004] WARNING root: No data for WDR61; skipping.
[2026-05-18 20:36:18,864] ERROR root: Missing key in response for format string: 'identifier'
[2026-05-18 20:36:18,905] WARNING root: No data for WDR7; skipping.
[2026-05-18 20:36:19,737] ERROR root: Missing key in response for format string: 'identifier'
[2026-05-18 20:36:19,738] WARNING root: No data for WDR70; skipping.
[2026-05-18 20:36:23,416] ERROR root: Missing key in response for format string: 'identifier'
[2026-05-18 20:36:23,418] WARNING root: No data for WDR74; skipping.
[2026-05-18 20:36:25,395] ERROR root: Missing key in response for format string: 'identifier'
[2026-05-18 20:36:25,396] WARNING root: No data for WDR75; skipping.
[2026-05-18 20:36:26,154] ERROR root: Missing key in response for format string: 'identifier'
[2026-05-18 20:36:26,156] WARNING root: No data for WDR77; skipping.
[2026-05-18 20:36:26,923] ERROR root: Missing key in response for format string: 'identifier'
[2026-05-18 20:36:26,925] WARNING root: No data for WDR82; skipping.
[2026-05-18 20:36:27,681] ERROR root: Missing key in response for format string: 'identifier'
[2026-05-18 20:36:27,682] WARNING root: No data for WDR83OS; skipping.
[2026-05-18 20:36:28,433] ERROR root: Missing key in response for format string: 'identifier'
[2026-05-18 20:36:28,435] WARNING root: No data for WDR92; skipping.
[2026-05-18 20:36:29,212] ERROR root: Missing key in response for format string: 'identifier'
[2026-05-18 20:36:29,213] WARNING root: No data for WDTC1; skipping.
[2026-05-18 20:36:30,155] ERROR root: Missing key in response for format string: 'identifier'
[2026-05-18 20:36:30,156] WARNING root: No data for WEE1; skipping.
[2026-05-18 20:36:31,094] ERROR root: Missing key in response for format string: 'identifier'
[2026-05-18 20:36:31,095] WARNING root: No data for WNK1; skipping.
[2026-05-18 20:36:32,667] ERROR root: Missing key in response for format string: 'identifier'
[2026-05-18 20:36:32,669] WARNING root: No data for WTAP; skipping.
[2026-05-18 20:36:33,558] ERROR root: Missing key in response for format string: 'identifier'
[2026-05-18 20:36:33,559] WARNING root: No data for XAB2; skipping.
[2026-05-18 20:36:38,840] ERROR root: Missing key in response for format string: 'identifier'
[2026-05-18 20:36:38,841] WARNING root: No data for XPO1; skipping.
[2026-05-18 20:36:39,620] ERROR root: Missing key in response for format string: 'identifier'
[2026-05-18 20:36:39,621] WARNING root: No data for XPO5; skipping.
[2026-05-18 20:36:40,826] ERROR root: Missing key in response for format string: 'identifier'
[2026-05-18 20:36:40,828] WARNING root: No data for XRCC1; skipping.
[2026-05-18 20:36:41,794] ERROR root: Missing key in response for format string: 'identifier'
[2026-05-18 20:36:41,796] WARNING root: No data for XRCC2; skipping.
[2026-05-18 20:36:42,741] ERROR root: Missing key in response for format string: 'identifier'
[2026-05-18 20:36:42,743] WARNING root: No data for XRCC3; skipping.
[2026-05-18 20:36:43,693] ERROR root: Missing key in response for format string: 'identifier'
[2026-05-18 20:36:43,694] WARNING root: No data for XRCC5; skipping.
[2026-05-18 20:36:44,636] ERROR root: Missing key in response for format string: 'identifier'
[2026-05-18 20:36:44,637] WARNING root: No data for XRCC6; skipping.
[2026-05-18 20:36:45,396] ERROR root: Missing key in response for format string: 'identifier'
[2026-05-18 20:36:45,397] WARNING root: No data for XRN1; skipping.
[2026-05-18 20:36:47,111] ERROR root: Missing key in response for format string: 'identifier'
[2026-05-18 20:36:47,113] WARNING root: No data for XRN2; skipping.
[2026-05-18 20:36:47,891] ERROR root: Missing key in response for format string: 'identifier'
[2026-05-18 20:36:47,892] WARNING root: No data for YAE1; skipping.
[2026-05-18 20:36:48,641] ERROR root: Missing key in response for format string: 'identifier'
[2026-05-18 20:36:48,642] WARNING root: No data for YARS; skipping.
[2026-05-18 20:36:49,395] ERROR root: Missing key in response for format string: 'identifier'
[2026-05-18 20:36:49,396] WARNING root: No data for YARS2; skipping.
[2026-05-18 20:36:50,342] ERROR root: Missing key in response for format string: 'identifier'
[2026-05-18 20:36:50,344] WARNING root: No data for YBX1; skipping.
[2026-05-18 20:36:52,184] ERROR root: Missing key in response for format string: 'identifier'
[2026-05-18 20:36:52,185] WARNING root: No data for YBX3; skipping.
[2026-05-18 20:36:52,951] ERROR root: Missing key in response for format string: 'identifier'
[2026-05-18 20:36:52,952] WARNING root: No data for YEATS2; skipping.
[2026-05-18 20:36:53,707] ERROR root: Missing key in response for format string: 'identifier'
[2026-05-18 20:36:53,708] WARNING root: No data for YEATS4; skipping.
[2026-05-18 20:36:54,464] ERROR root: Missing key in response for format string: 'identifier'
[2026-05-18 20:36:54,465] WARNING root: No data for YJEFN3; skipping.
[2026-05-18 20:36:55,536] ERROR root: Missing key in response for format string: 'identifier'
[2026-05-18 20:36:55,537] WARNING root: No data for YKT6; skipping.
[2026-05-18 20:36:56,294] ERROR root: Missing key in response for format string: 'identifier'
[2026-05-18 20:36:56,295] WARNING root: No data for YPEL1; skipping.
[2026-05-18 20:36:57,060] ERROR root: Missing key in response for format string: 'identifier'
[2026-05-18 20:36:57,062] WARNING root: No data for YPEL5; skipping.
[2026-05-18 20:36:57,821] ERROR root: Missing key in response for format string: 'identifier'
[2026-05-18 20:36:57,822] WARNING root: No data for YRDC; skipping.
[2026-05-18 20:37:02,571] ERROR root: Missing key in response for format string: 'identifier'
[2026-05-18 20:37:02,572] WARNING root: No data for YTHDC1; skipping.
[2026-05-18 20:37:03,829] ERROR root: Missing key in response for format string: 'identifier'
[2026-05-18 20:37:03,830] WARNING root: No data for YY1; skipping.
[2026-05-18 20:37:04,595] ERROR root: Missing key in response for format string: 'identifier'
[2026-05-18 20:37:04,596] WARNING root: No data for ZBTB11; skipping.
[2026-05-18 20:37:05,343] ERROR root: Missing key in response for format string: 'identifier'
[2026-05-18 20:37:05,344] WARNING root: No data for ZBTB14; skipping.
[2026-05-18 20:37:06,294] ERROR root: Missing key in response for format string: 'identifier'
[2026-05-18 20:37:06,295] WARNING root: No data for ZBTB17; skipping.
[2026-05-18 20:37:09,095] ERROR root: Missing key in response for format string: 'identifier'
[2026-05-18 20:37:09,096] WARNING root: No data for ZBTB4; skipping.
[2026-05-18 20:37:09,847] ERROR root: Missing key in response for format string: 'identifier'
[2026-05-18 20:37:09,848] WARNING root: No data for ZBTB44; skipping.
[2026-05-18 20:37:11,477] ERROR root: Missing key in response for format string: 'identifier'
[2026-05-18 20:37:11,479] WARNING root: No data for ZC3H13; skipping.
[2026-05-18 20:37:12,234] ERROR root: Missing key in response for format string: 'identifier'
[2026-05-18 20:37:12,235] WARNING root: No data for ZC3H18; skipping.
[2026-05-18 20:37:12,985] ERROR root: Missing key in response for format string: 'identifier'
[2026-05-18 20:37:12,986] WARNING root: No data for ZC3H3; skipping.
[2026-05-18 20:37:13,741] ERROR root: Missing key in response for format string: 'identifier'
[2026-05-18 20:37:13,742] WARNING root: No data for ZC3H4; skipping.
[2026-05-18 20:37:14,485] ERROR root: Missing key in response for format string: 'identifier'
[2026-05-18 20:37:14,486] WARNING root: No data for ZC3H8; skipping.
[2026-05-18 20:37:15,240] ERROR root: Missing key in response for format string: 'identifier'
[2026-05-18 20:37:15,241] WARNING root: No data for ZCCHC9; skipping.
[2026-05-18 20:37:15,998] ERROR root: Missing key in response for format string: 'identifier'
[2026-05-18 20:37:15,999] WARNING root: No data for ZCRB1; skipping.
[2026-05-18 20:37:16,760] ERROR root: Missing key in response for format string: 'identifier'
[2026-05-18 20:37:16,762] WARNING root: No data for ZDHHC7; skipping.
[2026-05-18 20:37:17,515] ERROR root: Missing key in response for format string: 'identifier'
[2026-05-18 20:37:17,516] WARNING root: No data for ZFC3H1; skipping.
[2026-05-18 20:37:23,369] ERROR root: Missing key in response for format string: 'identifier'
[2026-05-18 20:37:23,370] WARNING root: No data for ZFP69B; skipping.
[2026-05-18 20:37:24,125] ERROR root: Missing key in response for format string: 'identifier'
[2026-05-18 20:37:24,126] WARNING root: No data for ZFR; skipping.
[2026-05-18 20:37:25,705] ERROR root: Missing key in response for format string: 'identifier'
[2026-05-18 20:37:25,706] WARNING root: No data for ZMAT2; skipping.
[2026-05-18 20:37:26,458] ERROR root: Missing key in response for format string: 'identifier'
[2026-05-18 20:37:26,459] WARNING root: No data for ZMAT5; skipping.
[2026-05-18 20:37:27,218] ERROR root: Missing key in response for format string: 'identifier'
[2026-05-18 20:37:27,219] WARNING root: No data for ZMYM4; skipping.
[2026-05-18 20:37:27,972] ERROR root: Missing key in response for format string: 'identifier'
[2026-05-18 20:37:27,974] WARNING root: No data for ZNF100; skipping.
[2026-05-18 20:37:28,741] ERROR root: Missing key in response for format string: 'identifier'
[2026-05-18 20:37:28,742] WARNING root: No data for ZNF131; skipping.
[2026-05-18 20:37:29,499] ERROR root: Missing key in response for format string: 'identifier'
[2026-05-18 20:37:29,501] WARNING root: No data for ZNF133; skipping.
[2026-05-18 20:37:30,254] ERROR root: Missing key in response for format string: 'identifier'
[2026-05-18 20:37:30,255] WARNING root: No data for ZNF143; skipping.
[2026-05-18 20:37:31,002] ERROR root: Missing key in response for format string: 'identifier'
[2026-05-18 20:37:31,003] WARNING root: No data for ZNF207; skipping.
[2026-05-18 20:37:31,757] ERROR root: Missing key in response for format string: 'identifier'
[2026-05-18 20:37:31,758] WARNING root: No data for ZNF236; skipping.
[2026-05-18 20:37:32,506] ERROR root: Missing key in response for format string: 'identifier'
[2026-05-18 20:37:32,507] WARNING root: No data for ZNF24; skipping.
[2026-05-18 20:37:33,257] ERROR root: Missing key in response for format string: 'identifier'
[2026-05-18 20:37:33,258] WARNING root: No data for ZNF253; skipping.
[2026-05-18 20:37:34,006] ERROR root: Missing key in response for format string: 'identifier'
[2026-05-18 20:37:34,007] WARNING root: No data for ZNF284; skipping.
[2026-05-18 20:37:36,823] ERROR root: Missing key in response for format string: 'identifier'
[2026-05-18 20:37:36,824] WARNING root: No data for ZNF292; skipping.
[2026-05-18 20:37:37,573] ERROR root: Missing key in response for format string: 'identifier'
[2026-05-18 20:37:37,574] WARNING root: No data for ZNF317; skipping.
[2026-05-18 20:37:38,329] ERROR root: Missing key in response for format string: 'identifier'
[2026-05-18 20:37:38,330] WARNING root: No data for ZNF335; skipping.
[2026-05-18 20:37:39,083] ERROR root: Missing key in response for format string: 'identifier'
[2026-05-18 20:37:39,084] WARNING root: No data for ZNF407; skipping.
[2026-05-18 20:37:39,839] ERROR root: Missing key in response for format string: 'identifier'
[2026-05-18 20:37:39,840] WARNING root: No data for ZNF468; skipping.
[2026-05-18 20:37:40,595] ERROR root: Missing key in response for format string: 'identifier'
[2026-05-18 20:37:40,596] WARNING root: No data for ZNF492; skipping.
[2026-05-18 20:37:41,350] ERROR root: Missing key in response for format string: 'identifier'
[2026-05-18 20:37:41,352] WARNING root: No data for ZNF506; skipping.
[2026-05-18 20:37:42,108] ERROR root: Missing key in response for format string: 'identifier'
[2026-05-18 20:37:42,109] WARNING root: No data for ZNF559; skipping.
[2026-05-18 20:37:42,856] ERROR root: Missing key in response for format string: 'identifier'
[2026-05-18 20:37:42,857] WARNING root: No data for ZNF574; skipping.
[2026-05-18 20:37:43,628] ERROR root: Missing key in response for format string: 'identifier'
[2026-05-18 20:37:43,630] WARNING root: No data for ZNF658; skipping.
[2026-05-18 20:37:44,384] ERROR root: Missing key in response for format string: 'identifier'
[2026-05-18 20:37:44,385] WARNING root: No data for ZNF674; skipping.
[2026-05-18 20:37:45,141] ERROR root: Missing key in response for format string: 'identifier'
[2026-05-18 20:37:45,143] WARNING root: No data for ZNF676; skipping.
[2026-05-18 20:37:45,896] ERROR root: Missing key in response for format string: 'identifier'
[2026-05-18 20:37:45,897] WARNING root: No data for ZNF687; skipping.
[2026-05-18 20:37:46,665] ERROR root: Missing key in response for format string: 'identifier'
[2026-05-18 20:37:46,666] WARNING root: No data for ZNF706; skipping.
[2026-05-18 20:37:47,413] ERROR root: Missing key in response for format string: 'identifier'
[2026-05-18 20:37:47,415] WARNING root: No data for ZNF718; skipping.
[2026-05-18 20:37:48,167] ERROR root: Missing key in response for format string: 'identifier'
[2026-05-18 20:37:48,169] WARNING root: No data for ZNF720; skipping.
[2026-05-18 20:37:48,922] ERROR root: Missing key in response for format string: 'identifier'
[2026-05-18 20:37:48,924] WARNING root: No data for ZNF763; skipping.
[2026-05-18 20:37:49,784] ERROR root: Missing key in response for format string: 'identifier'
[2026-05-18 20:37:49,785] WARNING root: No data for ZNF787; skipping.
[2026-05-18 20:37:50,539] ERROR root: Missing key in response for format string: 'identifier'
[2026-05-18 20:37:50,540] WARNING root: No data for ZNF830; skipping.
[2026-05-18 20:37:52,613] ERROR root: Missing key in response for format string: 'identifier'
[2026-05-18 20:37:52,615] WARNING root: No data for ZNF84; skipping.
[2026-05-18 20:37:53,369] ERROR root: Missing key in response for format string: 'identifier'
[2026-05-18 20:37:53,371] WARNING root: No data for ZNHIT1; skipping.
[2026-05-18 20:37:54,124] ERROR root: Missing key in response for format string: 'identifier'
[2026-05-18 20:37:54,125] WARNING root: No data for ZNHIT2; skipping.
[2026-05-18 20:37:54,881] ERROR root: Missing key in response for format string: 'identifier'
[2026-05-18 20:37:54,882] WARNING root: No data for ZNHIT3; skipping.
[2026-05-18 20:37:55,838] ERROR root: Missing key in response for format string: 'identifier'
[2026-05-18 20:37:55,839] WARNING root: No data for ZNHIT6; skipping.
[2026-05-18 20:37:56,793] ERROR root: Missing key in response for format string: 'identifier'
[2026-05-18 20:37:56,794] WARNING root: No data for ZNRD1; skipping.
[2026-05-18 20:37:57,552] ERROR root: Missing key in response for format string: 'identifier'
[2026-05-18 20:37:57,554] WARNING root: No data for ZRANB2; skipping.
[2026-05-18 20:37:59,078] ERROR root: Missing key in response for format string: 'identifier'
[2026-05-18 20:37:59,079] WARNING root: No data for ZRSR2; skipping.
[2026-05-18 20:38:00,899] ERROR root: Missing key in response for format string: 'identifier'
[2026-05-18 20:38:00,900] WARNING root: No data for ZW10; skipping.
[2026-05-18 20:38:01,660] ERROR root: Missing key in response for format string: 'identifier'
[2026-05-18 20:38:01,661] WARNING root: No data for ZWINT; skipping.
Traceback (most recent call last):
  File "<frozen runpy>", line 198, in _run_module_as_main
  File "<frozen runpy>", line 88, in _run_code
  File "/ictstr01/groups/ml01/workspace/goncalo.pinto/embpy/src/world_model/world_model/scripts/embed_perturbations.py", line 267, in <module>
    sys.exit(main())
             ^^^^^^
  File "/ictstr01/groups/ml01/workspace/goncalo.pinto/embpy/src/world_model/world_model/scripts/embed_perturbations.py", line 187, in main
    embeddings, statuses = provider.embed_with_status(perturbation_labels)
                           ^^^^^^^^^^^^^^^^^^^^^^^^^^^^^^^^^^^^^^^^^^^^^^^
  File "/ictstr01/groups/ml01/workspace/goncalo.pinto/embpy/src/world_model/world_model/data/embeddings/bio_embedder.py", line 191, in embed_with_status
    raise ValueError(
ValueError: BioEmbedder returned no embeddings for any of 2393 symbols. Check model_name='minilm_l6_v2', organism='human', resolver_backend='api'. If your dataset is mostly controls, set action_embedding.fail_on_unresolved=False and verify the output of embed_perturbations.py.
