 WARN Encountered 2 warnings while parsing the manifest:
  ⚠ The feature 'state' is defined but not used in any environment.
  │ Dependencies of unused features are not resolved or checked, and use
  │ wildcard (*) version specifiers by default, disregarding any set `pinning-
  │ strategy`
     ╭─[/ictstr01/groups/ml01/workspace/goncalo.pinto/embpy/pixi.toml:386:10]
 385 │ # ---------------------------------------------------------------------------
 386 │ [feature.state]
     ·          ─────
 387 │ platforms = ["linux-64"]
     ╰────
  help: Remove the feature from the manifest or add it to an environment

  ⚠ The feature 'stack' is defined but not used in any environment.
  │ Dependencies of unused features are not resolved or checked, and use
  │ wildcard (*) version specifiers by default, disregarding any set `pinning-
  │ strategy`
     ╭─[/ictstr01/groups/ml01/workspace/goncalo.pinto/embpy/pixi.toml:402:10]
 401 │ 
 402 │ [feature.stack]
     ·          ─────
 403 │ platforms = ["linux-64"]
     ╰────
  help: Remove the feature from the manifest or add it to an environment

[2026-05-18 20:00:28,548] INFO __main__: Found 2057 unique non-control perturbation labels in data/datasets/replogle/replogle_2022_k562_essential.h5ad (filtered out 10691 control cells).
[2026-05-18 20:00:28,567] INFO world_model.data.embeddings.bio_embedder: BioEmbedderProvider cache hit 0/2057 unique gene symbols (model=minilm_l6_v2)
[2026-05-18 20:03:06,180] INFO root: CUDA device found, using GPU.
[2026-05-18 20:03:06,181] INFO root: GeneResolver initialized for human (Release 109).
[2026-05-18 20:03:07,803] INFO root: Checking if Ensembl data needs downloading/indexing...
[2026-05-18 20:03:08,876] INFO pyensembl.sequence_data: Loaded sequence dictionary from /home/icb/goncalo.pinto/.cache/pyensembl/GRCh38/ensembl109/Homo_sapiens.GRCh38.cdna.all.fa.gz.pickle
[2026-05-18 20:03:09,132] INFO pyensembl.sequence_data: Loaded sequence dictionary from /home/icb/goncalo.pinto/.cache/pyensembl/GRCh38/ensembl109/Homo_sapiens.GRCh38.ncrna.fa.gz.pickle
[2026-05-18 20:03:09,367] INFO pyensembl.sequence_data: Loaded sequence dictionary from /home/icb/goncalo.pinto/.cache/pyensembl/GRCh38/ensembl109/Homo_sapiens.GRCh38.pep.all.fa.gz.pickle
[2026-05-18 20:03:09,369] INFO root: pyensembl data is ready.
[2026-05-18 20:03:09,370] INFO root: BioEmbedder initialized: device=cuda, organism=human, backend=api
[2026-05-18 20:03:09,370] INFO root: Loading registered model 'minilm_l6_v2' onto device 'cuda'...
[2026-05-18 20:03:09,370] INFO root: Loading text model 'sentence-transformers/all-MiniLM-L6-v2'...
[2026-05-18 20:03:26,217] INFO root: Using max_length=512, cls_token_position=0
[2026-05-18 20:03:26,218] INFO root: Model 'minilm_l6_v2' loaded successfully.
[2026-05-18 20:03:26,218] INFO root: Batch: 2057 items for 'minilm_l6_v2' (text)...
[2026-05-18 20:03:26,988] ERROR root: Missing key in response for format string: 'identifier'
[2026-05-18 20:03:26,989] WARNING root: No data for AAAS; skipping.
[2026-05-18 20:03:27,749] ERROR root: Missing key in response for format string: 'identifier'
[2026-05-18 20:03:27,750] WARNING root: No data for AAMP; skipping.
[2026-05-18 20:03:28,511] ERROR root: Missing key in response for format string: 'identifier'
[2026-05-18 20:03:28,512] WARNING root: No data for AARS; skipping.
[2026-05-18 20:03:29,266] ERROR root: Missing key in response for format string: 'identifier'
[2026-05-18 20:03:29,268] WARNING root: No data for AARS2; skipping.
[2026-05-18 20:03:30,018] ERROR root: Missing key in response for format string: 'identifier'
[2026-05-18 20:03:30,019] WARNING root: No data for AASDHPPT; skipping.
[2026-05-18 20:03:30,792] ERROR root: Missing key in response for format string: 'identifier'
[2026-05-18 20:03:30,793] WARNING root: No data for AATF; skipping.
[2026-05-18 20:03:31,549] ERROR root: Missing key in response for format string: 'identifier'
[2026-05-18 20:03:31,550] WARNING root: No data for ABCB10; skipping.
[2026-05-18 20:03:32,300] ERROR root: Missing key in response for format string: 'identifier'
[2026-05-18 20:03:32,301] WARNING root: No data for ABCB7; skipping.
[2026-05-18 20:03:33,252] ERROR root: Missing key in response for format string: 'identifier'
[2026-05-18 20:03:33,253] WARNING root: No data for ABCE1; skipping.
[2026-05-18 20:03:34,016] ERROR root: Missing key in response for format string: 'identifier'
[2026-05-18 20:03:34,017] WARNING root: No data for ABCF1; skipping.
[2026-05-18 20:03:34,966] ERROR root: Missing key in response for format string: 'identifier'
[2026-05-18 20:03:34,967] WARNING root: No data for ABCG1; skipping.
[2026-05-18 20:03:35,726] ERROR root: Missing key in response for format string: 'identifier'
[2026-05-18 20:03:35,727] WARNING root: No data for ABHD11; skipping.
[2026-05-18 20:03:36,490] ERROR root: Missing key in response for format string: 'identifier'
[2026-05-18 20:03:36,491] WARNING root: No data for ABHD17A; skipping.
[2026-05-18 20:03:37,247] ERROR root: Missing key in response for format string: 'identifier'
[2026-05-18 20:03:37,248] WARNING root: No data for ABT1; skipping.
[2026-05-18 20:03:38,005] ERROR root: Missing key in response for format string: 'identifier'
[2026-05-18 20:03:38,006] WARNING root: No data for ACD; skipping.
[2026-05-18 20:03:38,768] ERROR root: Missing key in response for format string: 'identifier'
[2026-05-18 20:03:38,769] WARNING root: No data for ACIN1; skipping.
[2026-05-18 20:03:39,527] ERROR root: Missing key in response for format string: 'identifier'
[2026-05-18 20:03:39,528] WARNING root: No data for ACOT12; skipping.
[2026-05-18 20:03:40,476] ERROR root: Missing key in response for format string: 'identifier'
[2026-05-18 20:03:40,478] WARNING root: No data for ACTB; skipping.
[2026-05-18 20:03:41,232] ERROR root: Missing key in response for format string: 'identifier'
[2026-05-18 20:03:41,233] WARNING root: No data for ACTL6A; skipping.
[2026-05-18 20:03:41,983] ERROR root: Missing key in response for format string: 'identifier'
[2026-05-18 20:03:41,984] WARNING root: No data for ACTR10; skipping.
[2026-05-18 20:03:42,741] ERROR root: Missing key in response for format string: 'identifier'
[2026-05-18 20:03:42,743] WARNING root: No data for ACTR1A; skipping.
[2026-05-18 20:03:43,492] ERROR root: Missing key in response for format string: 'identifier'
[2026-05-18 20:03:43,493] WARNING root: No data for ACTR1B; skipping.
[2026-05-18 20:03:44,244] ERROR root: Missing key in response for format string: 'identifier'
[2026-05-18 20:03:44,246] WARNING root: No data for ACTR2; skipping.
[2026-05-18 20:03:44,999] ERROR root: Missing key in response for format string: 'identifier'
[2026-05-18 20:03:45,000] WARNING root: No data for ACTR3; skipping.
[2026-05-18 20:03:45,751] ERROR root: Missing key in response for format string: 'identifier'
[2026-05-18 20:03:45,752] WARNING root: No data for ACTR6; skipping.
[2026-05-18 20:03:46,511] ERROR root: Missing key in response for format string: 'identifier'
[2026-05-18 20:03:46,512] WARNING root: No data for ACTR8; skipping.
[2026-05-18 20:03:47,287] ERROR root: Missing key in response for format string: 'identifier'
[2026-05-18 20:03:47,288] WARNING root: No data for ADAT2; skipping.
[2026-05-18 20:03:48,042] ERROR root: Missing key in response for format string: 'identifier'
[2026-05-18 20:03:48,043] WARNING root: No data for ADAT3; skipping.
[2026-05-18 20:03:48,806] ERROR root: Missing key in response for format string: 'identifier'
[2026-05-18 20:03:48,807] WARNING root: No data for ADRM1; skipping.
[2026-05-18 20:03:49,559] ERROR root: Missing key in response for format string: 'identifier'
[2026-05-18 20:03:49,560] WARNING root: No data for ADSL; skipping.
[2026-05-18 20:03:50,325] ERROR root: Missing key in response for format string: 'identifier'
[2026-05-18 20:03:50,326] WARNING root: No data for AFG3L2; skipping.
[2026-05-18 20:03:51,086] ERROR root: Missing key in response for format string: 'identifier'
[2026-05-18 20:03:51,087] WARNING root: No data for AHCTF1; skipping.
[2026-05-18 20:03:52,020] ERROR root: Missing key in response for format string: 'identifier'
[2026-05-18 20:03:52,021] WARNING root: No data for AHCY; skipping.
[2026-05-18 20:03:52,967] ERROR root: Missing key in response for format string: 'identifier'
[2026-05-18 20:03:52,968] WARNING root: No data for AIFM1; skipping.
[2026-05-18 20:03:53,722] ERROR root: Missing key in response for format string: 'identifier'
[2026-05-18 20:03:53,723] WARNING root: No data for AKIRIN2; skipping.
[2026-05-18 20:03:54,479] ERROR root: Missing key in response for format string: 'identifier'
[2026-05-18 20:03:54,481] WARNING root: No data for ALDOA; skipping.
[2026-05-18 20:03:55,249] ERROR root: Missing key in response for format string: 'identifier'
[2026-05-18 20:03:55,250] WARNING root: No data for ALG1; skipping.
[2026-05-18 20:03:56,003] ERROR root: Missing key in response for format string: 'identifier'
[2026-05-18 20:03:56,004] WARNING root: No data for ALG11; skipping.
[2026-05-18 20:03:56,957] ERROR root: Missing key in response for format string: 'identifier'
[2026-05-18 20:03:56,958] WARNING root: No data for ALG13; skipping.
[2026-05-18 20:03:57,906] ERROR root: Missing key in response for format string: 'identifier'
[2026-05-18 20:03:57,907] WARNING root: No data for ALG14; skipping.
[2026-05-18 20:03:58,656] ERROR root: Missing key in response for format string: 'identifier'
[2026-05-18 20:03:58,657] WARNING root: No data for ALG1L; skipping.
[2026-05-18 20:03:59,591] ERROR root: Missing key in response for format string: 'identifier'
[2026-05-18 20:03:59,592] WARNING root: No data for ALG2; skipping.
[2026-05-18 20:04:00,353] ERROR root: Missing key in response for format string: 'identifier'
[2026-05-18 20:04:00,354] WARNING root: No data for ALYREF; skipping.
[2026-05-18 20:04:01,120] ERROR root: Missing key in response for format string: 'identifier'
[2026-05-18 20:04:01,121] WARNING root: No data for ANAPC1; skipping.
[2026-05-18 20:04:01,886] ERROR root: Missing key in response for format string: 'identifier'
[2026-05-18 20:04:01,887] WARNING root: No data for ANAPC10; skipping.
[2026-05-18 20:04:02,646] ERROR root: Missing key in response for format string: 'identifier'
[2026-05-18 20:04:02,647] WARNING root: No data for ANAPC11; skipping.
[2026-05-18 20:04:03,398] ERROR root: Missing key in response for format string: 'identifier'
[2026-05-18 20:04:03,399] WARNING root: No data for ANAPC13; skipping.
[2026-05-18 20:04:04,168] ERROR root: Missing key in response for format string: 'identifier'
[2026-05-18 20:04:04,169] WARNING root: No data for ANAPC15; skipping.
[2026-05-18 20:04:04,923] ERROR root: Missing key in response for format string: 'identifier'
[2026-05-18 20:04:04,924] WARNING root: No data for ANAPC2; skipping.
[2026-05-18 20:04:05,675] ERROR root: Missing key in response for format string: 'identifier'
[2026-05-18 20:04:05,676] WARNING root: No data for ANAPC4; skipping.
[2026-05-18 20:04:06,712] ERROR root: Missing key in response for format string: 'identifier'
[2026-05-18 20:04:06,713] WARNING root: No data for ANAPC5; skipping.
[2026-05-18 20:04:07,465] ERROR root: Missing key in response for format string: 'identifier'
[2026-05-18 20:04:07,466] WARNING root: No data for ANKLE2; skipping.
[2026-05-18 20:04:08,226] ERROR root: Missing key in response for format string: 'identifier'
[2026-05-18 20:04:08,227] WARNING root: No data for ANKRD11; skipping.
[2026-05-18 20:04:08,978] ERROR root: Missing key in response for format string: 'identifier'
[2026-05-18 20:04:08,979] WARNING root: No data for ANKRD49; skipping.
[2026-05-18 20:04:09,722] ERROR root: Missing key in response for format string: 'identifier'
[2026-05-18 20:04:09,723] WARNING root: No data for ANKS6; skipping.
[2026-05-18 20:04:10,471] ERROR root: Missing key in response for format string: 'identifier'
[2026-05-18 20:04:10,473] WARNING root: No data for ANLN; skipping.
[2026-05-18 20:04:11,231] ERROR root: Missing key in response for format string: 'identifier'
[2026-05-18 20:04:11,232] WARNING root: No data for AP2M1; skipping.
[2026-05-18 20:04:11,993] ERROR root: Missing key in response for format string: 'identifier'
[2026-05-18 20:04:11,994] WARNING root: No data for AP2S1; skipping.
[2026-05-18 20:04:12,773] ERROR root: Missing key in response for format string: 'identifier'
[2026-05-18 20:04:12,774] WARNING root: No data for AQP7; skipping.
[2026-05-18 20:04:13,523] ERROR root: Missing key in response for format string: 'identifier'
[2026-05-18 20:04:13,524] WARNING root: No data for AQR; skipping.
[2026-05-18 20:04:14,279] ERROR root: Missing key in response for format string: 'identifier'
[2026-05-18 20:04:14,280] WARNING root: No data for ARCN1; skipping.
[2026-05-18 20:04:15,226] ERROR root: Missing key in response for format string: 'identifier'
[2026-05-18 20:04:15,227] WARNING root: No data for ARF4; skipping.
[2026-05-18 20:04:15,993] ERROR root: Missing key in response for format string: 'identifier'
[2026-05-18 20:04:15,994] WARNING root: No data for ARFRP1; skipping.
[2026-05-18 20:04:16,750] ERROR root: Missing key in response for format string: 'identifier'
[2026-05-18 20:04:16,751] WARNING root: No data for ARGFX; skipping.
[2026-05-18 20:04:17,506] ERROR root: Missing key in response for format string: 'identifier'
[2026-05-18 20:04:17,507] WARNING root: No data for ARGLU1; skipping.
[2026-05-18 20:04:18,265] ERROR root: Missing key in response for format string: 'identifier'
[2026-05-18 20:04:18,267] WARNING root: No data for ARHGAP11B; skipping.
[2026-05-18 20:04:19,020] ERROR root: Missing key in response for format string: 'identifier'
[2026-05-18 20:04:19,021] WARNING root: No data for ARID3A; skipping.
[2026-05-18 20:04:19,770] ERROR root: Missing key in response for format string: 'identifier'
[2026-05-18 20:04:19,771] WARNING root: No data for ARIH1; skipping.
[2026-05-18 20:04:20,714] ERROR root: Missing key in response for format string: 'identifier'
[2026-05-18 20:04:20,715] WARNING root: No data for ARL2; skipping.
[2026-05-18 20:04:21,463] ERROR root: Missing key in response for format string: 'identifier'
[2026-05-18 20:04:21,464] WARNING root: No data for ARL4D; skipping.
[2026-05-18 20:04:22,212] ERROR root: Missing key in response for format string: 'identifier'
[2026-05-18 20:04:22,213] WARNING root: No data for ARMC6; skipping.
[2026-05-18 20:04:22,963] ERROR root: Missing key in response for format string: 'identifier'
[2026-05-18 20:04:22,964] WARNING root: No data for ARMC7; skipping.
[2026-05-18 20:04:23,721] ERROR root: Missing key in response for format string: 'identifier'
[2026-05-18 20:04:23,722] WARNING root: No data for ARPC2; skipping.
[2026-05-18 20:04:24,472] ERROR root: Missing key in response for format string: 'identifier'
[2026-05-18 20:04:24,474] WARNING root: No data for ARPC3; skipping.
[2026-05-18 20:04:25,229] ERROR root: Missing key in response for format string: 'identifier'
[2026-05-18 20:04:25,230] WARNING root: No data for ARPC4; skipping.
[2026-05-18 20:04:25,991] ERROR root: Missing key in response for format string: 'identifier'
[2026-05-18 20:04:25,992] WARNING root: No data for ASF1B; skipping.
[2026-05-18 20:04:27,325] ERROR root: Missing key in response for format string: 'identifier'
[2026-05-18 20:04:27,327] WARNING root: No data for ATF4; skipping.
[2026-05-18 20:04:28,077] ERROR root: Missing key in response for format string: 'identifier'
[2026-05-18 20:04:28,078] WARNING root: No data for ATF5; skipping.
[2026-05-18 20:04:28,833] ERROR root: Missing key in response for format string: 'identifier'
[2026-05-18 20:04:28,835] WARNING root: No data for ATL2; skipping.
[2026-05-18 20:04:29,788] ERROR root: Missing key in response for format string: 'identifier'
[2026-05-18 20:04:29,789] WARNING root: No data for ATP1A1; skipping.
[2026-05-18 20:04:30,733] ERROR root: Missing key in response for format string: 'identifier'
[2026-05-18 20:04:30,734] WARNING root: No data for ATP2A2; skipping.
[2026-05-18 20:04:31,486] ERROR root: Missing key in response for format string: 'identifier'
[2026-05-18 20:04:31,487] WARNING root: No data for ATP6AP1; skipping.
[2026-05-18 20:04:32,246] ERROR root: Missing key in response for format string: 'identifier'
[2026-05-18 20:04:32,247] WARNING root: No data for ATP6AP2; skipping.
[2026-05-18 20:04:33,001] ERROR root: Missing key in response for format string: 'identifier'
[2026-05-18 20:04:33,003] WARNING root: No data for ATP6V0B; skipping.
[2026-05-18 20:04:33,756] ERROR root: Missing key in response for format string: 'identifier'
[2026-05-18 20:04:33,757] WARNING root: No data for ATP6V0C; skipping.
[2026-05-18 20:04:34,513] ERROR root: Missing key in response for format string: 'identifier'
[2026-05-18 20:04:34,514] WARNING root: No data for ATP6V0D1; skipping.
[2026-05-18 20:04:35,273] ERROR root: Missing key in response for format string: 'identifier'
[2026-05-18 20:04:35,274] WARNING root: No data for ATP6V1A; skipping.
[2026-05-18 20:04:36,032] ERROR root: Missing key in response for format string: 'identifier'
[2026-05-18 20:04:36,034] WARNING root: No data for ATP6V1B2; skipping.
[2026-05-18 20:04:36,793] ERROR root: Missing key in response for format string: 'identifier'
[2026-05-18 20:04:36,794] WARNING root: No data for ATP6V1C1; skipping.
[2026-05-18 20:04:37,548] ERROR root: Missing key in response for format string: 'identifier'
[2026-05-18 20:04:37,549] WARNING root: No data for ATP6V1D; skipping.
[2026-05-18 20:04:38,300] ERROR root: Missing key in response for format string: 'identifier'
[2026-05-18 20:04:38,301] WARNING root: No data for ATP6V1E1; skipping.
[2026-05-18 20:04:39,061] ERROR root: Missing key in response for format string: 'identifier'
[2026-05-18 20:04:39,063] WARNING root: No data for ATP6V1F; skipping.
[2026-05-18 20:04:39,813] ERROR root: Missing key in response for format string: 'identifier'
[2026-05-18 20:04:39,814] WARNING root: No data for ATP6V1G1; skipping.
[2026-05-18 20:04:40,577] ERROR root: Missing key in response for format string: 'identifier'
[2026-05-18 20:04:40,578] WARNING root: No data for ATP6V1H; skipping.
[2026-05-18 20:04:41,740] ERROR root: Missing key in response for format string: 'identifier'
[2026-05-18 20:04:41,741] WARNING root: No data for ATR; skipping.
[2026-05-18 20:04:42,502] ERROR root: Missing key in response for format string: 'identifier'
[2026-05-18 20:04:42,503] WARNING root: No data for ATRIP; skipping.
[2026-05-18 20:04:43,658] ERROR root: Missing key in response for format string: 'identifier'
[2026-05-18 20:04:43,659] WARNING root: No data for AURKA; skipping.
[2026-05-18 20:04:44,406] ERROR root: Missing key in response for format string: 'identifier'
[2026-05-18 20:04:44,407] WARNING root: No data for AURKAIP1; skipping.
[2026-05-18 20:04:45,346] ERROR root: Missing key in response for format string: 'identifier'
[2026-05-18 20:04:45,347] WARNING root: No data for AURKB; skipping.
[2026-05-18 20:04:46,108] ERROR root: Missing key in response for format string: 'identifier'
[2026-05-18 20:04:46,109] WARNING root: No data for BANF1; skipping.
[2026-05-18 20:04:47,054] ERROR root: Missing key in response for format string: 'identifier'
[2026-05-18 20:04:47,055] WARNING root: No data for BANP; skipping.
[2026-05-18 20:04:48,180] ERROR root: Missing key in response for format string: 'identifier'
[2026-05-18 20:04:48,181] WARNING root: No data for BAP1; skipping.
[2026-05-18 20:04:49,743] ERROR root: Missing key in response for format string: 'identifier'
[2026-05-18 20:04:49,744] WARNING root: No data for BARD1; skipping.
[2026-05-18 20:04:50,683] ERROR root: Missing key in response for format string: 'identifier'
[2026-05-18 20:04:50,684] WARNING root: No data for BCAR1; skipping.
[2026-05-18 20:04:51,442] ERROR root: Missing key in response for format string: 'identifier'
[2026-05-18 20:04:51,443] WARNING root: No data for BCAS2; skipping.
[2026-05-18 20:04:52,784] ERROR root: Missing key in response for format string: 'identifier'
[2026-05-18 20:04:52,786] WARNING root: No data for BCL2L1; skipping.
[2026-05-18 20:04:53,727] ERROR root: Missing key in response for format string: 'identifier'
[2026-05-18 20:04:53,728] WARNING root: No data for BCLAF1; skipping.
[2026-05-18 20:04:54,679] ERROR root: Missing key in response for format string: 'identifier'
[2026-05-18 20:04:54,681] WARNING root: No data for BCR; skipping.
[2026-05-18 20:04:55,435] ERROR root: Missing key in response for format string: 'identifier'
[2026-05-18 20:04:55,436] WARNING root: No data for BCS1L; skipping.
[2026-05-18 20:04:56,200] ERROR root: Missing key in response for format string: 'identifier'
[2026-05-18 20:04:56,201] WARNING root: No data for BDP1; skipping.
[2026-05-18 20:04:56,963] ERROR root: Missing key in response for format string: 'identifier'
[2026-05-18 20:04:56,964] WARNING root: No data for BET1; skipping.
[2026-05-18 20:04:58,008] ERROR root: Missing key in response for format string: 'identifier'
[2026-05-18 20:04:58,010] WARNING root: No data for BGLAP; skipping.
[2026-05-18 20:04:59,137] ERROR root: Missing key in response for format string: 'identifier'
[2026-05-18 20:04:59,138] WARNING root: No data for BIRC5; skipping.
[2026-05-18 20:04:59,891] ERROR root: Missing key in response for format string: 'identifier'
[2026-05-18 20:04:59,892] WARNING root: No data for BMS1; skipping.
[2026-05-18 20:05:00,655] ERROR root: Missing key in response for format string: 'identifier'
[2026-05-18 20:05:00,656] WARNING root: No data for BNIP1; skipping.
[2026-05-18 20:05:01,412] ERROR root: Missing key in response for format string: 'identifier'
[2026-05-18 20:05:01,413] WARNING root: No data for BOP1; skipping.
[2026-05-18 20:05:02,206] ERROR root: Missing key in response for format string: 'identifier'
[2026-05-18 20:05:02,207] WARNING root: No data for BORA; skipping.
[2026-05-18 20:05:03,161] ERROR root: Missing key in response for format string: 'identifier'
[2026-05-18 20:05:03,162] WARNING root: No data for BPTF; skipping.
[2026-05-18 20:05:04,714] ERROR root: Missing key in response for format string: 'identifier'
[2026-05-18 20:05:04,716] WARNING root: No data for BRCA1; skipping.
[2026-05-18 20:05:06,282] ERROR root: Missing key in response for format string: 'identifier'
[2026-05-18 20:05:06,284] WARNING root: No data for BRCA2; skipping.
[2026-05-18 20:05:07,231] ERROR root: Missing key in response for format string: 'identifier'
[2026-05-18 20:05:07,232] WARNING root: No data for BRD4; skipping.
[2026-05-18 20:05:08,044] ERROR root: Missing key in response for format string: 'identifier'
[2026-05-18 20:05:08,045] WARNING root: No data for BRD8; skipping.
[2026-05-18 20:05:09,634] ERROR root: Missing key in response for format string: 'identifier'
[2026-05-18 20:05:09,635] WARNING root: No data for BRF1; skipping.
[2026-05-18 20:05:10,393] ERROR root: Missing key in response for format string: 'identifier'
[2026-05-18 20:05:10,394] WARNING root: No data for BRF2; skipping.
[2026-05-18 20:05:11,549] ERROR root: Missing key in response for format string: 'identifier'
[2026-05-18 20:05:11,551] WARNING root: No data for BRIP1; skipping.
[2026-05-18 20:05:12,297] ERROR root: Missing key in response for format string: 'identifier'
[2026-05-18 20:05:12,334] WARNING root: No data for BRIX1; skipping.
[2026-05-18 20:05:13,120] ERROR root: Missing key in response for format string: 'identifier'
[2026-05-18 20:05:13,121] WARNING root: No data for BRK1; skipping.
[2026-05-18 20:05:13,929] ERROR root: Missing key in response for format string: 'identifier'
[2026-05-18 20:05:13,930] WARNING root: No data for BTF3; skipping.
[2026-05-18 20:05:14,682] ERROR root: Missing key in response for format string: 'identifier'
[2026-05-18 20:05:14,683] WARNING root: No data for BTF3L4; skipping.
[2026-05-18 20:05:15,633] ERROR root: Missing key in response for format string: 'identifier'
[2026-05-18 20:05:15,635] WARNING root: No data for BUB1; skipping.
[2026-05-18 20:05:16,577] ERROR root: Missing key in response for format string: 'identifier'
[2026-05-18 20:05:16,579] WARNING root: No data for BUB1B; skipping.
[2026-05-18 20:05:17,604] ERROR root: Missing key in response for format string: 'identifier'
[2026-05-18 20:05:17,605] WARNING root: No data for BUB3; skipping.
[2026-05-18 20:05:18,366] ERROR root: Missing key in response for format string: 'identifier'
[2026-05-18 20:05:18,368] WARNING root: No data for BUD13; skipping.
[2026-05-18 20:05:19,192] ERROR root: Missing key in response for format string: 'identifier'
[2026-05-18 20:05:19,193] WARNING root: No data for BUD31; skipping.
[2026-05-18 20:05:19,942] ERROR root: Missing key in response for format string: 'identifier'
[2026-05-18 20:05:19,943] WARNING root: No data for BYSL; skipping.
[2026-05-18 20:05:20,693] ERROR root: Missing key in response for format string: 'identifier'
[2026-05-18 20:05:20,694] WARNING root: No data for C12orf45; skipping.
[2026-05-18 20:05:23,382] ERROR root: Missing key in response for format string: 'identifier'
[2026-05-18 20:05:23,383] WARNING root: No data for C12orf60; skipping.
[2026-05-18 20:05:24,152] ERROR root: Missing key in response for format string: 'identifier'
[2026-05-18 20:05:24,154] WARNING root: No data for C14orf178; skipping.
[2026-05-18 20:05:24,910] ERROR root: Missing key in response for format string: 'identifier'
[2026-05-18 20:05:24,911] WARNING root: No data for C16orf86; skipping.
[2026-05-18 20:05:25,664] ERROR root: Missing key in response for format string: 'identifier'
[2026-05-18 20:05:25,665] WARNING root: No data for C17orf58; skipping.
[2026-05-18 20:05:27,371] ERROR root: Missing key in response for format string: 'identifier'
[2026-05-18 20:05:27,372] WARNING root: No data for C19orf25; skipping.
[2026-05-18 20:05:28,122] ERROR root: Missing key in response for format string: 'identifier'
[2026-05-18 20:05:28,123] WARNING root: No data for C19orf53; skipping.
[2026-05-18 20:05:28,887] ERROR root: Missing key in response for format string: 'identifier'
[2026-05-18 20:05:28,888] WARNING root: No data for C1D; skipping.
[2026-05-18 20:05:29,635] ERROR root: Missing key in response for format string: 'identifier'
[2026-05-18 20:05:29,636] WARNING root: No data for C1QBP; skipping.
[2026-05-18 20:05:31,472] ERROR root: Missing key in response for format string: 'identifier'
[2026-05-18 20:05:31,473] WARNING root: No data for C1QTNF4; skipping.
[2026-05-18 20:05:32,227] ERROR root: Missing key in response for format string: 'identifier'
[2026-05-18 20:05:32,228] WARNING root: No data for C1orf109; skipping.
[2026-05-18 20:05:32,981] ERROR root: Missing key in response for format string: 'identifier'
[2026-05-18 20:05:32,982] WARNING root: No data for C6orf15; skipping.
[2026-05-18 20:05:33,740] ERROR root: Missing key in response for format string: 'identifier'
[2026-05-18 20:05:33,741] WARNING root: No data for C7orf26; skipping.
[2026-05-18 20:05:34,494] ERROR root: Missing key in response for format string: 'identifier'
[2026-05-18 20:05:34,495] WARNING root: No data for C7orf50; skipping.
[2026-05-18 20:05:35,249] ERROR root: Missing key in response for format string: 'identifier'
[2026-05-18 20:05:35,250] WARNING root: No data for C9orf16; skipping.
[2026-05-18 20:05:35,996] ERROR root: Missing key in response for format string: 'identifier'
[2026-05-18 20:05:35,997] WARNING root: No data for C9orf78; skipping.
[2026-05-18 20:05:36,755] ERROR root: Missing key in response for format string: 'identifier'
[2026-05-18 20:05:36,756] WARNING root: No data for CA5A; skipping.
[2026-05-18 20:05:37,507] ERROR root: Missing key in response for format string: 'identifier'
[2026-05-18 20:05:37,508] WARNING root: No data for CACNB3; skipping.
[2026-05-18 20:05:38,256] ERROR root: Missing key in response for format string: 'identifier'
[2026-05-18 20:05:38,257] WARNING root: No data for CACTIN; skipping.
[2026-05-18 20:05:39,436] ERROR root: Missing key in response for format string: 'identifier'
[2026-05-18 20:05:39,437] WARNING root: No data for CADM4; skipping.
[2026-05-18 20:05:40,194] ERROR root: Missing key in response for format string: 'identifier'
[2026-05-18 20:05:40,196] WARNING root: No data for CAMLG; skipping.
[2026-05-18 20:05:41,151] ERROR root: Missing key in response for format string: 'identifier'
[2026-05-18 20:05:41,152] WARNING root: No data for CAP1; skipping.
[2026-05-18 20:05:41,913] ERROR root: Missing key in response for format string: 'identifier'
[2026-05-18 20:05:41,915] WARNING root: No data for CAPZB; skipping.
[2026-05-18 20:05:42,681] ERROR root: Missing key in response for format string: 'identifier'
[2026-05-18 20:05:42,682] WARNING root: No data for CARS; skipping.
[2026-05-18 20:05:43,455] ERROR root: Missing key in response for format string: 'identifier'
[2026-05-18 20:05:43,456] WARNING root: No data for CASP8AP2; skipping.
[2026-05-18 20:05:44,217] ERROR root: Missing key in response for format string: 'identifier'
[2026-05-18 20:05:44,218] WARNING root: No data for CBLL1; skipping.
[2026-05-18 20:05:44,975] ERROR root: Missing key in response for format string: 'identifier'
[2026-05-18 20:05:44,976] WARNING root: No data for CBLN1; skipping.
[2026-05-18 20:05:45,738] ERROR root: Missing key in response for format string: 'identifier'
[2026-05-18 20:05:45,739] WARNING root: No data for CBX1; skipping.
[2026-05-18 20:05:46,497] ERROR root: Missing key in response for format string: 'identifier'
[2026-05-18 20:05:46,498] WARNING root: No data for CCAR1; skipping.
[2026-05-18 20:05:47,247] ERROR root: Missing key in response for format string: 'identifier'
[2026-05-18 20:05:47,248] WARNING root: No data for CCDC115; skipping.
[2026-05-18 20:05:48,002] ERROR root: Missing key in response for format string: 'identifier'
[2026-05-18 20:05:48,004] WARNING root: No data for CCDC130; skipping.
[2026-05-18 20:05:48,757] ERROR root: Missing key in response for format string: 'identifier'
[2026-05-18 20:05:48,758] WARNING root: No data for CCDC137; skipping.
[2026-05-18 20:05:49,513] ERROR root: Missing key in response for format string: 'identifier'
[2026-05-18 20:05:49,515] WARNING root: No data for CCDC144A; skipping.
[2026-05-18 20:05:50,271] ERROR root: Missing key in response for format string: 'identifier'
[2026-05-18 20:05:50,272] WARNING root: No data for CCDC144NL; skipping.
[2026-05-18 20:05:51,015] ERROR root: Missing key in response for format string: 'identifier'
[2026-05-18 20:05:51,016] WARNING root: No data for CCDC174; skipping.
[2026-05-18 20:05:51,776] ERROR root: Missing key in response for format string: 'identifier'
[2026-05-18 20:05:51,777] WARNING root: No data for CCDC59; skipping.
[2026-05-18 20:05:52,535] ERROR root: Missing key in response for format string: 'identifier'
[2026-05-18 20:05:52,536] WARNING root: No data for CCDC78; skipping.
[2026-05-18 20:05:53,286] ERROR root: Missing key in response for format string: 'identifier'
[2026-05-18 20:05:53,287] WARNING root: No data for CCDC84; skipping.
[2026-05-18 20:05:54,037] ERROR root: Missing key in response for format string: 'identifier'
[2026-05-18 20:05:54,038] WARNING root: No data for CCDC86; skipping.
[2026-05-18 20:05:54,971] ERROR root: Missing key in response for format string: 'identifier'
[2026-05-18 20:05:54,972] WARNING root: No data for CCNA2; skipping.
[2026-05-18 20:05:55,923] ERROR root: Missing key in response for format string: 'identifier'
[2026-05-18 20:05:55,924] WARNING root: No data for CCNB1; skipping.
[2026-05-18 20:05:57,248] ERROR root: Missing key in response for format string: 'identifier'
[2026-05-18 20:05:57,249] WARNING root: No data for CCND1; skipping.
[2026-05-18 20:05:58,008] ERROR root: Missing key in response for format string: 'identifier'
[2026-05-18 20:05:58,009] WARNING root: No data for CCNH; skipping.
[2026-05-18 20:05:58,758] ERROR root: Missing key in response for format string: 'identifier'
[2026-05-18 20:05:58,760] WARNING root: No data for CCNK; skipping.
[2026-05-18 20:05:59,697] ERROR root: Missing key in response for format string: 'identifier'
[2026-05-18 20:05:59,699] WARNING root: No data for CCNL1; skipping.
[2026-05-18 20:06:00,457] ERROR root: Missing key in response for format string: 'identifier'
[2026-05-18 20:06:00,458] WARNING root: No data for CCP110; skipping.
[2026-05-18 20:06:01,209] ERROR root: Missing key in response for format string: 'identifier'
[2026-05-18 20:06:01,210] WARNING root: No data for CCT2; skipping.
[2026-05-18 20:06:01,973] ERROR root: Missing key in response for format string: 'identifier'
[2026-05-18 20:06:01,974] WARNING root: No data for CCT3; skipping.
[2026-05-18 20:06:02,805] ERROR root: Missing key in response for format string: 'identifier'
[2026-05-18 20:06:02,806] WARNING root: No data for CCT4; skipping.
[2026-05-18 20:06:03,556] ERROR root: Missing key in response for format string: 'identifier'
[2026-05-18 20:06:03,557] WARNING root: No data for CCT5; skipping.
[2026-05-18 20:06:04,314] ERROR root: Missing key in response for format string: 'identifier'
[2026-05-18 20:06:04,315] WARNING root: No data for CCT6A; skipping.
[2026-05-18 20:06:05,066] ERROR root: Missing key in response for format string: 'identifier'
[2026-05-18 20:06:05,068] WARNING root: No data for CCT7; skipping.
[2026-05-18 20:06:05,827] ERROR root: Missing key in response for format string: 'identifier'
[2026-05-18 20:06:05,828] WARNING root: No data for CCT8; skipping.
[2026-05-18 20:06:06,580] ERROR root: Missing key in response for format string: 'identifier'
[2026-05-18 20:06:06,581] WARNING root: No data for CD2BP2; skipping.
[2026-05-18 20:06:07,338] ERROR root: Missing key in response for format string: 'identifier'
[2026-05-18 20:06:07,339] WARNING root: No data for CD3EAP; skipping.
[2026-05-18 20:06:08,100] ERROR root: Missing key in response for format string: 'identifier'
[2026-05-18 20:06:08,101] WARNING root: No data for CD8B; skipping.
[2026-05-18 20:06:08,863] ERROR root: Missing key in response for format string: 'identifier'
[2026-05-18 20:06:08,864] WARNING root: No data for CDAN1; skipping.
[2026-05-18 20:06:09,615] ERROR root: Missing key in response for format string: 'identifier'
[2026-05-18 20:06:09,616] WARNING root: No data for CDC123; skipping.
[2026-05-18 20:06:10,752] ERROR root: Missing key in response for format string: 'identifier'
[2026-05-18 20:06:10,753] WARNING root: No data for CDC16; skipping.
[2026-05-18 20:06:11,893] ERROR root: Missing key in response for format string: 'identifier'
[2026-05-18 20:06:11,895] WARNING root: No data for CDC20; skipping.
[2026-05-18 20:06:12,651] ERROR root: Missing key in response for format string: 'identifier'
[2026-05-18 20:06:12,652] WARNING root: No data for CDC23; skipping.
[2026-05-18 20:06:13,407] ERROR root: Missing key in response for format string: 'identifier'
[2026-05-18 20:06:13,408] WARNING root: No data for CDC26; skipping.
[2026-05-18 20:06:14,164] ERROR root: Missing key in response for format string: 'identifier'
[2026-05-18 20:06:14,165] WARNING root: No data for CDC27; skipping.
[2026-05-18 20:06:14,924] ERROR root: Missing key in response for format string: 'identifier'
[2026-05-18 20:06:14,925] WARNING root: No data for CDC37; skipping.
[2026-05-18 20:06:15,679] ERROR root: Missing key in response for format string: 'identifier'
[2026-05-18 20:06:15,681] WARNING root: No data for CDC40; skipping.
[2026-05-18 20:06:16,829] ERROR root: Missing key in response for format string: 'identifier'
[2026-05-18 20:06:16,830] WARNING root: No data for CDC42; skipping.
[2026-05-18 20:06:17,775] ERROR root: Missing key in response for format string: 'identifier'
[2026-05-18 20:06:17,776] WARNING root: No data for CDC45; skipping.
[2026-05-18 20:06:18,724] ERROR root: Missing key in response for format string: 'identifier'
[2026-05-18 20:06:18,725] WARNING root: No data for CDC5L; skipping.
[2026-05-18 20:06:19,884] ERROR root: Missing key in response for format string: 'identifier'
[2026-05-18 20:06:19,885] WARNING root: No data for CDC6; skipping.
[2026-05-18 20:06:21,031] ERROR root: Missing key in response for format string: 'identifier'
[2026-05-18 20:06:21,033] WARNING root: No data for CDC7; skipping.
[2026-05-18 20:06:21,977] ERROR root: Missing key in response for format string: 'identifier'
[2026-05-18 20:06:21,978] WARNING root: No data for CDC73; skipping.
[2026-05-18 20:06:22,733] ERROR root: Missing key in response for format string: 'identifier'
[2026-05-18 20:06:22,734] WARNING root: No data for CDCA5; skipping.
[2026-05-18 20:06:23,487] ERROR root: Missing key in response for format string: 'identifier'
[2026-05-18 20:06:23,488] WARNING root: No data for CDCA8; skipping.
[2026-05-18 20:06:24,246] ERROR root: Missing key in response for format string: 'identifier'
[2026-05-18 20:06:24,247] WARNING root: No data for CDIPT; skipping.
[2026-05-18 20:06:25,386] ERROR root: Missing key in response for format string: 'identifier'
[2026-05-18 20:06:25,388] WARNING root: No data for CDK1; skipping.
[2026-05-18 20:06:26,141] ERROR root: Missing key in response for format string: 'identifier'
[2026-05-18 20:06:26,142] WARNING root: No data for CDK11A; skipping.
[2026-05-18 20:06:27,292] ERROR root: Missing key in response for format string: 'identifier'
[2026-05-18 20:06:27,293] WARNING root: No data for CDK2; skipping.
[2026-05-18 20:06:28,232] ERROR root: Missing key in response for format string: 'identifier'
[2026-05-18 20:06:28,233] WARNING root: No data for CDK7; skipping.
[2026-05-18 20:06:29,190] ERROR root: Missing key in response for format string: 'identifier'
[2026-05-18 20:06:29,191] WARNING root: No data for CDK9; skipping.
[2026-05-18 20:06:30,142] ERROR root: Missing key in response for format string: 'identifier'
[2026-05-18 20:06:30,143] WARNING root: No data for CDT1; skipping.
[2026-05-18 20:06:31,093] ERROR root: Missing key in response for format string: 'identifier'
[2026-05-18 20:06:31,095] WARNING root: No data for CEBPZ; skipping.
[2026-05-18 20:06:32,242] ERROR root: Missing key in response for format string: 'identifier'
[2026-05-18 20:06:32,243] WARNING root: No data for CENPA; skipping.
[2026-05-18 20:06:32,995] ERROR root: Missing key in response for format string: 'identifier'
[2026-05-18 20:06:32,996] WARNING root: No data for CENPC; skipping.
[2026-05-18 20:06:33,936] ERROR root: Missing key in response for format string: 'identifier'
[2026-05-18 20:06:33,937] WARNING root: No data for CENPE; skipping.
[2026-05-18 20:06:34,886] ERROR root: Missing key in response for format string: 'identifier'
[2026-05-18 20:06:34,887] WARNING root: No data for CENPH; skipping.
[2026-05-18 20:06:35,828] ERROR root: Missing key in response for format string: 'identifier'
[2026-05-18 20:06:35,829] WARNING root: No data for CENPI; skipping.
[2026-05-18 20:06:36,581] ERROR root: Missing key in response for format string: 'identifier'
[2026-05-18 20:06:36,582] WARNING root: No data for CENPJ; skipping.
[2026-05-18 20:06:37,338] ERROR root: Missing key in response for format string: 'identifier'
[2026-05-18 20:06:37,339] WARNING root: No data for CENPK; skipping.
[2026-05-18 20:06:38,102] ERROR root: Missing key in response for format string: 'identifier'
[2026-05-18 20:06:38,103] WARNING root: No data for CENPN; skipping.
[2026-05-18 20:06:38,853] ERROR root: Missing key in response for format string: 'identifier'
[2026-05-18 20:06:38,854] WARNING root: No data for CENPT; skipping.
[2026-05-18 20:06:39,617] ERROR root: Missing key in response for format string: 'identifier'
[2026-05-18 20:06:39,618] WARNING root: No data for CENPW; skipping.
[2026-05-18 20:06:40,371] ERROR root: Missing key in response for format string: 'identifier'
[2026-05-18 20:06:40,372] WARNING root: No data for CEP152; skipping.
[2026-05-18 20:06:41,131] ERROR root: Missing key in response for format string: 'identifier'
[2026-05-18 20:06:41,132] WARNING root: No data for CEP192; skipping.
[2026-05-18 20:06:41,879] ERROR root: Missing key in response for format string: 'identifier'
[2026-05-18 20:06:41,880] WARNING root: No data for CEP68; skipping.
[2026-05-18 20:06:42,630] ERROR root: Missing key in response for format string: 'identifier'
[2026-05-18 20:06:42,631] WARNING root: No data for CEP85; skipping.
[2026-05-18 20:06:43,402] ERROR root: Missing key in response for format string: 'identifier'
[2026-05-18 20:06:43,403] WARNING root: No data for CEP97; skipping.
[2026-05-18 20:06:44,158] ERROR root: Missing key in response for format string: 'identifier'
[2026-05-18 20:06:44,159] WARNING root: No data for CFDP1; skipping.
[2026-05-18 20:06:45,102] ERROR root: Missing key in response for format string: 'identifier'
[2026-05-18 20:06:45,103] WARNING root: No data for CFL1; skipping.
[2026-05-18 20:06:45,856] ERROR root: Missing key in response for format string: 'identifier'
[2026-05-18 20:06:45,857] WARNING root: No data for CHAF1A; skipping.
[2026-05-18 20:06:46,618] ERROR root: Missing key in response for format string: 'identifier'
[2026-05-18 20:06:46,619] WARNING root: No data for CHAF1B; skipping.
[2026-05-18 20:06:47,366] ERROR root: Missing key in response for format string: 'identifier'
[2026-05-18 20:06:47,367] WARNING root: No data for CHCHD1; skipping.
[2026-05-18 20:06:48,122] ERROR root: Missing key in response for format string: 'identifier'
[2026-05-18 20:06:48,123] WARNING root: No data for CHCHD2; skipping.
[2026-05-18 20:06:48,877] ERROR root: Missing key in response for format string: 'identifier'
[2026-05-18 20:06:48,878] WARNING root: No data for CHCHD4; skipping.
[2026-05-18 20:06:49,936] ERROR root: Missing key in response for format string: 'identifier'
[2026-05-18 20:06:49,938] WARNING root: No data for CHD4; skipping.
[2026-05-18 20:06:50,893] ERROR root: Missing key in response for format string: 'identifier'
[2026-05-18 20:06:50,894] WARNING root: No data for CHEK1; skipping.
[2026-05-18 20:06:51,649] ERROR root: Missing key in response for format string: 'identifier'
[2026-05-18 20:06:51,650] WARNING root: No data for CHERP; skipping.
[2026-05-18 20:06:52,605] ERROR root: Missing key in response for format string: 'identifier'
[2026-05-18 20:06:52,606] WARNING root: No data for CHMP1A; skipping.
[2026-05-18 20:06:53,362] ERROR root: Missing key in response for format string: 'identifier'
[2026-05-18 20:06:53,363] WARNING root: No data for CHMP2A; skipping.
[2026-05-18 20:06:54,120] ERROR root: Missing key in response for format string: 'identifier'
[2026-05-18 20:06:54,122] WARNING root: No data for CHMP3; skipping.
[2026-05-18 20:06:54,878] ERROR root: Missing key in response for format string: 'identifier'
[2026-05-18 20:06:54,879] WARNING root: No data for CHMP4B; skipping.
[2026-05-18 20:06:55,635] ERROR root: Missing key in response for format string: 'identifier'
[2026-05-18 20:06:55,636] WARNING root: No data for CHMP5; skipping.
[2026-05-18 20:06:56,390] ERROR root: Missing key in response for format string: 'identifier'
[2026-05-18 20:06:56,391] WARNING root: No data for CHMP6; skipping.
[2026-05-18 20:06:57,142] ERROR root: Missing key in response for format string: 'identifier'
[2026-05-18 20:06:57,143] WARNING root: No data for CHMP7; skipping.
[2026-05-18 20:06:57,906] ERROR root: Missing key in response for format string: 'identifier'
[2026-05-18 20:06:57,907] WARNING root: No data for CHORDC1; skipping.
[2026-05-18 20:06:58,658] ERROR root: Missing key in response for format string: 'identifier'
[2026-05-18 20:06:58,659] WARNING root: No data for CHTF18; skipping.
[2026-05-18 20:06:59,418] ERROR root: Missing key in response for format string: 'identifier'
[2026-05-18 20:06:59,419] WARNING root: No data for CHTF8; skipping.
[2026-05-18 20:07:00,185] ERROR root: Missing key in response for format string: 'identifier'
[2026-05-18 20:07:00,186] WARNING root: No data for CHTOP; skipping.
[2026-05-18 20:07:00,939] ERROR root: Missing key in response for format string: 'identifier'
[2026-05-18 20:07:00,940] WARNING root: No data for CIAO1; skipping.
[2026-05-18 20:07:01,690] ERROR root: Missing key in response for format string: 'identifier'
[2026-05-18 20:07:01,691] WARNING root: No data for CIAPIN1; skipping.
[2026-05-18 20:07:02,478] ERROR root: Missing key in response for format string: 'identifier'
[2026-05-18 20:07:02,479] WARNING root: No data for CINP; skipping.
[2026-05-18 20:07:03,242] ERROR root: Missing key in response for format string: 'identifier'
[2026-05-18 20:07:03,243] WARNING root: No data for CKAP5; skipping.
[2026-05-18 20:07:04,050] ERROR root: Missing key in response for format string: 'identifier'
[2026-05-18 20:07:04,051] WARNING root: No data for CLASRP; skipping.
[2026-05-18 20:07:04,811] ERROR root: Missing key in response for format string: 'identifier'
[2026-05-18 20:07:04,812] WARNING root: No data for CLCC1; skipping.
[2026-05-18 20:07:05,574] ERROR root: Missing key in response for format string: 'identifier'
[2026-05-18 20:07:05,575] WARNING root: No data for CLK2; skipping.
[2026-05-18 20:07:06,330] ERROR root: Missing key in response for format string: 'identifier'
[2026-05-18 20:07:06,331] WARNING root: No data for CLNS1A; skipping.
[2026-05-18 20:07:07,275] ERROR root: Missing key in response for format string: 'identifier'
[2026-05-18 20:07:07,276] WARNING root: No data for CLP1; skipping.
[2026-05-18 20:07:08,030] ERROR root: Missing key in response for format string: 'identifier'
[2026-05-18 20:07:08,031] WARNING root: No data for CLSPN; skipping.
[2026-05-18 20:07:09,158] ERROR root: Missing key in response for format string: 'identifier'
[2026-05-18 20:07:09,160] WARNING root: No data for CLTC; skipping.
[2026-05-18 20:07:09,917] ERROR root: Missing key in response for format string: 'identifier'
[2026-05-18 20:07:09,918] WARNING root: No data for CMPK1; skipping.
[2026-05-18 20:07:10,674] ERROR root: Missing key in response for format string: 'identifier'
[2026-05-18 20:07:10,675] WARNING root: No data for CMTR1; skipping.
[2026-05-18 20:07:11,425] ERROR root: Missing key in response for format string: 'identifier'
[2026-05-18 20:07:11,426] WARNING root: No data for CNIH4; skipping.
[2026-05-18 20:07:12,185] ERROR root: Missing key in response for format string: 'identifier'
[2026-05-18 20:07:12,186] WARNING root: No data for CNN2; skipping.
[2026-05-18 20:07:13,135] ERROR root: Missing key in response for format string: 'identifier'
[2026-05-18 20:07:13,136] WARNING root: No data for CNOT1; skipping.
[2026-05-18 20:07:13,888] ERROR root: Missing key in response for format string: 'identifier'
[2026-05-18 20:07:13,889] WARNING root: No data for CNOT2; skipping.
[2026-05-18 20:07:14,829] ERROR root: Missing key in response for format string: 'identifier'
[2026-05-18 20:07:14,830] WARNING root: No data for CNOT3; skipping.
[2026-05-18 20:07:15,579] ERROR root: Missing key in response for format string: 'identifier'
[2026-05-18 20:07:15,581] WARNING root: No data for COA5; skipping.
[2026-05-18 20:07:16,337] ERROR root: Missing key in response for format string: 'identifier'
[2026-05-18 20:07:16,338] WARNING root: No data for COASY; skipping.
[2026-05-18 20:07:17,094] ERROR root: Missing key in response for format string: 'identifier'
[2026-05-18 20:07:17,095] WARNING root: No data for COG1; skipping.
[2026-05-18 20:07:17,852] ERROR root: Missing key in response for format string: 'identifier'
[2026-05-18 20:07:17,853] WARNING root: No data for COG2; skipping.
[2026-05-18 20:07:18,600] ERROR root: Missing key in response for format string: 'identifier'
[2026-05-18 20:07:18,601] WARNING root: No data for COG3; skipping.
[2026-05-18 20:07:19,357] ERROR root: Missing key in response for format string: 'identifier'
[2026-05-18 20:07:19,358] WARNING root: No data for COG4; skipping.
[2026-05-18 20:07:20,102] ERROR root: Missing key in response for format string: 'identifier'
[2026-05-18 20:07:20,103] WARNING root: No data for COG6; skipping.
[2026-05-18 20:07:20,857] ERROR root: Missing key in response for format string: 'identifier'
[2026-05-18 20:07:20,858] WARNING root: No data for COG8; skipping.
[2026-05-18 20:07:21,611] ERROR root: Missing key in response for format string: 'identifier'
[2026-05-18 20:07:21,612] WARNING root: No data for COPA; skipping.
[2026-05-18 20:07:22,357] ERROR root: Missing key in response for format string: 'identifier'
[2026-05-18 20:07:22,358] WARNING root: No data for COPB1; skipping.
[2026-05-18 20:07:23,112] ERROR root: Missing key in response for format string: 'identifier'
[2026-05-18 20:07:23,113] WARNING root: No data for COPB2; skipping.
[2026-05-18 20:07:23,856] ERROR root: Missing key in response for format string: 'identifier'
[2026-05-18 20:07:23,857] WARNING root: No data for COPE; skipping.
[2026-05-18 20:07:24,612] ERROR root: Missing key in response for format string: 'identifier'
[2026-05-18 20:07:24,613] WARNING root: No data for COPG1; skipping.
[2026-05-18 20:07:25,367] ERROR root: Missing key in response for format string: 'identifier'
[2026-05-18 20:07:25,368] WARNING root: No data for COPS2; skipping.
[2026-05-18 20:07:26,121] ERROR root: Missing key in response for format string: 'identifier'
[2026-05-18 20:07:26,123] WARNING root: No data for COPS3; skipping.
[2026-05-18 20:07:26,868] ERROR root: Missing key in response for format string: 'identifier'
[2026-05-18 20:07:26,869] WARNING root: No data for COPS4; skipping.
[2026-05-18 20:07:27,803] ERROR root: Missing key in response for format string: 'identifier'
[2026-05-18 20:07:27,804] WARNING root: No data for COPS5; skipping.
[2026-05-18 20:07:28,556] ERROR root: Missing key in response for format string: 'identifier'
[2026-05-18 20:07:28,557] WARNING root: No data for COPS6; skipping.
[2026-05-18 20:07:29,306] ERROR root: Missing key in response for format string: 'identifier'
[2026-05-18 20:07:29,307] WARNING root: No data for COPS8; skipping.
[2026-05-18 20:07:30,059] ERROR root: Missing key in response for format string: 'identifier'
[2026-05-18 20:07:30,060] WARNING root: No data for COPZ1; skipping.
[2026-05-18 20:07:30,813] ERROR root: Missing key in response for format string: 'identifier'
[2026-05-18 20:07:30,814] WARNING root: No data for COQ2; skipping.
[2026-05-18 20:07:31,557] ERROR root: Missing key in response for format string: 'identifier'
[2026-05-18 20:07:31,558] WARNING root: No data for COQ4; skipping.
[2026-05-18 20:07:32,302] ERROR root: Missing key in response for format string: 'identifier'
[2026-05-18 20:07:32,303] WARNING root: No data for COQ5; skipping.
[2026-05-18 20:07:33,052] ERROR root: Missing key in response for format string: 'identifier'
[2026-05-18 20:07:33,054] WARNING root: No data for COX10; skipping.
[2026-05-18 20:07:33,815] ERROR root: Missing key in response for format string: 'identifier'
[2026-05-18 20:07:33,816] WARNING root: No data for COX11; skipping.
[2026-05-18 20:07:34,573] ERROR root: Missing key in response for format string: 'identifier'
[2026-05-18 20:07:34,574] WARNING root: No data for COX15; skipping.
[2026-05-18 20:07:35,373] ERROR root: Missing key in response for format string: 'identifier'
[2026-05-18 20:07:35,374] WARNING root: No data for COX17; skipping.
[2026-05-18 20:07:36,122] ERROR root: Missing key in response for format string: 'identifier'
[2026-05-18 20:07:36,123] WARNING root: No data for COX5A; skipping.
[2026-05-18 20:07:36,875] ERROR root: Missing key in response for format string: 'identifier'
[2026-05-18 20:07:36,876] WARNING root: No data for COX5B; skipping.
[2026-05-18 20:07:38,047] ERROR root: Missing key in response for format string: 'identifier'
[2026-05-18 20:07:38,048] WARNING root: No data for COX6C; skipping.
[2026-05-18 20:07:38,809] ERROR root: Missing key in response for format string: 'identifier'
[2026-05-18 20:07:38,810] WARNING root: No data for COX7B; skipping.
[2026-05-18 20:07:39,567] ERROR root: Missing key in response for format string: 'identifier'
[2026-05-18 20:07:39,568] WARNING root: No data for COX7C; skipping.
[2026-05-18 20:07:40,329] ERROR root: Missing key in response for format string: 'identifier'
[2026-05-18 20:07:40,330] WARNING root: No data for CPAMD8; skipping.
[2026-05-18 20:07:41,082] ERROR root: Missing key in response for format string: 'identifier'
[2026-05-18 20:07:41,084] WARNING root: No data for CPNE7; skipping.
[2026-05-18 20:07:41,840] ERROR root: Missing key in response for format string: 'identifier'
[2026-05-18 20:07:41,841] WARNING root: No data for CPOX; skipping.
[2026-05-18 20:07:42,808] ERROR root: Missing key in response for format string: 'identifier'
[2026-05-18 20:07:42,809] WARNING root: No data for CPSF1; skipping.
[2026-05-18 20:07:43,585] ERROR root: Missing key in response for format string: 'identifier'
[2026-05-18 20:07:43,586] WARNING root: No data for CPSF2; skipping.
[2026-05-18 20:07:44,348] ERROR root: Missing key in response for format string: 'identifier'
[2026-05-18 20:07:44,349] WARNING root: No data for CPSF3; skipping.
[2026-05-18 20:07:45,227] ERROR root: Missing key in response for format string: 'identifier'
[2026-05-18 20:07:45,228] WARNING root: No data for CPSF4; skipping.
[2026-05-18 20:07:46,036] ERROR root: Missing key in response for format string: 'identifier'
[2026-05-18 20:07:46,037] WARNING root: No data for CPSF6; skipping.
[2026-05-18 20:07:46,786] ERROR root: Missing key in response for format string: 'identifier'
[2026-05-18 20:07:46,788] WARNING root: No data for CRCP; skipping.
[2026-05-18 20:07:47,745] ERROR root: Missing key in response for format string: 'identifier'
[2026-05-18 20:07:47,746] WARNING root: No data for CRKL; skipping.
[2026-05-18 20:07:48,505] ERROR root: Missing key in response for format string: 'identifier'
[2026-05-18 20:07:48,507] WARNING root: No data for CRLS1; skipping.
[2026-05-18 20:07:49,256] ERROR root: Missing key in response for format string: 'identifier'
[2026-05-18 20:07:49,257] WARNING root: No data for CRNKL1; skipping.
[2026-05-18 20:07:50,209] ERROR root: Missing key in response for format string: 'identifier'
[2026-05-18 20:07:50,210] WARNING root: No data for CS; skipping.
[2026-05-18 20:07:50,970] ERROR root: Missing key in response for format string: 'identifier'
[2026-05-18 20:07:50,971] WARNING root: No data for CSE1L; skipping.
[2026-05-18 20:07:51,961] ERROR root: Missing key in response for format string: 'identifier'
[2026-05-18 20:07:51,962] WARNING root: No data for CSH2; skipping.
[2026-05-18 20:07:52,714] ERROR root: Missing key in response for format string: 'identifier'
[2026-05-18 20:07:52,715] WARNING root: No data for CSNK1A1; skipping.
[2026-05-18 20:07:53,648] ERROR root: Missing key in response for format string: 'identifier'
[2026-05-18 20:07:53,649] WARNING root: No data for CSNK2B; skipping.
[2026-05-18 20:07:54,415] ERROR root: Missing key in response for format string: 'identifier'
[2026-05-18 20:07:54,416] WARNING root: No data for CSTF1; skipping.
[2026-05-18 20:07:55,166] ERROR root: Missing key in response for format string: 'identifier'
[2026-05-18 20:07:55,167] WARNING root: No data for CSTF3; skipping.
[2026-05-18 20:07:56,130] ERROR root: Missing key in response for format string: 'identifier'
[2026-05-18 20:07:56,132] WARNING root: No data for CTBP2; skipping.
[2026-05-18 20:07:57,083] ERROR root: Missing key in response for format string: 'identifier'
[2026-05-18 20:07:57,084] WARNING root: No data for CTCF; skipping.
[2026-05-18 20:07:57,835] ERROR root: Missing key in response for format string: 'identifier'
[2026-05-18 20:07:57,836] WARNING root: No data for CTDP1; skipping.
[2026-05-18 20:07:58,590] ERROR root: Missing key in response for format string: 'identifier'
[2026-05-18 20:07:58,591] WARNING root: No data for CTNNBL1; skipping.
[2026-05-18 20:07:59,347] ERROR root: Missing key in response for format string: 'identifier'
[2026-05-18 20:07:59,348] WARNING root: No data for CTPS1; skipping.
[2026-05-18 20:08:00,132] ERROR root: Missing key in response for format string: 'identifier'
[2026-05-18 20:08:00,133] WARNING root: No data for CTR9; skipping.
[2026-05-18 20:08:00,888] ERROR root: Missing key in response for format string: 'identifier'
[2026-05-18 20:08:00,889] WARNING root: No data for CTU2; skipping.
[2026-05-18 20:08:01,849] ERROR root: Missing key in response for format string: 'identifier'
[2026-05-18 20:08:01,851] WARNING root: No data for CUL1; skipping.
[2026-05-18 20:08:03,961] ERROR root: Missing key in response for format string: 'identifier'
[2026-05-18 20:08:03,963] WARNING root: No data for CUL2; skipping.
[2026-05-18 20:08:05,099] ERROR root: Missing key in response for format string: 'identifier'
[2026-05-18 20:08:05,100] WARNING root: No data for CUL3; skipping.
[2026-05-18 20:08:05,884] ERROR root: Missing key in response for format string: 'identifier'
[2026-05-18 20:08:05,885] WARNING root: No data for CUL7; skipping.
[2026-05-18 20:08:06,634] ERROR root: Missing key in response for format string: 'identifier'
[2026-05-18 20:08:06,635] WARNING root: No data for CWC15; skipping.
[2026-05-18 20:08:07,389] ERROR root: Missing key in response for format string: 'identifier'
[2026-05-18 20:08:07,390] WARNING root: No data for CWC22; skipping.
[2026-05-18 20:08:08,142] ERROR root: Missing key in response for format string: 'identifier'
[2026-05-18 20:08:08,144] WARNING root: No data for CWC25; skipping.
[2026-05-18 20:08:08,895] ERROR root: Missing key in response for format string: 'identifier'
[2026-05-18 20:08:08,896] WARNING root: No data for CWF19L2; skipping.
[2026-05-18 20:08:09,645] ERROR root: Missing key in response for format string: 'identifier'
[2026-05-18 20:08:09,646] WARNING root: No data for CXXC1; skipping.
[2026-05-18 20:08:10,409] ERROR root: Missing key in response for format string: 'identifier'
[2026-05-18 20:08:10,411] WARNING root: No data for CYC1; skipping.
[2026-05-18 20:08:11,175] ERROR root: Missing key in response for format string: 'identifier'
[2026-05-18 20:08:11,176] WARNING root: No data for CYCS; skipping.
[2026-05-18 20:08:11,961] ERROR root: Missing key in response for format string: 'identifier'
[2026-05-18 20:08:11,962] WARNING root: No data for CYFIP1; skipping.
[2026-05-18 20:08:12,710] ERROR root: Missing key in response for format string: 'identifier'
[2026-05-18 20:08:12,711] WARNING root: No data for CYP2A13; skipping.
[2026-05-18 20:08:13,652] ERROR root: Missing key in response for format string: 'identifier'
[2026-05-18 20:08:13,653] WARNING root: No data for CYP4F11; skipping.
[2026-05-18 20:08:14,408] ERROR root: Missing key in response for format string: 'identifier'
[2026-05-18 20:08:14,409] WARNING root: No data for CYS1; skipping.
[2026-05-18 20:08:15,160] ERROR root: Missing key in response for format string: 'identifier'
[2026-05-18 20:08:15,162] WARNING root: No data for DAD1; skipping.
[2026-05-18 20:08:16,113] ERROR root: Missing key in response for format string: 'identifier'
[2026-05-18 20:08:16,115] WARNING root: No data for DAP3; skipping.
[2026-05-18 20:08:16,875] ERROR root: Missing key in response for format string: 'identifier'
[2026-05-18 20:08:16,877] WARNING root: No data for DARS; skipping.
[2026-05-18 20:08:17,826] ERROR root: Missing key in response for format string: 'identifier'
[2026-05-18 20:08:17,827] WARNING root: No data for DBF4; skipping.
[2026-05-18 20:08:18,580] ERROR root: Missing key in response for format string: 'identifier'
[2026-05-18 20:08:18,581] WARNING root: No data for DBR1; skipping.
[2026-05-18 20:08:19,347] ERROR root: Missing key in response for format string: 'identifier'
[2026-05-18 20:08:19,348] WARNING root: No data for DCAF6; skipping.
[2026-05-18 20:08:20,092] ERROR root: Missing key in response for format string: 'identifier'
[2026-05-18 20:08:20,094] WARNING root: No data for DCLRE1B; skipping.
[2026-05-18 20:08:21,035] ERROR root: Missing key in response for format string: 'identifier'
[2026-05-18 20:08:21,036] WARNING root: No data for DCTN1; skipping.
[2026-05-18 20:08:21,788] ERROR root: Missing key in response for format string: 'identifier'
[2026-05-18 20:08:21,789] WARNING root: No data for DCTN2; skipping.
[2026-05-18 20:08:22,536] ERROR root: Missing key in response for format string: 'identifier'
[2026-05-18 20:08:22,537] WARNING root: No data for DCTN3; skipping.
[2026-05-18 20:08:23,292] ERROR root: Missing key in response for format string: 'identifier'
[2026-05-18 20:08:23,293] WARNING root: No data for DCTN4; skipping.
[2026-05-18 20:08:24,048] ERROR root: Missing key in response for format string: 'identifier'
[2026-05-18 20:08:24,049] WARNING root: No data for DCTN5; skipping.
[2026-05-18 20:08:24,802] ERROR root: Missing key in response for format string: 'identifier'
[2026-05-18 20:08:24,803] WARNING root: No data for DCTN6; skipping.
[2026-05-18 20:08:25,556] ERROR root: Missing key in response for format string: 'identifier'
[2026-05-18 20:08:25,557] WARNING root: No data for DCUN1D5; skipping.
[2026-05-18 20:08:26,713] ERROR root: Missing key in response for format string: 'identifier'
[2026-05-18 20:08:26,714] WARNING root: No data for DDB1; skipping.
[2026-05-18 20:08:27,465] ERROR root: Missing key in response for format string: 'identifier'
[2026-05-18 20:08:27,466] WARNING root: No data for DDN; skipping.
[2026-05-18 20:08:28,212] ERROR root: Missing key in response for format string: 'identifier'
[2026-05-18 20:08:28,213] WARNING root: No data for DDOST; skipping.
[2026-05-18 20:08:28,966] ERROR root: Missing key in response for format string: 'identifier'
[2026-05-18 20:08:28,968] WARNING root: No data for DDX1; skipping.
[2026-05-18 20:08:29,723] ERROR root: Missing key in response for format string: 'identifier'
[2026-05-18 20:08:29,724] WARNING root: No data for DDX10; skipping.
[2026-05-18 20:08:30,662] ERROR root: Missing key in response for format string: 'identifier'
[2026-05-18 20:08:30,664] WARNING root: No data for DDX11; skipping.
[2026-05-18 20:08:31,418] ERROR root: Missing key in response for format string: 'identifier'
[2026-05-18 20:08:31,420] WARNING root: No data for DDX18; skipping.
[2026-05-18 20:08:32,176] ERROR root: Missing key in response for format string: 'identifier'
[2026-05-18 20:08:32,177] WARNING root: No data for DDX19A; skipping.
[2026-05-18 20:08:32,928] ERROR root: Missing key in response for format string: 'identifier'
[2026-05-18 20:08:32,930] WARNING root: No data for DDX19B; skipping.
[2026-05-18 20:08:33,686] ERROR root: Missing key in response for format string: 'identifier'
[2026-05-18 20:08:33,687] WARNING root: No data for DDX20; skipping.
[2026-05-18 20:08:34,621] ERROR root: Missing key in response for format string: 'identifier'
[2026-05-18 20:08:34,623] WARNING root: No data for DDX21; skipping.
[2026-05-18 20:08:35,377] ERROR root: Missing key in response for format string: 'identifier'
[2026-05-18 20:08:35,378] WARNING root: No data for DDX23; skipping.
[2026-05-18 20:08:36,133] ERROR root: Missing key in response for format string: 'identifier'
[2026-05-18 20:08:36,134] WARNING root: No data for DDX24; skipping.
[2026-05-18 20:08:36,904] ERROR root: Missing key in response for format string: 'identifier'
[2026-05-18 20:08:36,905] WARNING root: No data for DDX27; skipping.
[2026-05-18 20:08:37,847] ERROR root: Missing key in response for format string: 'identifier'
[2026-05-18 20:08:37,849] WARNING root: No data for DDX3X; skipping.
[2026-05-18 20:08:38,650] ERROR root: Missing key in response for format string: 'identifier'
[2026-05-18 20:08:38,651] WARNING root: No data for DDX41; skipping.
[2026-05-18 20:08:39,401] ERROR root: Missing key in response for format string: 'identifier'
[2026-05-18 20:08:39,402] WARNING root: No data for DDX42; skipping.
[2026-05-18 20:08:40,157] ERROR root: Missing key in response for format string: 'identifier'
[2026-05-18 20:08:40,158] WARNING root: No data for DDX46; skipping.
[2026-05-18 20:08:40,912] ERROR root: Missing key in response for format string: 'identifier'
[2026-05-18 20:08:40,913] WARNING root: No data for DDX47; skipping.
[2026-05-18 20:08:41,661] ERROR root: Missing key in response for format string: 'identifier'
[2026-05-18 20:08:41,663] WARNING root: No data for DDX49; skipping.
[2026-05-18 20:08:42,798] ERROR root: Missing key in response for format string: 'identifier'
[2026-05-18 20:08:42,799] WARNING root: No data for DDX5; skipping.
[2026-05-18 20:08:43,549] ERROR root: Missing key in response for format string: 'identifier'
[2026-05-18 20:08:43,551] WARNING root: No data for DDX51; skipping.
[2026-05-18 20:08:44,308] ERROR root: Missing key in response for format string: 'identifier'
[2026-05-18 20:08:44,309] WARNING root: No data for DDX52; skipping.
[2026-05-18 20:08:45,058] ERROR root: Missing key in response for format string: 'identifier'
[2026-05-18 20:08:45,059] WARNING root: No data for DDX54; skipping.
[2026-05-18 20:08:45,818] ERROR root: Missing key in response for format string: 'identifier'
[2026-05-18 20:08:45,819] WARNING root: No data for DDX55; skipping.
[2026-05-18 20:08:46,566] ERROR root: Missing key in response for format string: 'identifier'
[2026-05-18 20:08:46,567] WARNING root: No data for DDX56; skipping.
[2026-05-18 20:08:47,347] ERROR root: Missing key in response for format string: 'identifier'
[2026-05-18 20:08:47,348] WARNING root: No data for DDX59; skipping.
[2026-05-18 20:08:48,104] ERROR root: Missing key in response for format string: 'identifier'
[2026-05-18 20:08:48,106] WARNING root: No data for DDX6; skipping.
[2026-05-18 20:08:48,868] ERROR root: Missing key in response for format string: 'identifier'
[2026-05-18 20:08:48,870] WARNING root: No data for DENR; skipping.
[2026-05-18 20:08:49,621] ERROR root: Missing key in response for format string: 'identifier'
[2026-05-18 20:08:49,622] WARNING root: No data for DERL2; skipping.
[2026-05-18 20:08:50,557] ERROR root: Missing key in response for format string: 'identifier'
[2026-05-18 20:08:50,558] WARNING root: No data for DHDDS; skipping.
[2026-05-18 20:08:51,495] ERROR root: Missing key in response for format string: 'identifier'
[2026-05-18 20:08:51,497] WARNING root: No data for DHFR; skipping.
[2026-05-18 20:08:52,252] ERROR root: Missing key in response for format string: 'identifier'
[2026-05-18 20:08:52,253] WARNING root: No data for DHODH; skipping.
[2026-05-18 20:08:53,006] ERROR root: Missing key in response for format string: 'identifier'
[2026-05-18 20:08:53,007] WARNING root: No data for DHPS; skipping.
[2026-05-18 20:08:53,761] ERROR root: Missing key in response for format string: 'identifier'
[2026-05-18 20:08:53,762] WARNING root: No data for DHX15; skipping.
[2026-05-18 20:08:54,537] ERROR root: Missing key in response for format string: 'identifier'
[2026-05-18 20:08:54,538] WARNING root: No data for DHX16; skipping.
[2026-05-18 20:08:55,395] ERROR root: Missing key in response for format string: 'identifier'
[2026-05-18 20:08:55,397] WARNING root: No data for DHX33; skipping.
[2026-05-18 20:08:56,150] ERROR root: Missing key in response for format string: 'identifier'
[2026-05-18 20:08:56,152] WARNING root: No data for DHX36; skipping.
[2026-05-18 20:08:56,907] ERROR root: Missing key in response for format string: 'identifier'
[2026-05-18 20:08:56,908] WARNING root: No data for DHX37; skipping.
[2026-05-18 20:08:57,657] ERROR root: Missing key in response for format string: 'identifier'
[2026-05-18 20:08:57,658] WARNING root: No data for DHX8; skipping.
[2026-05-18 20:08:58,604] ERROR root: Missing key in response for format string: 'identifier'
[2026-05-18 20:08:58,605] WARNING root: No data for DHX9; skipping.
[2026-05-18 20:08:59,744] ERROR root: Missing key in response for format string: 'identifier'
[2026-05-18 20:08:59,745] WARNING root: No data for DICER1; skipping.
[2026-05-18 20:09:00,511] ERROR root: Missing key in response for format string: 'identifier'
[2026-05-18 20:09:00,512] WARNING root: No data for DIMT1; skipping.
[2026-05-18 20:09:01,462] ERROR root: Missing key in response for format string: 'identifier'
[2026-05-18 20:09:01,463] WARNING root: No data for DIS3; skipping.
[2026-05-18 20:09:02,426] ERROR root: Missing key in response for format string: 'identifier'
[2026-05-18 20:09:02,428] WARNING root: No data for DKC1; skipping.
[2026-05-18 20:09:03,375] ERROR root: Missing key in response for format string: 'identifier'
[2026-05-18 20:09:03,376] WARNING root: No data for DLD; skipping.
[2026-05-18 20:09:04,214] ERROR root: Missing key in response for format string: 'identifier'
[2026-05-18 20:09:04,215] WARNING root: No data for DMAP1; skipping.
[2026-05-18 20:09:04,989] ERROR root: Missing key in response for format string: 'identifier'
[2026-05-18 20:09:04,990] WARNING root: No data for DMRTA2; skipping.
[2026-05-18 20:09:05,746] ERROR root: Missing key in response for format string: 'identifier'
[2026-05-18 20:09:05,747] WARNING root: No data for DNAJA1; skipping.
[2026-05-18 20:09:06,681] ERROR root: Missing key in response for format string: 'identifier'
[2026-05-18 20:09:06,682] WARNING root: No data for DNAJA3; skipping.
[2026-05-18 20:09:07,427] ERROR root: Missing key in response for format string: 'identifier'
[2026-05-18 20:09:07,428] WARNING root: No data for DNAJC11; skipping.
[2026-05-18 20:09:08,175] ERROR root: Missing key in response for format string: 'identifier'
[2026-05-18 20:09:08,176] WARNING root: No data for DNAJC17; skipping.
[2026-05-18 20:09:08,924] ERROR root: Missing key in response for format string: 'identifier'
[2026-05-18 20:09:08,925] WARNING root: No data for DNAJC19; skipping.
[2026-05-18 20:09:09,686] ERROR root: Missing key in response for format string: 'identifier'
[2026-05-18 20:09:09,687] WARNING root: No data for DNAJC8; skipping.
[2026-05-18 20:09:10,438] ERROR root: Missing key in response for format string: 'identifier'
[2026-05-18 20:09:10,439] WARNING root: No data for DNAJC9; skipping.
[2026-05-18 20:09:11,193] ERROR root: Missing key in response for format string: 'identifier'
[2026-05-18 20:09:11,194] WARNING root: No data for DNLZ; skipping.
[2026-05-18 20:09:12,160] ERROR root: Missing key in response for format string: 'identifier'
[2026-05-18 20:09:12,161] WARNING root: No data for DNM1; skipping.
[2026-05-18 20:09:13,287] ERROR root: Missing key in response for format string: 'identifier'
[2026-05-18 20:09:13,288] WARNING root: No data for DNM1L; skipping.
[2026-05-18 20:09:14,224] ERROR root: Missing key in response for format string: 'identifier'
[2026-05-18 20:09:14,225] WARNING root: No data for DNM2; skipping.
[2026-05-18 20:09:15,371] ERROR root: Missing key in response for format string: 'identifier'
[2026-05-18 20:09:15,372] WARNING root: No data for DNMT1; skipping.
[2026-05-18 20:09:16,127] ERROR root: Missing key in response for format string: 'identifier'
[2026-05-18 20:09:16,128] WARNING root: No data for DNTTIP2; skipping.
[2026-05-18 20:09:16,882] ERROR root: Missing key in response for format string: 'identifier'
[2026-05-18 20:09:16,883] WARNING root: No data for DOHH; skipping.
[2026-05-18 20:09:17,638] ERROR root: Missing key in response for format string: 'identifier'
[2026-05-18 20:09:17,639] WARNING root: No data for DOLK; skipping.
[2026-05-18 20:09:18,494] ERROR root: Missing key in response for format string: 'identifier'
[2026-05-18 20:09:18,495] WARNING root: No data for DONSON; skipping.
[2026-05-18 20:09:19,283] ERROR root: Missing key in response for format string: 'identifier'
[2026-05-18 20:09:19,284] WARNING root: No data for DPAGT1; skipping.
[2026-05-18 20:09:20,041] ERROR root: Missing key in response for format string: 'identifier'
[2026-05-18 20:09:20,042] WARNING root: No data for DPH1; skipping.
[2026-05-18 20:09:20,797] ERROR root: Missing key in response for format string: 'identifier'
[2026-05-18 20:09:20,798] WARNING root: No data for DPH2; skipping.
[2026-05-18 20:09:21,554] ERROR root: Missing key in response for format string: 'identifier'
[2026-05-18 20:09:21,555] WARNING root: No data for DPH3; skipping.
[2026-05-18 20:09:22,309] ERROR root: Missing key in response for format string: 'identifier'
[2026-05-18 20:09:22,310] WARNING root: No data for DPH6; skipping.
[2026-05-18 20:09:23,071] ERROR root: Missing key in response for format string: 'identifier'
[2026-05-18 20:09:23,072] WARNING root: No data for DPM2; skipping.
[2026-05-18 20:09:23,821] ERROR root: Missing key in response for format string: 'identifier'
[2026-05-18 20:09:23,822] WARNING root: No data for DPPA2; skipping.
[2026-05-18 20:09:24,587] ERROR root: Missing key in response for format string: 'identifier'
[2026-05-18 20:09:24,588] WARNING root: No data for DPY19L2; skipping.
[2026-05-18 20:09:25,531] ERROR root: Missing key in response for format string: 'identifier'
[2026-05-18 20:09:25,532] WARNING root: No data for DR1; skipping.
[2026-05-18 20:09:26,287] ERROR root: Missing key in response for format string: 'identifier'
[2026-05-18 20:09:26,288] WARNING root: No data for DRAP1; skipping.
[2026-05-18 20:09:27,232] ERROR root: Missing key in response for format string: 'identifier'
[2026-05-18 20:09:27,233] WARNING root: No data for DRG1; skipping.
[2026-05-18 20:09:27,992] ERROR root: Missing key in response for format string: 'identifier'
[2026-05-18 20:09:27,993] WARNING root: No data for DSN1; skipping.
[2026-05-18 20:09:28,750] ERROR root: Missing key in response for format string: 'identifier'
[2026-05-18 20:09:28,752] WARNING root: No data for DTL; skipping.
[2026-05-18 20:09:29,504] ERROR root: Missing key in response for format string: 'identifier'
[2026-05-18 20:09:29,505] WARNING root: No data for DTYMK; skipping.
[2026-05-18 20:09:30,266] ERROR root: Missing key in response for format string: 'identifier'
[2026-05-18 20:09:30,267] WARNING root: No data for DUT; skipping.
[2026-05-18 20:09:31,207] ERROR root: Missing key in response for format string: 'identifier'
[2026-05-18 20:09:31,208] WARNING root: No data for DYNC1H1; skipping.
[2026-05-18 20:09:31,967] ERROR root: Missing key in response for format string: 'identifier'
[2026-05-18 20:09:31,968] WARNING root: No data for DYNC1I2; skipping.
[2026-05-18 20:09:32,762] ERROR root: Missing key in response for format string: 'identifier'
[2026-05-18 20:09:32,763] WARNING root: No data for DYNLL1; skipping.
[2026-05-18 20:09:33,721] ERROR root: Missing key in response for format string: 'identifier'
[2026-05-18 20:09:33,722] WARNING root: No data for DYNLRB1; skipping.
[2026-05-18 20:09:34,676] ERROR root: Missing key in response for format string: 'identifier'
[2026-05-18 20:09:34,677] WARNING root: No data for E2F6; skipping.
[2026-05-18 20:09:35,633] ERROR root: Missing key in response for format string: 'identifier'
[2026-05-18 20:09:35,634] WARNING root: No data for E4F1; skipping.
[2026-05-18 20:09:36,390] ERROR root: Missing key in response for format string: 'identifier'
[2026-05-18 20:09:36,391] WARNING root: No data for EARS2; skipping.
[2026-05-18 20:09:37,152] ERROR root: Missing key in response for format string: 'identifier'
[2026-05-18 20:09:37,153] WARNING root: No data for EBNA1BP2; skipping.
[2026-05-18 20:09:39,056] ERROR root: Missing key in response for format string: 'identifier'
[2026-05-18 20:09:39,059] WARNING root: No data for ECD; skipping.
[2026-05-18 20:09:40,013] ERROR root: Missing key in response for format string: 'identifier'
[2026-05-18 20:09:40,014] WARNING root: No data for ECT2; skipping.
[2026-05-18 20:09:40,774] ERROR root: Missing key in response for format string: 'identifier'
[2026-05-18 20:09:40,775] WARNING root: No data for EDC4; skipping.
[2026-05-18 20:09:41,725] ERROR root: Missing key in response for format string: 'identifier'
[2026-05-18 20:09:41,726] WARNING root: No data for EEF1A1; skipping.
[2026-05-18 20:09:42,499] ERROR root: Missing key in response for format string: 'identifier'
[2026-05-18 20:09:42,500] WARNING root: No data for EEF1B2; skipping.
[2026-05-18 20:09:43,256] ERROR root: Missing key in response for format string: 'identifier'
[2026-05-18 20:09:43,257] WARNING root: No data for EEF1G; skipping.
[2026-05-18 20:09:44,411] ERROR root: Missing key in response for format string: 'identifier'
[2026-05-18 20:09:44,412] WARNING root: No data for EEF2; skipping.
[2026-05-18 20:09:45,176] ERROR root: Missing key in response for format string: 'identifier'
[2026-05-18 20:09:45,177] WARNING root: No data for EFTUD2; skipping.
[2026-05-18 20:09:45,932] ERROR root: Missing key in response for format string: 'identifier'
[2026-05-18 20:09:45,933] WARNING root: No data for EGLN2; skipping.
[2026-05-18 20:09:46,683] ERROR root: Missing key in response for format string: 'identifier'
[2026-05-18 20:09:46,684] WARNING root: No data for EIF1; skipping.
[2026-05-18 20:09:47,433] ERROR root: Missing key in response for format string: 'identifier'
[2026-05-18 20:09:47,434] WARNING root: No data for EIF1AD; skipping.
[2026-05-18 20:09:48,191] ERROR root: Missing key in response for format string: 'identifier'
[2026-05-18 20:09:48,193] WARNING root: No data for EIF1AX; skipping.
[2026-05-18 20:09:48,945] ERROR root: Missing key in response for format string: 'identifier'
[2026-05-18 20:09:48,946] WARNING root: No data for EIF2B1; skipping.
[2026-05-18 20:09:49,698] ERROR root: Missing key in response for format string: 'identifier'
[2026-05-18 20:09:49,699] WARNING root: No data for EIF2B2; skipping.
[2026-05-18 20:09:50,448] ERROR root: Missing key in response for format string: 'identifier'
[2026-05-18 20:09:50,449] WARNING root: No data for EIF2B3; skipping.
[2026-05-18 20:09:51,208] ERROR root: Missing key in response for format string: 'identifier'
[2026-05-18 20:09:51,228] WARNING root: No data for EIF2B4; skipping.
[2026-05-18 20:09:51,990] ERROR root: Missing key in response for format string: 'identifier'
[2026-05-18 20:09:51,991] WARNING root: No data for EIF2B5; skipping.
[2026-05-18 20:09:53,128] ERROR root: Missing key in response for format string: 'identifier'
[2026-05-18 20:09:53,129] WARNING root: No data for EIF2S1; skipping.
[2026-05-18 20:09:58,448] ERROR root: Missing key in response for format string: 'identifier'
[2026-05-18 20:09:58,450] WARNING root: No data for EIF2S2; skipping.
[2026-05-18 20:09:59,391] ERROR root: Missing key in response for format string: 'identifier'
[2026-05-18 20:09:59,392] WARNING root: No data for EIF2S3; skipping.
[2026-05-18 20:10:00,420] ERROR root: Missing key in response for format string: 'identifier'
[2026-05-18 20:10:00,422] WARNING root: No data for EIF3A; skipping.
[2026-05-18 20:10:01,179] ERROR root: Missing key in response for format string: 'identifier'
[2026-05-18 20:10:01,180] WARNING root: No data for EIF3B; skipping.
[2026-05-18 20:10:01,946] ERROR root: Missing key in response for format string: 'identifier'
[2026-05-18 20:10:01,948] WARNING root: No data for EIF3CL; skipping.
[2026-05-18 20:10:02,717] ERROR root: Missing key in response for format string: 'identifier'
[2026-05-18 20:10:02,718] WARNING root: No data for EIF3D; skipping.
[2026-05-18 20:10:03,478] ERROR root: Missing key in response for format string: 'identifier'
[2026-05-18 20:10:03,479] WARNING root: No data for EIF3E; skipping.
[2026-05-18 20:10:04,230] ERROR root: Missing key in response for format string: 'identifier'
[2026-05-18 20:10:04,231] WARNING root: No data for EIF3F; skipping.
[2026-05-18 20:10:04,981] ERROR root: Missing key in response for format string: 'identifier'
[2026-05-18 20:10:04,982] WARNING root: No data for EIF3G; skipping.
[2026-05-18 20:10:05,732] ERROR root: Missing key in response for format string: 'identifier'
[2026-05-18 20:10:05,733] WARNING root: No data for EIF3H; skipping.
[2026-05-18 20:10:06,491] ERROR root: Missing key in response for format string: 'identifier'
[2026-05-18 20:10:06,493] WARNING root: No data for EIF3I; skipping.
[2026-05-18 20:10:07,257] ERROR root: Missing key in response for format string: 'identifier'
[2026-05-18 20:10:07,259] WARNING root: No data for EIF3J; skipping.
[2026-05-18 20:10:08,012] ERROR root: Missing key in response for format string: 'identifier'
[2026-05-18 20:10:08,013] WARNING root: No data for EIF3L; skipping.
[2026-05-18 20:10:08,771] ERROR root: Missing key in response for format string: 'identifier'
[2026-05-18 20:10:08,773] WARNING root: No data for EIF3M; skipping.
[2026-05-18 20:10:09,742] ERROR root: Missing key in response for format string: 'identifier'
[2026-05-18 20:10:09,743] WARNING root: No data for EIF4A1; skipping.
[2026-05-18 20:10:10,498] ERROR root: Missing key in response for format string: 'identifier'
[2026-05-18 20:10:10,499] WARNING root: No data for EIF4A3; skipping.
[2026-05-18 20:10:11,613] ERROR root: Missing key in response for format string: 'identifier'
[2026-05-18 20:10:11,614] WARNING root: No data for EIF4B; skipping.
[2026-05-18 20:10:12,777] ERROR root: Missing key in response for format string: 'identifier'
[2026-05-18 20:10:12,778] WARNING root: No data for EIF4E; skipping.
[2026-05-18 20:10:13,936] ERROR root: Missing key in response for format string: 'identifier'
[2026-05-18 20:10:13,937] WARNING root: No data for EIF4G1; skipping.
[2026-05-18 20:10:14,716] ERROR root: Missing key in response for format string: 'identifier'
[2026-05-18 20:10:14,718] WARNING root: No data for EIF4G2; skipping.
[2026-05-18 20:10:15,670] ERROR root: Missing key in response for format string: 'identifier'
[2026-05-18 20:10:15,671] WARNING root: No data for EIF5; skipping.
[2026-05-18 20:10:16,630] ERROR root: Missing key in response for format string: 'identifier'
[2026-05-18 20:10:16,631] WARNING root: No data for EIF5A; skipping.
[2026-05-18 20:10:17,385] ERROR root: Missing key in response for format string: 'identifier'
[2026-05-18 20:10:17,386] WARNING root: No data for EIF6; skipping.
[2026-05-18 20:10:18,143] ERROR root: Missing key in response for format string: 'identifier'
[2026-05-18 20:10:18,144] WARNING root: No data for ELAC2; skipping.
[2026-05-18 20:10:19,093] ERROR root: Missing key in response for format string: 'identifier'
[2026-05-18 20:10:19,095] WARNING root: No data for ELL; skipping.
[2026-05-18 20:10:19,843] ERROR root: Missing key in response for format string: 'identifier'
[2026-05-18 20:10:19,844] WARNING root: No data for ELOVL1; skipping.
[2026-05-18 20:10:20,599] ERROR root: Missing key in response for format string: 'identifier'
[2026-05-18 20:10:20,600] WARNING root: No data for ELP2; skipping.
[2026-05-18 20:10:21,353] ERROR root: Missing key in response for format string: 'identifier'
[2026-05-18 20:10:21,354] WARNING root: No data for ELP3; skipping.
[2026-05-18 20:10:22,116] ERROR root: Missing key in response for format string: 'identifier'
[2026-05-18 20:10:22,117] WARNING root: No data for ELP5; skipping.
[2026-05-18 20:10:22,867] ERROR root: Missing key in response for format string: 'identifier'
[2026-05-18 20:10:22,868] WARNING root: No data for ELP6; skipping.
[2026-05-18 20:10:23,627] ERROR root: Missing key in response for format string: 'identifier'
[2026-05-18 20:10:23,628] WARNING root: No data for EMC1; skipping.
[2026-05-18 20:10:24,652] ERROR root: Missing key in response for format string: 'identifier'
[2026-05-18 20:10:24,653] WARNING root: No data for EMC3; skipping.
[2026-05-18 20:10:25,403] ERROR root: Missing key in response for format string: 'identifier'
[2026-05-18 20:10:25,404] WARNING root: No data for EMC4; skipping.
[2026-05-18 20:10:26,160] ERROR root: Missing key in response for format string: 'identifier'
[2026-05-18 20:10:26,161] WARNING root: No data for EMC7; skipping.
[2026-05-18 20:10:27,109] ERROR root: Missing key in response for format string: 'identifier'
[2026-05-18 20:10:27,110] WARNING root: No data for ENO1; skipping.
[2026-05-18 20:10:27,867] ERROR root: Missing key in response for format string: 'identifier'
[2026-05-18 20:10:27,868] WARNING root: No data for EP400; skipping.
[2026-05-18 20:10:28,630] ERROR root: Missing key in response for format string: 'identifier'
[2026-05-18 20:10:28,631] WARNING root: No data for EPRS; skipping.
[2026-05-18 20:10:29,381] ERROR root: Missing key in response for format string: 'identifier'
[2026-05-18 20:10:29,382] WARNING root: No data for ERAL1; skipping.
[2026-05-18 20:10:30,794] ERROR root: Missing key in response for format string: 'identifier'
[2026-05-18 20:10:30,795] WARNING root: No data for ERCC2; skipping.
[2026-05-18 20:10:31,738] ERROR root: Missing key in response for format string: 'identifier'
[2026-05-18 20:10:31,739] WARNING root: No data for ERCC3; skipping.
[2026-05-18 20:10:32,493] ERROR root: Missing key in response for format string: 'identifier'
[2026-05-18 20:10:32,495] WARNING root: No data for ERH; skipping.
[2026-05-18 20:10:33,293] ERROR root: Missing key in response for format string: 'identifier'
[2026-05-18 20:10:33,294] WARNING root: No data for ERVW-1; skipping.
[2026-05-18 20:10:34,213] ERROR root: Missing key in response for format string: 'identifier'
[2026-05-18 20:10:34,214] WARNING root: No data for ESF1; skipping.
[2026-05-18 20:10:35,226] ERROR root: Missing key in response for format string: 'identifier'
[2026-05-18 20:10:35,228] WARNING root: No data for ESPL1; skipping.
[2026-05-18 20:10:36,400] ERROR root: Missing key in response for format string: 'identifier'
[2026-05-18 20:10:36,401] WARNING root: No data for ESPN; skipping.
[2026-05-18 20:10:37,163] ERROR root: Missing key in response for format string: 'identifier'
[2026-05-18 20:10:37,164] WARNING root: No data for ETF1; skipping.
[2026-05-18 20:10:38,843] ERROR root: Missing key in response for format string: 'identifier'
[2026-05-18 20:10:38,844] WARNING root: No data for EWSR1; skipping.
[2026-05-18 20:10:39,599] ERROR root: Missing key in response for format string: 'identifier'
[2026-05-18 20:10:39,600] WARNING root: No data for EXOC1; skipping.
[2026-05-18 20:10:40,359] ERROR root: Missing key in response for format string: 'identifier'
[2026-05-18 20:10:40,360] WARNING root: No data for EXOC2; skipping.
[2026-05-18 20:10:41,157] ERROR root: Missing key in response for format string: 'identifier'
[2026-05-18 20:10:41,158] WARNING root: No data for EXOC3; skipping.
[2026-05-18 20:10:41,909] ERROR root: Missing key in response for format string: 'identifier'
[2026-05-18 20:10:41,910] WARNING root: No data for EXOC4; skipping.
[2026-05-18 20:10:42,658] ERROR root: Missing key in response for format string: 'identifier'
[2026-05-18 20:10:42,660] WARNING root: No data for EXOC5; skipping.
[2026-05-18 20:10:43,419] ERROR root: Missing key in response for format string: 'identifier'
[2026-05-18 20:10:43,420] WARNING root: No data for EXOC7; skipping.
[2026-05-18 20:10:44,169] ERROR root: Missing key in response for format string: 'identifier'
[2026-05-18 20:10:44,170] WARNING root: No data for EXOC8; skipping.
[2026-05-18 20:10:45,181] ERROR root: Missing key in response for format string: 'identifier'
[2026-05-18 20:10:45,182] WARNING root: No data for EXOSC1; skipping.
[2026-05-18 20:10:45,941] ERROR root: Missing key in response for format string: 'identifier'
[2026-05-18 20:10:45,942] WARNING root: No data for EXOSC10; skipping.
[2026-05-18 20:10:46,960] ERROR root: Missing key in response for format string: 'identifier'
[2026-05-18 20:10:46,961] WARNING root: No data for EXOSC2; skipping.
[2026-05-18 20:10:47,712] ERROR root: Missing key in response for format string: 'identifier'
[2026-05-18 20:10:47,713] WARNING root: No data for EXOSC3; skipping.
[2026-05-18 20:10:48,466] ERROR root: Missing key in response for format string: 'identifier'
[2026-05-18 20:10:48,467] WARNING root: No data for EXOSC4; skipping.
[2026-05-18 20:10:49,267] ERROR root: Missing key in response for format string: 'identifier'
[2026-05-18 20:10:49,269] WARNING root: No data for EXOSC5; skipping.
[2026-05-18 20:10:50,024] ERROR root: Missing key in response for format string: 'identifier'
[2026-05-18 20:10:50,026] WARNING root: No data for EXOSC6; skipping.
[2026-05-18 20:10:50,798] ERROR root: Missing key in response for format string: 'identifier'
[2026-05-18 20:10:50,799] WARNING root: No data for EXOSC7; skipping.
[2026-05-18 20:10:51,557] ERROR root: Missing key in response for format string: 'identifier'
[2026-05-18 20:10:51,558] WARNING root: No data for EXOSC8; skipping.
[2026-05-18 20:10:52,315] ERROR root: Missing key in response for format string: 'identifier'
[2026-05-18 20:10:52,316] WARNING root: No data for EXOSC9; skipping.
[2026-05-18 20:10:53,079] ERROR root: Missing key in response for format string: 'identifier'
[2026-05-18 20:10:53,080] WARNING root: No data for F8A1; skipping.
[2026-05-18 20:10:53,838] ERROR root: Missing key in response for format string: 'identifier'
[2026-05-18 20:10:53,839] WARNING root: No data for FAF2; skipping.
[2026-05-18 20:10:54,599] ERROR root: Missing key in response for format string: 'identifier'
[2026-05-18 20:10:54,600] WARNING root: No data for FAM133B; skipping.
[2026-05-18 20:10:55,357] ERROR root: Missing key in response for format string: 'identifier'
[2026-05-18 20:10:55,358] WARNING root: No data for FAM136A; skipping.
[2026-05-18 20:10:56,105] ERROR root: Missing key in response for format string: 'identifier'
[2026-05-18 20:10:56,107] WARNING root: No data for FAM207A; skipping.
[2026-05-18 20:10:56,864] ERROR root: Missing key in response for format string: 'identifier'
[2026-05-18 20:10:56,865] WARNING root: No data for FAM229A; skipping.
[2026-05-18 20:10:57,680] ERROR root: Missing key in response for format string: 'identifier'
[2026-05-18 20:10:57,682] WARNING root: No data for FAM32A; skipping.
[2026-05-18 20:10:58,437] ERROR root: Missing key in response for format string: 'identifier'
[2026-05-18 20:10:58,438] WARNING root: No data for FAM50A; skipping.
[2026-05-18 20:10:59,215] ERROR root: Missing key in response for format string: 'identifier'
[2026-05-18 20:10:59,216] WARNING root: No data for FAM72D; skipping.
[2026-05-18 20:10:59,976] ERROR root: Missing key in response for format string: 'identifier'
[2026-05-18 20:10:59,978] WARNING root: No data for FARS2; skipping.
[2026-05-18 20:11:00,734] ERROR root: Missing key in response for format string: 'identifier'
[2026-05-18 20:11:00,735] WARNING root: No data for FARSA; skipping.
[2026-05-18 20:11:01,507] ERROR root: Missing key in response for format string: 'identifier'
[2026-05-18 20:11:01,508] WARNING root: No data for FARSB; skipping.
[2026-05-18 20:11:02,260] ERROR root: Missing key in response for format string: 'identifier'
[2026-05-18 20:11:02,262] WARNING root: No data for FASTKD5; skipping.
[2026-05-18 20:11:03,144] ERROR root: Missing key in response for format string: 'identifier'
[2026-05-18 20:11:03,145] WARNING root: No data for FAU; skipping.
[2026-05-18 20:11:04,089] ERROR root: Missing key in response for format string: 'identifier'
[2026-05-18 20:11:04,090] WARNING root: No data for FBL; skipping.
[2026-05-18 20:11:04,854] ERROR root: Missing key in response for format string: 'identifier'
[2026-05-18 20:11:04,855] WARNING root: No data for FBLIM1; skipping.
[2026-05-18 20:11:05,731] ERROR root: Missing key in response for format string: 'identifier'
[2026-05-18 20:11:05,732] WARNING root: No data for FBXO5; skipping.
[2026-05-18 20:11:06,510] ERROR root: Missing key in response for format string: 'identifier'
[2026-05-18 20:11:06,511] WARNING root: No data for FCF1; skipping.
[2026-05-18 20:11:07,271] ERROR root: Missing key in response for format string: 'identifier'
[2026-05-18 20:11:07,273] WARNING root: No data for FDPS; skipping.
[2026-05-18 20:11:08,030] ERROR root: Missing key in response for format string: 'identifier'
[2026-05-18 20:11:08,031] WARNING root: No data for FDXR; skipping.
[2026-05-18 20:11:09,162] ERROR root: Missing key in response for format string: 'identifier'
[2026-05-18 20:11:09,164] WARNING root: No data for FEN1; skipping.
[2026-05-18 20:11:10,037] ERROR root: Missing key in response for format string: 'identifier'
[2026-05-18 20:11:10,039] WARNING root: No data for FGFR1OP; skipping.
[2026-05-18 20:11:10,817] ERROR root: Missing key in response for format string: 'identifier'
[2026-05-18 20:11:10,819] WARNING root: No data for FIP1L1; skipping.
[2026-05-18 20:11:11,568] ERROR root: Missing key in response for format string: 'identifier'
[2026-05-18 20:11:11,569] WARNING root: No data for FNBP4; skipping.
[2026-05-18 20:11:12,328] ERROR root: Missing key in response for format string: 'identifier'
[2026-05-18 20:11:12,329] WARNING root: No data for FNTA; skipping.
[2026-05-18 20:11:13,090] ERROR root: Missing key in response for format string: 'identifier'
[2026-05-18 20:11:13,091] WARNING root: No data for FNTB; skipping.
[2026-05-18 20:11:13,851] ERROR root: Missing key in response for format string: 'identifier'
[2026-05-18 20:11:13,852] WARNING root: No data for FOLR3; skipping.
[2026-05-18 20:11:14,822] ERROR root: Missing key in response for format string: 'identifier'
[2026-05-18 20:11:14,823] WARNING root: No data for FOXD4; skipping.
[2026-05-18 20:11:15,757] ERROR root: Missing key in response for format string: 'identifier'
[2026-05-18 20:11:15,758] WARNING root: No data for FOXL2; skipping.
[2026-05-18 20:11:16,521] ERROR root: Missing key in response for format string: 'identifier'
[2026-05-18 20:11:16,523] WARNING root: No data for FRG2; skipping.
[2026-05-18 20:11:17,309] ERROR root: Missing key in response for format string: 'identifier'
[2026-05-18 20:11:17,310] WARNING root: No data for FTSJ3; skipping.
[2026-05-18 20:11:18,350] ERROR root: Missing key in response for format string: 'identifier'
[2026-05-18 20:11:18,351] WARNING root: No data for FXN; skipping.
[2026-05-18 20:11:19,185] ERROR root: Missing key in response for format string: 'identifier'
[2026-05-18 20:11:19,186] WARNING root: No data for GAB2; skipping.
[2026-05-18 20:11:19,993] ERROR root: Missing key in response for format string: 'identifier'
[2026-05-18 20:11:19,995] WARNING root: No data for GABPA; skipping.
[2026-05-18 20:11:20,754] ERROR root: Missing key in response for format string: 'identifier'
[2026-05-18 20:11:20,755] WARNING root: No data for GAK; skipping.
[2026-05-18 20:11:22,188] ERROR root: Missing key in response for format string: 'identifier'
[2026-05-18 20:11:22,189] WARNING root: No data for GAPDH; skipping.
[2026-05-18 20:11:23,216] ERROR root: Missing key in response for format string: 'identifier'
[2026-05-18 20:11:23,217] WARNING root: No data for GAR1; skipping.
[2026-05-18 20:11:24,389] ERROR root: Missing key in response for format string: 'identifier'
[2026-05-18 20:11:24,390] WARNING root: No data for GARS; skipping.
[2026-05-18 20:11:25,425] ERROR root: Missing key in response for format string: 'identifier'
[2026-05-18 20:11:25,426] WARNING root: No data for GATA1; skipping.
[2026-05-18 20:11:26,404] ERROR root: Missing key in response for format string: 'identifier'
[2026-05-18 20:11:26,406] WARNING root: No data for GBF1; skipping.
[2026-05-18 20:11:27,195] ERROR root: Missing key in response for format string: 'identifier'
[2026-05-18 20:11:27,196] WARNING root: No data for GCOM1; skipping.
[2026-05-18 20:11:28,335] ERROR root: Missing key in response for format string: 'identifier'
[2026-05-18 20:11:28,336] WARNING root: No data for GEMIN4; skipping.
[2026-05-18 20:11:29,128] ERROR root: Missing key in response for format string: 'identifier'
[2026-05-18 20:11:29,129] WARNING root: No data for GEMIN5; skipping.
[2026-05-18 20:11:29,955] ERROR root: Missing key in response for format string: 'identifier'
[2026-05-18 20:11:29,957] WARNING root: No data for GEMIN6; skipping.
[2026-05-18 20:11:30,836] ERROR root: Missing key in response for format string: 'identifier'
[2026-05-18 20:11:30,838] WARNING root: No data for GEMIN7; skipping.
[2026-05-18 20:11:31,607] ERROR root: Missing key in response for format string: 'identifier'
[2026-05-18 20:11:31,609] WARNING root: No data for GEMIN8; skipping.
[2026-05-18 20:11:32,456] ERROR root: Missing key in response for format string: 'identifier'
[2026-05-18 20:11:32,457] WARNING root: No data for GET1; skipping.
[2026-05-18 20:11:33,220] ERROR root: Missing key in response for format string: 'identifier'
[2026-05-18 20:11:33,221] WARNING root: No data for GET3; skipping.
[2026-05-18 20:11:34,490] ERROR root: Missing key in response for format string: 'identifier'
[2026-05-18 20:11:34,491] WARNING root: No data for GFER; skipping.
[2026-05-18 20:11:35,252] ERROR root: Missing key in response for format string: 'identifier'
[2026-05-18 20:11:35,253] WARNING root: No data for GFM1; skipping.
[2026-05-18 20:11:36,006] ERROR root: Missing key in response for format string: 'identifier'
[2026-05-18 20:11:36,007] WARNING root: No data for GGPS1; skipping.
[2026-05-18 20:11:36,776] ERROR root: Missing key in response for format string: 'identifier'
[2026-05-18 20:11:36,777] WARNING root: No data for GINS1; skipping.
[2026-05-18 20:11:37,542] ERROR root: Missing key in response for format string: 'identifier'
[2026-05-18 20:11:37,544] WARNING root: No data for GINS2; skipping.
[2026-05-18 20:11:38,494] ERROR root: Missing key in response for format string: 'identifier'
[2026-05-18 20:11:38,495] WARNING root: No data for GINS3; skipping.
[2026-05-18 20:11:39,257] ERROR root: Missing key in response for format string: 'identifier'
[2026-05-18 20:11:39,258] WARNING root: No data for GINS4; skipping.
[2026-05-18 20:11:40,043] ERROR root: Missing key in response for format string: 'identifier'
[2026-05-18 20:11:40,044] WARNING root: No data for GIT2; skipping.
[2026-05-18 20:11:40,798] ERROR root: Missing key in response for format string: 'identifier'
[2026-05-18 20:11:40,799] WARNING root: No data for GJA3; skipping.
[2026-05-18 20:11:41,550] ERROR root: Missing key in response for format string: 'identifier'
[2026-05-18 20:11:41,551] WARNING root: No data for GLE1; skipping.
[2026-05-18 20:11:42,310] ERROR root: Missing key in response for format string: 'identifier'
[2026-05-18 20:11:42,311] WARNING root: No data for GLI4; skipping.
[2026-05-18 20:11:43,073] ERROR root: Missing key in response for format string: 'identifier'
[2026-05-18 20:11:43,074] WARNING root: No data for GLMN; skipping.
[2026-05-18 20:11:44,130] ERROR root: Missing key in response for format string: 'identifier'
[2026-05-18 20:11:44,131] WARNING root: No data for GLRX3; skipping.
[2026-05-18 20:11:44,887] ERROR root: Missing key in response for format string: 'identifier'
[2026-05-18 20:11:44,889] WARNING root: No data for GLRX5; skipping.
[2026-05-18 20:11:45,859] ERROR root: Missing key in response for format string: 'identifier'
[2026-05-18 20:11:45,860] WARNING root: No data for GMPPB; skipping.
[2026-05-18 20:11:46,681] ERROR root: Missing key in response for format string: 'identifier'
[2026-05-18 20:11:46,682] WARNING root: No data for GMPS; skipping.
[2026-05-18 20:11:47,880] ERROR root: Missing key in response for format string: 'identifier'
[2026-05-18 20:11:47,881] WARNING root: No data for GNB1L; skipping.
[2026-05-18 20:11:48,633] ERROR root: Missing key in response for format string: 'identifier'
[2026-05-18 20:11:48,634] WARNING root: No data for GNL2; skipping.
[2026-05-18 20:11:49,388] ERROR root: Missing key in response for format string: 'identifier'
[2026-05-18 20:11:49,389] WARNING root: No data for GNL3; skipping.
[2026-05-18 20:11:50,143] ERROR root: Missing key in response for format string: 'identifier'
[2026-05-18 20:11:50,144] WARNING root: No data for GNL3L; skipping.
[2026-05-18 20:11:50,960] ERROR root: Missing key in response for format string: 'identifier'
[2026-05-18 20:11:50,961] WARNING root: No data for GNPNAT1; skipping.
[2026-05-18 20:11:51,740] ERROR root: Missing key in response for format string: 'identifier'
[2026-05-18 20:11:51,741] WARNING root: No data for GOLGA6L1; skipping.
[2026-05-18 20:11:52,494] ERROR root: Missing key in response for format string: 'identifier'
[2026-05-18 20:11:52,495] WARNING root: No data for GOLT1B; skipping.
[2026-05-18 20:11:53,249] ERROR root: Missing key in response for format string: 'identifier'
[2026-05-18 20:11:53,250] WARNING root: No data for GON4L; skipping.
[2026-05-18 20:11:54,029] ERROR root: Missing key in response for format string: 'identifier'
[2026-05-18 20:11:54,030] WARNING root: No data for GOSR2; skipping.
[2026-05-18 20:11:54,945] ERROR root: Missing key in response for format string: 'identifier'
[2026-05-18 20:11:54,946] WARNING root: No data for GPKOW; skipping.
[2026-05-18 20:11:55,871] ERROR root: Missing key in response for format string: 'identifier'
[2026-05-18 20:11:55,872] WARNING root: No data for GPN1; skipping.
[2026-05-18 20:11:56,630] ERROR root: Missing key in response for format string: 'identifier'
[2026-05-18 20:11:56,631] WARNING root: No data for GPN2; skipping.
[2026-05-18 20:11:57,459] ERROR root: Missing key in response for format string: 'identifier'
[2026-05-18 20:11:57,460] WARNING root: No data for GPN3; skipping.
[2026-05-18 20:11:58,462] ERROR root: Missing key in response for format string: 'identifier'
[2026-05-18 20:11:58,463] WARNING root: No data for GPR61; skipping.
[2026-05-18 20:11:59,221] ERROR root: Missing key in response for format string: 'identifier'
[2026-05-18 20:11:59,222] WARNING root: No data for GPS1; skipping.
[2026-05-18 20:12:00,370] ERROR root: Missing key in response for format string: 'identifier'
[2026-05-18 20:12:00,372] WARNING root: No data for GRB2; skipping.
[2026-05-18 20:12:01,289] ERROR root: Missing key in response for format string: 'identifier'
[2026-05-18 20:12:01,290] WARNING root: No data for GRPEL1; skipping.
[2026-05-18 20:12:02,057] ERROR root: Missing key in response for format string: 'identifier'
[2026-05-18 20:12:02,058] WARNING root: No data for GRSF1; skipping.
[2026-05-18 20:12:03,102] ERROR root: Missing key in response for format string: 'identifier'
[2026-05-18 20:12:03,103] WARNING root: No data for GRWD1; skipping.
[2026-05-18 20:12:03,855] ERROR root: Missing key in response for format string: 'identifier'
[2026-05-18 20:12:03,856] WARNING root: No data for GSDMA; skipping.
[2026-05-18 20:12:04,608] ERROR root: Missing key in response for format string: 'identifier'
[2026-05-18 20:12:04,609] WARNING root: No data for GSPT1; skipping.
[2026-05-18 20:12:05,555] ERROR root: Missing key in response for format string: 'identifier'
[2026-05-18 20:12:05,556] WARNING root: No data for GTF2A1; skipping.
[2026-05-18 20:12:06,318] ERROR root: Missing key in response for format string: 'identifier'
[2026-05-18 20:12:06,319] WARNING root: No data for GTF2A2; skipping.
[2026-05-18 20:12:07,275] ERROR root: Missing key in response for format string: 'identifier'
[2026-05-18 20:12:07,276] WARNING root: No data for GTF2B; skipping.
[2026-05-18 20:12:08,030] ERROR root: Missing key in response for format string: 'identifier'
[2026-05-18 20:12:08,031] WARNING root: No data for GTF2E1; skipping.
[2026-05-18 20:12:08,826] ERROR root: Missing key in response for format string: 'identifier'
[2026-05-18 20:12:08,827] WARNING root: No data for GTF2E2; skipping.
[2026-05-18 20:12:09,581] ERROR root: Missing key in response for format string: 'identifier'
[2026-05-18 20:12:09,582] WARNING root: No data for GTF2F1; skipping.
[2026-05-18 20:12:10,337] ERROR root: Missing key in response for format string: 'identifier'
[2026-05-18 20:12:10,338] WARNING root: No data for GTF2F2; skipping.
[2026-05-18 20:12:11,090] ERROR root: Missing key in response for format string: 'identifier'
[2026-05-18 20:12:11,091] WARNING root: No data for GTF2H1; skipping.
[2026-05-18 20:12:12,058] ERROR root: Missing key in response for format string: 'identifier'
[2026-05-18 20:12:12,059] WARNING root: No data for GTF2H2; skipping.
[2026-05-18 20:12:13,459] ERROR root: Missing key in response for format string: 'identifier'
[2026-05-18 20:12:13,461] WARNING root: No data for GTF2H2C; skipping.
[2026-05-18 20:12:14,834] ERROR root: Missing key in response for format string: 'identifier'
[2026-05-18 20:12:14,835] WARNING root: No data for GTF2H3; skipping.
[2026-05-18 20:12:16,298] ERROR root: Missing key in response for format string: 'identifier'
[2026-05-18 20:12:16,299] WARNING root: No data for GTF2H4; skipping.
[2026-05-18 20:12:17,118] ERROR root: Missing key in response for format string: 'identifier'
[2026-05-18 20:12:17,119] WARNING root: No data for GTF3A; skipping.
[2026-05-18 20:12:17,885] ERROR root: Missing key in response for format string: 'identifier'
[2026-05-18 20:12:17,887] WARNING root: No data for GTF3C1; skipping.
[2026-05-18 20:12:18,647] ERROR root: Missing key in response for format string: 'identifier'
[2026-05-18 20:12:18,648] WARNING root: No data for GTF3C2; skipping.
[2026-05-18 20:12:19,909] ERROR root: Missing key in response for format string: 'identifier'
[2026-05-18 20:12:19,910] WARNING root: No data for GTF3C3; skipping.
[2026-05-18 20:12:20,865] ERROR root: Missing key in response for format string: 'identifier'
[2026-05-18 20:12:20,866] WARNING root: No data for GTF3C4; skipping.
[2026-05-18 20:12:21,688] ERROR root: Missing key in response for format string: 'identifier'
[2026-05-18 20:12:21,689] WARNING root: No data for GTF3C5; skipping.
[2026-05-18 20:12:22,506] ERROR root: Missing key in response for format string: 'identifier'
[2026-05-18 20:12:22,507] WARNING root: No data for GTF3C6; skipping.
[2026-05-18 20:12:23,372] ERROR root: Missing key in response for format string: 'identifier'
[2026-05-18 20:12:23,373] WARNING root: No data for GTPBP4; skipping.
[2026-05-18 20:12:24,154] ERROR root: Missing key in response for format string: 'identifier'
[2026-05-18 20:12:24,156] WARNING root: No data for GUCD1; skipping.
[2026-05-18 20:12:24,978] ERROR root: Missing key in response for format string: 'identifier'
[2026-05-18 20:12:24,979] WARNING root: No data for GUK1; skipping.
[2026-05-18 20:12:25,944] ERROR root: Missing key in response for format string: 'identifier'
[2026-05-18 20:12:25,945] WARNING root: No data for H2AFX; skipping.
[2026-05-18 20:12:27,048] ERROR root: Missing key in response for format string: 'identifier'
[2026-05-18 20:12:27,049] WARNING root: No data for H2AFZ; skipping.
[2026-05-18 20:12:27,988] ERROR root: Missing key in response for format string: 'identifier'
[2026-05-18 20:12:27,989] WARNING root: No data for H3F3A; skipping.
[2026-05-18 20:12:29,441] ERROR root: Missing key in response for format string: 'identifier'
[2026-05-18 20:12:29,442] WARNING root: No data for HAMP; skipping.
[2026-05-18 20:12:30,257] ERROR root: Missing key in response for format string: 'identifier'
[2026-05-18 20:12:30,258] WARNING root: No data for HAPLN2; skipping.
[2026-05-18 20:12:31,020] ERROR root: Missing key in response for format string: 'identifier'
[2026-05-18 20:12:31,022] WARNING root: No data for HARS; skipping.
[2026-05-18 20:12:32,284] ERROR root: Missing key in response for format string: 'identifier'
[2026-05-18 20:12:32,285] WARNING root: No data for HARS2; skipping.
[2026-05-18 20:12:33,072] ERROR root: Missing key in response for format string: 'identifier'
[2026-05-18 20:12:33,073] WARNING root: No data for HAUS1; skipping.
[2026-05-18 20:12:33,829] ERROR root: Missing key in response for format string: 'identifier'
[2026-05-18 20:12:33,830] WARNING root: No data for HAUS3; skipping.
[2026-05-18 20:12:34,644] ERROR root: Missing key in response for format string: 'identifier'
[2026-05-18 20:12:34,645] WARNING root: No data for HAUS4; skipping.
[2026-05-18 20:12:35,712] ERROR root: Missing key in response for format string: 'identifier'
[2026-05-18 20:12:35,713] WARNING root: No data for HAUS5; skipping.
[2026-05-18 20:12:36,471] ERROR root: Missing key in response for format string: 'identifier'
[2026-05-18 20:12:36,472] WARNING root: No data for HAUS6; skipping.
[2026-05-18 20:12:37,459] ERROR root: Missing key in response for format string: 'identifier'
[2026-05-18 20:12:37,460] WARNING root: No data for HAUS7; skipping.
[2026-05-18 20:12:38,377] ERROR root: Missing key in response for format string: 'identifier'
[2026-05-18 20:12:38,378] WARNING root: No data for HAUS8; skipping.
[2026-05-18 20:12:39,134] ERROR root: Missing key in response for format string: 'identifier'
[2026-05-18 20:12:39,135] WARNING root: No data for HBS1L; skipping.
[2026-05-18 20:12:40,360] ERROR root: Missing key in response for format string: 'identifier'
[2026-05-18 20:12:40,361] WARNING root: No data for HCFC1; skipping.
[2026-05-18 20:12:41,346] ERROR root: Missing key in response for format string: 'identifier'
[2026-05-18 20:12:41,347] WARNING root: No data for HCRTR1; skipping.
[2026-05-18 20:12:42,591] ERROR root: Missing key in response for format string: 'identifier'
[2026-05-18 20:12:42,592] WARNING root: No data for HDAC3; skipping.
[2026-05-18 20:12:43,354] ERROR root: Missing key in response for format string: 'identifier'
[2026-05-18 20:12:43,355] WARNING root: No data for HDAC7; skipping.
[2026-05-18 20:12:44,110] ERROR root: Missing key in response for format string: 'identifier'
[2026-05-18 20:12:44,111] WARNING root: No data for HEATR1; skipping.
[2026-05-18 20:12:45,031] ERROR root: Missing key in response for format string: 'identifier'
[2026-05-18 20:12:45,032] WARNING root: No data for HECTD1; skipping.
[2026-05-18 20:12:45,788] ERROR root: Missing key in response for format string: 'identifier'
[2026-05-18 20:12:45,789] WARNING root: No data for HGS; skipping.
[2026-05-18 20:12:46,543] ERROR root: Missing key in response for format string: 'identifier'
[2026-05-18 20:12:46,544] WARNING root: No data for HINFP; skipping.
[2026-05-18 20:12:47,620] ERROR root: Missing key in response for format string: 'identifier'
[2026-05-18 20:12:47,621] WARNING root: No data for HIRA; skipping.
[2026-05-18 20:12:48,372] ERROR root: Missing key in response for format string: 'identifier'
[2026-05-18 20:12:48,374] WARNING root: No data for HIST1H2AB; skipping.
[2026-05-18 20:12:49,128] ERROR root: Missing key in response for format string: 'identifier'
[2026-05-18 20:12:49,130] WARNING root: No data for HIST1H2AE; skipping.
[2026-05-18 20:12:49,880] ERROR root: Missing key in response for format string: 'identifier'
[2026-05-18 20:12:49,881] WARNING root: No data for HIST1H2AI; skipping.
[2026-05-18 20:12:50,643] ERROR root: Missing key in response for format string: 'identifier'
[2026-05-18 20:12:50,645] WARNING root: No data for HIST1H2BB; skipping.
[2026-05-18 20:12:51,432] ERROR root: Missing key in response for format string: 'identifier'
[2026-05-18 20:12:51,433] WARNING root: No data for HIST1H2BC; skipping.
[2026-05-18 20:12:52,211] ERROR root: Missing key in response for format string: 'identifier'
[2026-05-18 20:12:52,212] WARNING root: No data for HIST1H2BE; skipping.
[2026-05-18 20:12:52,988] ERROR root: Missing key in response for format string: 'identifier'
[2026-05-18 20:12:52,989] WARNING root: No data for HIST1H2BJ; skipping.
[2026-05-18 20:12:53,763] ERROR root: Missing key in response for format string: 'identifier'
[2026-05-18 20:12:53,764] WARNING root: No data for HIST1H2BL; skipping.
[2026-05-18 20:12:54,645] ERROR root: Missing key in response for format string: 'identifier'
[2026-05-18 20:12:54,646] WARNING root: No data for HIST1H2BM; skipping.
[2026-05-18 20:12:55,402] ERROR root: Missing key in response for format string: 'identifier'
[2026-05-18 20:12:55,403] WARNING root: No data for HIST1H2BN; skipping.
[2026-05-18 20:12:56,174] ERROR root: Missing key in response for format string: 'identifier'
[2026-05-18 20:12:56,175] WARNING root: No data for HIST2H2AA3; skipping.
[2026-05-18 20:12:56,948] ERROR root: Missing key in response for format string: 'identifier'
[2026-05-18 20:12:56,949] WARNING root: No data for HIST2H2AC; skipping.
[2026-05-18 20:12:58,147] ERROR root: Missing key in response for format string: 'identifier'
[2026-05-18 20:12:58,148] WARNING root: No data for HIST2H2BE; skipping.
[2026-05-18 20:12:58,907] ERROR root: Missing key in response for format string: 'identifier'
[2026-05-18 20:12:58,909] WARNING root: No data for HIST2H2BF; skipping.
[2026-05-18 20:13:00,248] ERROR root: Missing key in response for format string: 'identifier'
[2026-05-18 20:13:00,249] WARNING root: No data for HIST2H3A; skipping.
[2026-05-18 20:13:01,057] ERROR root: Missing key in response for format string: 'identifier'
[2026-05-18 20:13:01,058] WARNING root: No data for HIST2H3D; skipping.
[2026-05-18 20:13:01,866] ERROR root: Missing key in response for format string: 'identifier'
[2026-05-18 20:13:01,867] WARNING root: No data for HJURP; skipping.
[2026-05-18 20:13:03,261] ERROR root: Missing key in response for format string: 'identifier'
[2026-05-18 20:13:03,263] WARNING root: No data for HLA-C; skipping.
[2026-05-18 20:13:04,221] ERROR root: Missing key in response for format string: 'identifier'
[2026-05-18 20:13:04,222] WARNING root: No data for HMGA1; skipping.
[2026-05-18 20:13:05,373] ERROR root: Missing key in response for format string: 'identifier'
[2026-05-18 20:13:05,374] WARNING root: No data for HMGB1; skipping.
[2026-05-18 20:13:07,076] ERROR root: Missing key in response for format string: 'identifier'
[2026-05-18 20:13:07,078] WARNING root: No data for HMGCR; skipping.
[2026-05-18 20:13:07,835] ERROR root: Missing key in response for format string: 'identifier'
[2026-05-18 20:13:07,837] WARNING root: No data for HMGCS1; skipping.
[2026-05-18 20:13:08,608] ERROR root: Missing key in response for format string: 'identifier'
[2026-05-18 20:13:08,609] WARNING root: No data for HMGN2; skipping.
[2026-05-18 20:13:09,547] ERROR root: Missing key in response for format string: 'identifier'
[2026-05-18 20:13:09,548] WARNING root: No data for HNRNPC; skipping.
[2026-05-18 20:13:10,500] ERROR root: Missing key in response for format string: 'identifier'
[2026-05-18 20:13:10,501] WARNING root: No data for HNRNPH1; skipping.
[2026-05-18 20:13:11,662] ERROR root: Missing key in response for format string: 'identifier'
[2026-05-18 20:13:11,663] WARNING root: No data for HNRNPK; skipping.
[2026-05-18 20:13:12,423] ERROR root: Missing key in response for format string: 'identifier'
[2026-05-18 20:13:12,424] WARNING root: No data for HNRNPL; skipping.
[2026-05-18 20:13:13,187] ERROR root: Missing key in response for format string: 'identifier'
[2026-05-18 20:13:13,188] WARNING root: No data for HNRNPM; skipping.
[2026-05-18 20:13:13,993] ERROR root: Missing key in response for format string: 'identifier'
[2026-05-18 20:13:13,995] WARNING root: No data for HNRNPR; skipping.
[2026-05-18 20:13:14,752] ERROR root: Missing key in response for format string: 'identifier'
[2026-05-18 20:13:14,753] WARNING root: No data for HNRNPU; skipping.
[2026-05-18 20:13:15,515] ERROR root: Missing key in response for format string: 'identifier'
[2026-05-18 20:13:15,516] WARNING root: No data for HOXC10; skipping.
[2026-05-18 20:13:16,271] ERROR root: Missing key in response for format string: 'identifier'
[2026-05-18 20:13:16,272] WARNING root: No data for HS6ST1; skipping.
[2026-05-18 20:13:17,025] ERROR root: Missing key in response for format string: 'identifier'
[2026-05-18 20:13:17,026] WARNING root: No data for HSCB; skipping.
[2026-05-18 20:13:17,775] ERROR root: Missing key in response for format string: 'identifier'
[2026-05-18 20:13:17,776] WARNING root: No data for HSD17B10; skipping.
[2026-05-18 20:13:18,538] ERROR root: Missing key in response for format string: 'identifier'
[2026-05-18 20:13:18,539] WARNING root: No data for HSD17B12; skipping.
[2026-05-18 20:13:19,712] ERROR root: Missing key in response for format string: 'identifier'
[2026-05-18 20:13:19,714] WARNING root: No data for HSF1; skipping.
[2026-05-18 20:13:21,095] ERROR root: Missing key in response for format string: 'identifier'
[2026-05-18 20:13:21,096] WARNING root: No data for HSP90B1; skipping.
[2026-05-18 20:13:21,849] ERROR root: Missing key in response for format string: 'identifier'
[2026-05-18 20:13:21,851] WARNING root: No data for HSPA14; skipping.
[2026-05-18 20:13:22,998] ERROR root: Missing key in response for format string: 'identifier'
[2026-05-18 20:13:22,999] WARNING root: No data for HSPA5; skipping.
[2026-05-18 20:13:24,365] ERROR root: Missing key in response for format string: 'identifier'
[2026-05-18 20:13:24,366] WARNING root: No data for HSPA8; skipping.
[2026-05-18 20:13:25,298] ERROR root: Missing key in response for format string: 'identifier'
[2026-05-18 20:13:25,299] WARNING root: No data for HSPA9; skipping.
[2026-05-18 20:13:26,247] ERROR root: Missing key in response for format string: 'identifier'
[2026-05-18 20:13:26,248] WARNING root: No data for HSPD1; skipping.
[2026-05-18 20:13:27,009] ERROR root: Missing key in response for format string: 'identifier'
[2026-05-18 20:13:27,011] WARNING root: No data for HSPE1; skipping.
[2026-05-18 20:13:27,977] ERROR root: Missing key in response for format string: 'identifier'
[2026-05-18 20:13:27,978] WARNING root: No data for HTATSF1; skipping.
[2026-05-18 20:13:28,979] ERROR root: Missing key in response for format string: 'identifier'
[2026-05-18 20:13:28,981] WARNING root: No data for HUS1; skipping.
[2026-05-18 20:13:29,969] ERROR root: Missing key in response for format string: 'identifier'
[2026-05-18 20:13:29,970] WARNING root: No data for HUWE1; skipping.
[2026-05-18 20:13:30,731] ERROR root: Missing key in response for format string: 'identifier'
[2026-05-18 20:13:30,732] WARNING root: No data for HYOU1; skipping.
[2026-05-18 20:13:31,485] ERROR root: Missing key in response for format string: 'identifier'
[2026-05-18 20:13:31,486] WARNING root: No data for HYPK; skipping.
[2026-05-18 20:13:32,260] ERROR root: Missing key in response for format string: 'identifier'
[2026-05-18 20:13:32,261] WARNING root: No data for IARS; skipping.
[2026-05-18 20:13:33,023] ERROR root: Missing key in response for format string: 'identifier'
[2026-05-18 20:13:33,024] WARNING root: No data for IARS2; skipping.
[2026-05-18 20:13:33,783] ERROR root: Missing key in response for format string: 'identifier'
[2026-05-18 20:13:33,784] WARNING root: No data for ICE1; skipping.
[2026-05-18 20:13:34,730] ERROR root: Missing key in response for format string: 'identifier'
[2026-05-18 20:13:34,731] WARNING root: No data for IFITM2; skipping.
[2026-05-18 20:13:35,688] ERROR root: Missing key in response for format string: 'identifier'
[2026-05-18 20:13:35,689] WARNING root: No data for IFITM3; skipping.
[2026-05-18 20:13:36,454] ERROR root: Missing key in response for format string: 'identifier'
[2026-05-18 20:13:36,455] WARNING root: No data for IGBP1; skipping.
[2026-05-18 20:13:37,432] ERROR root: Missing key in response for format string: 'identifier'
[2026-05-18 20:13:37,433] WARNING root: No data for IK; skipping.
[2026-05-18 20:13:38,370] ERROR root: Missing key in response for format string: 'identifier'
[2026-05-18 20:13:38,371] WARNING root: No data for ILF2; skipping.
[2026-05-18 20:13:39,317] ERROR root: Missing key in response for format string: 'identifier'
[2026-05-18 20:13:39,318] WARNING root: No data for ILF3; skipping.
[2026-05-18 20:13:40,267] ERROR root: Missing key in response for format string: 'identifier'
[2026-05-18 20:13:40,268] WARNING root: No data for IMP3; skipping.
[2026-05-18 20:13:41,226] ERROR root: Missing key in response for format string: 'identifier'
[2026-05-18 20:13:41,227] WARNING root: No data for IMP4; skipping.
[2026-05-18 20:13:42,457] ERROR root: Missing key in response for format string: 'identifier'
[2026-05-18 20:13:42,458] WARNING root: No data for IMPDH2; skipping.
[2026-05-18 20:13:43,367] ERROR root: Missing key in response for format string: 'identifier'
[2026-05-18 20:13:43,369] WARNING root: No data for INCENP; skipping.
[2026-05-18 20:13:44,133] ERROR root: Missing key in response for format string: 'identifier'
[2026-05-18 20:13:44,134] WARNING root: No data for ING3; skipping.
[2026-05-18 20:13:45,094] ERROR root: Missing key in response for format string: 'identifier'
[2026-05-18 20:13:45,096] WARNING root: No data for INO80; skipping.
[2026-05-18 20:13:45,850] ERROR root: Missing key in response for format string: 'identifier'
[2026-05-18 20:13:45,851] WARNING root: No data for INO80B; skipping.
[2026-05-18 20:13:46,602] ERROR root: Missing key in response for format string: 'identifier'
[2026-05-18 20:13:46,603] WARNING root: No data for INTS1; skipping.
[2026-05-18 20:13:47,463] ERROR root: Missing key in response for format string: 'identifier'
[2026-05-18 20:13:47,464] WARNING root: No data for INTS2; skipping.
[2026-05-18 20:13:48,235] ERROR root: Missing key in response for format string: 'identifier'
[2026-05-18 20:13:48,236] WARNING root: No data for INTS3; skipping.
[2026-05-18 20:13:48,991] ERROR root: Missing key in response for format string: 'identifier'
[2026-05-18 20:13:48,992] WARNING root: No data for INTS4; skipping.
[2026-05-18 20:13:49,743] ERROR root: Missing key in response for format string: 'identifier'
[2026-05-18 20:13:49,744] WARNING root: No data for INTS5; skipping.
[2026-05-18 20:13:50,498] ERROR root: Missing key in response for format string: 'identifier'
[2026-05-18 20:13:50,499] WARNING root: No data for INTS6; skipping.
[2026-05-18 20:13:51,250] ERROR root: Missing key in response for format string: 'identifier'
[2026-05-18 20:13:51,251] WARNING root: No data for INTS7; skipping.
[2026-05-18 20:13:52,118] ERROR root: Missing key in response for format string: 'identifier'
[2026-05-18 20:13:52,119] WARNING root: No data for INTS8; skipping.
[2026-05-18 20:13:52,877] ERROR root: Missing key in response for format string: 'identifier'
[2026-05-18 20:13:52,879] WARNING root: No data for INTS9; skipping.
[2026-05-18 20:13:53,694] ERROR root: Missing key in response for format string: 'identifier'
[2026-05-18 20:13:53,695] WARNING root: No data for IPO11; skipping.
[2026-05-18 20:13:54,989] ERROR root: Missing key in response for format string: 'identifier'
[2026-05-18 20:13:54,990] WARNING root: No data for IPO13; skipping.
[2026-05-18 20:13:55,739] ERROR root: Missing key in response for format string: 'identifier'
[2026-05-18 20:13:55,740] WARNING root: No data for IPO7; skipping.
[2026-05-18 20:13:56,496] ERROR root: Missing key in response for format string: 'identifier'
[2026-05-18 20:13:56,497] WARNING root: No data for IPO9; skipping.
[2026-05-18 20:13:57,254] ERROR root: Missing key in response for format string: 'identifier'
[2026-05-18 20:13:57,256] WARNING root: No data for ISCA2; skipping.
[2026-05-18 20:13:58,012] ERROR root: Missing key in response for format string: 'identifier'
[2026-05-18 20:13:58,014] WARNING root: No data for ISCU; skipping.
[2026-05-18 20:13:58,775] ERROR root: Missing key in response for format string: 'identifier'
[2026-05-18 20:13:58,776] WARNING root: No data for ISG20L2; skipping.
[2026-05-18 20:13:59,535] ERROR root: Missing key in response for format string: 'identifier'
[2026-05-18 20:13:59,536] WARNING root: No data for ISY1; skipping.
[2026-05-18 20:14:00,939] ERROR root: Missing key in response for format string: 'identifier'
[2026-05-18 20:14:00,940] WARNING root: No data for JAZF1; skipping.
[2026-05-18 20:14:02,337] ERROR root: Missing key in response for format string: 'identifier'
[2026-05-18 20:14:02,338] WARNING root: No data for JMJD6; skipping.
[2026-05-18 20:14:03,105] ERROR root: Missing key in response for format string: 'identifier'
[2026-05-18 20:14:03,106] WARNING root: No data for KANSL1; skipping.
[2026-05-18 20:14:03,942] ERROR root: Missing key in response for format string: 'identifier'
[2026-05-18 20:14:03,943] WARNING root: No data for KANSL2; skipping.
[2026-05-18 20:14:04,717] ERROR root: Missing key in response for format string: 'identifier'
[2026-05-18 20:14:04,718] WARNING root: No data for KANSL3; skipping.
[2026-05-18 20:14:05,481] ERROR root: Missing key in response for format string: 'identifier'
[2026-05-18 20:14:05,482] WARNING root: No data for KARS; skipping.
[2026-05-18 20:14:06,426] ERROR root: Missing key in response for format string: 'identifier'
[2026-05-18 20:14:06,427] WARNING root: No data for KAT5; skipping.
[2026-05-18 20:14:07,398] ERROR root: Missing key in response for format string: 'identifier'
[2026-05-18 20:14:07,399] WARNING root: No data for KAT8; skipping.
[2026-05-18 20:14:08,524] ERROR root: Missing key in response for format string: 'identifier'
[2026-05-18 20:14:08,525] WARNING root: No data for KATNB1; skipping.
[2026-05-18 20:14:09,290] ERROR root: Missing key in response for format string: 'identifier'
[2026-05-18 20:14:09,291] WARNING root: No data for KCMF1; skipping.
[2026-05-18 20:14:10,229] ERROR root: Missing key in response for format string: 'identifier'
[2026-05-18 20:14:10,230] WARNING root: No data for KCNA10; skipping.
[2026-05-18 20:14:10,984] ERROR root: Missing key in response for format string: 'identifier'
[2026-05-18 20:14:10,985] WARNING root: No data for KCTD10; skipping.
[2026-05-18 20:14:11,744] ERROR root: Missing key in response for format string: 'identifier'
[2026-05-18 20:14:11,745] WARNING root: No data for KDM2A; skipping.
[2026-05-18 20:14:12,940] ERROR root: Missing key in response for format string: 'identifier'
[2026-05-18 20:14:12,941] WARNING root: No data for KDM8; skipping.
[2026-05-18 20:14:13,704] ERROR root: Missing key in response for format string: 'identifier'
[2026-05-18 20:14:13,705] WARNING root: No data for KIAA1143; skipping.
[2026-05-18 20:14:14,639] ERROR root: Missing key in response for format string: 'identifier'
[2026-05-18 20:14:14,640] WARNING root: No data for KIF11; skipping.
[2026-05-18 20:14:16,065] ERROR root: Missing key in response for format string: 'identifier'
[2026-05-18 20:14:16,066] WARNING root: No data for KIF14; skipping.
[2026-05-18 20:14:18,291] ERROR root: Missing key in response for format string: 'identifier'
[2026-05-18 20:14:18,292] WARNING root: No data for KIF18A; skipping.
[2026-05-18 20:14:19,043] ERROR root: Missing key in response for format string: 'identifier'
[2026-05-18 20:14:19,044] WARNING root: No data for KIF18B; skipping.
[2026-05-18 20:14:19,891] ERROR root: Missing key in response for format string: 'identifier'
[2026-05-18 20:14:19,893] WARNING root: No data for KIF20A; skipping.
[2026-05-18 20:14:20,668] ERROR root: Missing key in response for format string: 'identifier'
[2026-05-18 20:14:20,669] WARNING root: No data for KIF23; skipping.
[2026-05-18 20:14:21,431] ERROR root: Missing key in response for format string: 'identifier'
[2026-05-18 20:14:21,432] WARNING root: No data for KIF4A; skipping.
[2026-05-18 20:14:22,652] ERROR root: Missing key in response for format string: 'identifier'
[2026-05-18 20:14:22,653] WARNING root: No data for KIN; skipping.
[2026-05-18 20:14:23,418] ERROR root: Missing key in response for format string: 'identifier'
[2026-05-18 20:14:23,419] WARNING root: No data for KLC2; skipping.
[2026-05-18 20:14:24,189] ERROR root: Missing key in response for format string: 'identifier'
[2026-05-18 20:14:24,191] WARNING root: No data for KLF7; skipping.
[2026-05-18 20:14:25,125] ERROR root: Missing key in response for format string: 'identifier'
[2026-05-18 20:14:25,126] WARNING root: No data for KLHL11; skipping.
[2026-05-18 20:14:25,887] ERROR root: Missing key in response for format string: 'identifier'
[2026-05-18 20:14:25,888] WARNING root: No data for KPNA6; skipping.
[2026-05-18 20:14:26,833] ERROR root: Missing key in response for format string: 'identifier'
[2026-05-18 20:14:26,834] WARNING root: No data for KPNB1; skipping.
[2026-05-18 20:14:27,591] ERROR root: Missing key in response for format string: 'identifier'
[2026-05-18 20:14:27,592] WARNING root: No data for KRI1; skipping.
[2026-05-18 20:14:28,344] ERROR root: Missing key in response for format string: 'identifier'
[2026-05-18 20:14:28,346] WARNING root: No data for KRR1; skipping.
[2026-05-18 20:14:29,289] ERROR root: Missing key in response for format string: 'identifier'
[2026-05-18 20:14:29,290] WARNING root: No data for KRT10; skipping.
[2026-05-18 20:14:30,245] ERROR root: Missing key in response for format string: 'identifier'
[2026-05-18 20:14:30,247] WARNING root: No data for KRT17; skipping.
[2026-05-18 20:14:31,187] ERROR root: Missing key in response for format string: 'identifier'
[2026-05-18 20:14:31,188] WARNING root: No data for KRT8; skipping.
[2026-05-18 20:14:31,971] ERROR root: Missing key in response for format string: 'identifier'
[2026-05-18 20:14:31,972] WARNING root: No data for KRTAP4-2; skipping.
[2026-05-18 20:14:32,801] ERROR root: Missing key in response for format string: 'identifier'
[2026-05-18 20:14:32,802] WARNING root: No data for KRTAP4-7; skipping.
[2026-05-18 20:14:33,560] ERROR root: Missing key in response for format string: 'identifier'
[2026-05-18 20:14:33,561] WARNING root: No data for KTI12; skipping.
[2026-05-18 20:14:34,321] ERROR root: Missing key in response for format string: 'identifier'
[2026-05-18 20:14:34,322] WARNING root: No data for KXD1; skipping.
[2026-05-18 20:14:35,091] ERROR root: Missing key in response for format string: 'identifier'
[2026-05-18 20:14:35,092] WARNING root: No data for LAMTOR2; skipping.
[2026-05-18 20:14:35,916] ERROR root: Missing key in response for format string: 'identifier'
[2026-05-18 20:14:35,917] WARNING root: No data for LAMTOR3; skipping.
[2026-05-18 20:14:37,322] ERROR root: Missing key in response for format string: 'identifier'
[2026-05-18 20:14:37,324] WARNING root: No data for LAMTOR4; skipping.
[2026-05-18 20:14:38,081] ERROR root: Missing key in response for format string: 'identifier'
[2026-05-18 20:14:38,082] WARNING root: No data for LARS; skipping.
[2026-05-18 20:14:38,840] ERROR root: Missing key in response for format string: 'identifier'
[2026-05-18 20:14:38,841] WARNING root: No data for LARS2; skipping.
[2026-05-18 20:14:39,906] ERROR root: Missing key in response for format string: 'identifier'
[2026-05-18 20:14:39,907] WARNING root: No data for LAS1L; skipping.
[2026-05-18 20:14:41,086] ERROR root: Missing key in response for format string: 'identifier'
[2026-05-18 20:14:41,087] WARNING root: No data for LCE1C; skipping.
[2026-05-18 20:14:41,856] ERROR root: Missing key in response for format string: 'identifier'
[2026-05-18 20:14:41,857] WARNING root: No data for LCE1E; skipping.
[2026-05-18 20:14:42,619] ERROR root: Missing key in response for format string: 'identifier'
[2026-05-18 20:14:42,620] WARNING root: No data for LCN10; skipping.
[2026-05-18 20:14:43,417] ERROR root: Missing key in response for format string: 'identifier'
[2026-05-18 20:14:43,418] WARNING root: No data for LENG8; skipping.
[2026-05-18 20:14:44,380] ERROR root: Missing key in response for format string: 'identifier'
[2026-05-18 20:14:44,381] WARNING root: No data for LETM1; skipping.
[2026-05-18 20:14:45,270] ERROR root: Missing key in response for format string: 'identifier'
[2026-05-18 20:14:45,271] WARNING root: No data for LIMS1; skipping.
[2026-05-18 20:14:46,027] ERROR root: Missing key in response for format string: 'identifier'
[2026-05-18 20:14:46,028] WARNING root: No data for LIN52; skipping.
[2026-05-18 20:14:46,786] ERROR root: Missing key in response for format string: 'identifier'
[2026-05-18 20:14:46,787] WARNING root: No data for LIN54; skipping.
[2026-05-18 20:14:47,545] ERROR root: Missing key in response for format string: 'identifier'
[2026-05-18 20:14:47,546] WARNING root: No data for LONP1; skipping.
[2026-05-18 20:14:48,719] ERROR root: Missing key in response for format string: 'identifier'
[2026-05-18 20:14:48,720] WARNING root: No data for LPA; skipping.
[2026-05-18 20:14:49,493] ERROR root: Missing key in response for format string: 'identifier'
[2026-05-18 20:14:49,494] WARNING root: No data for LRPPRC; skipping.
[2026-05-18 20:14:50,256] ERROR root: Missing key in response for format string: 'identifier'
[2026-05-18 20:14:50,257] WARNING root: No data for LRR1; skipping.
[2026-05-18 20:14:51,544] ERROR root: Missing key in response for format string: 'identifier'
[2026-05-18 20:14:51,545] WARNING root: No data for LRRC37A3; skipping.
[2026-05-18 20:14:52,298] ERROR root: Missing key in response for format string: 'identifier'
[2026-05-18 20:14:52,299] WARNING root: No data for LRRC37B; skipping.
[2026-05-18 20:14:53,524] ERROR root: Missing key in response for format string: 'identifier'
[2026-05-18 20:14:53,525] WARNING root: No data for LSG1; skipping.
[2026-05-18 20:14:54,274] ERROR root: Missing key in response for format string: 'identifier'
[2026-05-18 20:14:54,275] WARNING root: No data for LSM10; skipping.
[2026-05-18 20:14:55,028] ERROR root: Missing key in response for format string: 'identifier'
[2026-05-18 20:14:55,029] WARNING root: No data for LSM11; skipping.
[2026-05-18 20:14:55,778] ERROR root: Missing key in response for format string: 'identifier'
[2026-05-18 20:14:55,779] WARNING root: No data for LSM12; skipping.
[2026-05-18 20:14:56,539] ERROR root: Missing key in response for format string: 'identifier'
[2026-05-18 20:14:56,540] WARNING root: No data for LSM2; skipping.
[2026-05-18 20:14:57,314] ERROR root: Missing key in response for format string: 'identifier'
[2026-05-18 20:14:57,315] WARNING root: No data for LSM3; skipping.
[2026-05-18 20:14:58,173] ERROR root: Missing key in response for format string: 'identifier'
[2026-05-18 20:14:58,174] WARNING root: No data for LSM4; skipping.
[2026-05-18 20:14:59,077] ERROR root: Missing key in response for format string: 'identifier'
[2026-05-18 20:14:59,078] WARNING root: No data for LSM5; skipping.
[2026-05-18 20:14:59,865] ERROR root: Missing key in response for format string: 'identifier'
[2026-05-18 20:14:59,866] WARNING root: No data for LSM6; skipping.
[2026-05-18 20:15:00,620] ERROR root: Missing key in response for format string: 'identifier'
[2026-05-18 20:15:00,621] WARNING root: No data for LSM7; skipping.
[2026-05-18 20:15:01,585] ERROR root: Missing key in response for format string: 'identifier'
[2026-05-18 20:15:01,586] WARNING root: No data for LST1; skipping.
[2026-05-18 20:15:02,380] ERROR root: Missing key in response for format string: 'identifier'
[2026-05-18 20:15:02,381] WARNING root: No data for LTB4R2; skipping.
[2026-05-18 20:15:03,322] ERROR root: Missing key in response for format string: 'identifier'
[2026-05-18 20:15:03,323] WARNING root: No data for LTBP3; skipping.
[2026-05-18 20:15:04,083] ERROR root: Missing key in response for format string: 'identifier'
[2026-05-18 20:15:04,085] WARNING root: No data for LTV1; skipping.
[2026-05-18 20:15:04,833] ERROR root: Missing key in response for format string: 'identifier'
[2026-05-18 20:15:04,834] WARNING root: No data for LUC7L3; skipping.
[2026-05-18 20:15:06,274] ERROR root: Missing key in response for format string: 'identifier'
[2026-05-18 20:15:06,276] WARNING root: No data for LURAP1; skipping.
[2026-05-18 20:15:07,054] ERROR root: Missing key in response for format string: 'identifier'
[2026-05-18 20:15:07,055] WARNING root: No data for LYRM4; skipping.
[2026-05-18 20:15:08,019] ERROR root: Missing key in response for format string: 'identifier'
[2026-05-18 20:15:08,020] WARNING root: No data for MAD2L1; skipping.
[2026-05-18 20:15:08,966] ERROR root: Missing key in response for format string: 'identifier'
[2026-05-18 20:15:08,967] WARNING root: No data for MAD2L2; skipping.
[2026-05-18 20:15:09,772] ERROR root: Missing key in response for format string: 'identifier'
[2026-05-18 20:15:09,773] WARNING root: No data for MAGOH; skipping.
[2026-05-18 20:15:10,578] ERROR root: Missing key in response for format string: 'identifier'
[2026-05-18 20:15:10,579] WARNING root: No data for MAK16; skipping.
[2026-05-18 20:15:11,523] ERROR root: Missing key in response for format string: 'identifier'
[2026-05-18 20:15:11,524] WARNING root: No data for MANF; skipping.
[2026-05-18 20:15:12,759] ERROR root: Missing key in response for format string: 'identifier'
[2026-05-18 20:15:12,760] WARNING root: No data for MARS; skipping.
[2026-05-18 20:15:13,509] ERROR root: Missing key in response for format string: 'identifier'
[2026-05-18 20:15:13,510] WARNING root: No data for MARS2; skipping.
[2026-05-18 20:15:14,891] ERROR root: Missing key in response for format string: 'identifier'
[2026-05-18 20:15:14,893] WARNING root: No data for MASTL; skipping.
[2026-05-18 20:15:15,876] ERROR root: Missing key in response for format string: 'identifier'
[2026-05-18 20:15:15,877] WARNING root: No data for MAT2A; skipping.
[2026-05-18 20:15:16,636] ERROR root: Missing key in response for format string: 'identifier'
[2026-05-18 20:15:16,637] WARNING root: No data for MAU2; skipping.
[2026-05-18 20:15:17,836] ERROR root: Missing key in response for format string: 'identifier'
[2026-05-18 20:15:17,837] WARNING root: No data for MAX; skipping.
[2026-05-18 20:15:18,594] ERROR root: Missing key in response for format string: 'identifier'
[2026-05-18 20:15:18,595] WARNING root: No data for MBTPS1; skipping.
[2026-05-18 20:15:19,357] ERROR root: Missing key in response for format string: 'identifier'
[2026-05-18 20:15:19,359] WARNING root: No data for MBTPS2; skipping.
[2026-05-18 20:15:20,498] ERROR root: Missing key in response for format string: 'identifier'
[2026-05-18 20:15:20,499] WARNING root: No data for MCL1; skipping.
[2026-05-18 20:15:21,437] ERROR root: Missing key in response for format string: 'identifier'
[2026-05-18 20:15:21,438] WARNING root: No data for MCM10; skipping.
[2026-05-18 20:15:22,952] ERROR root: Missing key in response for format string: 'identifier'
[2026-05-18 20:15:22,953] WARNING root: No data for MCM2; skipping.
[2026-05-18 20:15:23,908] ERROR root: Missing key in response for format string: 'identifier'
[2026-05-18 20:15:23,909] WARNING root: No data for MCM3; skipping.
[2026-05-18 20:15:24,872] ERROR root: Missing key in response for format string: 'identifier'
[2026-05-18 20:15:24,873] WARNING root: No data for MCM3AP; skipping.
[2026-05-18 20:15:25,819] ERROR root: Missing key in response for format string: 'identifier'
[2026-05-18 20:15:25,820] WARNING root: No data for MCM4; skipping.
[2026-05-18 20:15:26,765] ERROR root: Missing key in response for format string: 'identifier'
[2026-05-18 20:15:26,767] WARNING root: No data for MCM5; skipping.
[2026-05-18 20:15:27,699] ERROR root: Missing key in response for format string: 'identifier'
[2026-05-18 20:15:27,700] WARNING root: No data for MCM6; skipping.
[2026-05-18 20:15:28,676] ERROR root: Missing key in response for format string: 'identifier'
[2026-05-18 20:15:28,678] WARNING root: No data for MCM7; skipping.
[2026-05-18 20:15:29,434] ERROR root: Missing key in response for format string: 'identifier'
[2026-05-18 20:15:29,435] WARNING root: No data for MCMBP; skipping.
[2026-05-18 20:15:30,194] ERROR root: Missing key in response for format string: 'identifier'
[2026-05-18 20:15:30,195] WARNING root: No data for MCRS1; skipping.
[2026-05-18 20:15:30,956] ERROR root: Missing key in response for format string: 'identifier'
[2026-05-18 20:15:30,957] WARNING root: No data for MDN1; skipping.
[2026-05-18 20:15:31,889] ERROR root: Missing key in response for format string: 'identifier'
[2026-05-18 20:15:31,890] WARNING root: No data for MED1; skipping.
[2026-05-18 20:15:32,645] ERROR root: Missing key in response for format string: 'identifier'
[2026-05-18 20:15:32,646] WARNING root: No data for MED10; skipping.
[2026-05-18 20:15:33,414] ERROR root: Missing key in response for format string: 'identifier'
[2026-05-18 20:15:33,415] WARNING root: No data for MED11; skipping.
[2026-05-18 20:15:34,356] ERROR root: Missing key in response for format string: 'identifier'
[2026-05-18 20:15:34,357] WARNING root: No data for MED12; skipping.
[2026-05-18 20:15:35,135] ERROR root: Missing key in response for format string: 'identifier'
[2026-05-18 20:15:35,137] WARNING root: No data for MED14; skipping.
[2026-05-18 20:15:35,893] ERROR root: Missing key in response for format string: 'identifier'
[2026-05-18 20:15:35,894] WARNING root: No data for MED17; skipping.
[2026-05-18 20:15:36,647] ERROR root: Missing key in response for format string: 'identifier'
[2026-05-18 20:15:36,648] WARNING root: No data for MED18; skipping.
[2026-05-18 20:15:37,416] ERROR root: Missing key in response for format string: 'identifier'
[2026-05-18 20:15:37,417] WARNING root: No data for MED19; skipping.
[2026-05-18 20:15:38,168] ERROR root: Missing key in response for format string: 'identifier'
[2026-05-18 20:15:38,169] WARNING root: No data for MED20; skipping.
[2026-05-18 20:15:38,925] ERROR root: Missing key in response for format string: 'identifier'
[2026-05-18 20:15:38,926] WARNING root: No data for MED21; skipping.
[2026-05-18 20:15:39,674] ERROR root: Missing key in response for format string: 'identifier'
[2026-05-18 20:15:39,676] WARNING root: No data for MED22; skipping.
[2026-05-18 20:15:40,432] ERROR root: Missing key in response for format string: 'identifier'
[2026-05-18 20:15:40,433] WARNING root: No data for MED26; skipping.
[2026-05-18 20:15:41,191] ERROR root: Missing key in response for format string: 'identifier'
[2026-05-18 20:15:41,192] WARNING root: No data for MED27; skipping.
[2026-05-18 20:15:41,949] ERROR root: Missing key in response for format string: 'identifier'
[2026-05-18 20:15:41,950] WARNING root: No data for MED28; skipping.
[2026-05-18 20:15:42,702] ERROR root: Missing key in response for format string: 'identifier'
[2026-05-18 20:15:42,703] WARNING root: No data for MED29; skipping.
[2026-05-18 20:15:43,461] ERROR root: Missing key in response for format string: 'identifier'
[2026-05-18 20:15:43,462] WARNING root: No data for MED30; skipping.
[2026-05-18 20:15:44,215] ERROR root: Missing key in response for format string: 'identifier'
[2026-05-18 20:15:44,216] WARNING root: No data for MED31; skipping.
[2026-05-18 20:15:44,989] ERROR root: Missing key in response for format string: 'identifier'
[2026-05-18 20:15:44,990] WARNING root: No data for MED4; skipping.
[2026-05-18 20:15:45,738] ERROR root: Missing key in response for format string: 'identifier'
[2026-05-18 20:15:45,739] WARNING root: No data for MED6; skipping.
[2026-05-18 20:15:46,486] ERROR root: Missing key in response for format string: 'identifier'
[2026-05-18 20:15:46,488] WARNING root: No data for MED7; skipping.
[2026-05-18 20:15:47,243] ERROR root: Missing key in response for format string: 'identifier'
[2026-05-18 20:15:47,244] WARNING root: No data for MED8; skipping.
[2026-05-18 20:15:47,997] ERROR root: Missing key in response for format string: 'identifier'
[2026-05-18 20:15:47,998] WARNING root: No data for MED9; skipping.
[2026-05-18 20:15:48,752] ERROR root: Missing key in response for format string: 'identifier'
[2026-05-18 20:15:48,753] WARNING root: No data for MEPCE; skipping.
[2026-05-18 20:15:49,512] ERROR root: Missing key in response for format string: 'identifier'
[2026-05-18 20:15:49,513] WARNING root: No data for METAP1; skipping.
[2026-05-18 20:15:50,276] ERROR root: Missing key in response for format string: 'identifier'
[2026-05-18 20:15:50,278] WARNING root: No data for METAP2; skipping.
[2026-05-18 20:15:51,182] ERROR root: Missing key in response for format string: 'identifier'
[2026-05-18 20:15:51,183] WARNING root: No data for METTL1; skipping.
[2026-05-18 20:15:51,947] ERROR root: Missing key in response for format string: 'identifier'
[2026-05-18 20:15:51,948] WARNING root: No data for METTL14; skipping.
[2026-05-18 20:15:52,706] ERROR root: Missing key in response for format string: 'identifier'
[2026-05-18 20:15:52,707] WARNING root: No data for METTL16; skipping.
[2026-05-18 20:15:53,461] ERROR root: Missing key in response for format string: 'identifier'
[2026-05-18 20:15:53,462] WARNING root: No data for METTL17; skipping.
[2026-05-18 20:15:54,393] ERROR root: Missing key in response for format string: 'identifier'
[2026-05-18 20:15:54,394] WARNING root: No data for METTL23; skipping.
[2026-05-18 20:15:55,337] ERROR root: Missing key in response for format string: 'identifier'
[2026-05-18 20:15:55,338] WARNING root: No data for METTL3; skipping.
[2026-05-18 20:15:56,091] ERROR root: Missing key in response for format string: 'identifier'
[2026-05-18 20:15:56,092] WARNING root: No data for MEX3A; skipping.
[2026-05-18 20:15:56,867] ERROR root: Missing key in response for format string: 'identifier'
[2026-05-18 20:15:56,869] WARNING root: No data for MFAP1; skipping.
[2026-05-18 20:15:57,814] ERROR root: Missing key in response for format string: 'identifier'
[2026-05-18 20:15:57,815] WARNING root: No data for MFN2; skipping.
[2026-05-18 20:15:58,578] ERROR root: Missing key in response for format string: 'identifier'
[2026-05-18 20:15:58,579] WARNING root: No data for MICOS10; skipping.
[2026-05-18 20:15:59,337] ERROR root: Missing key in response for format string: 'identifier'
[2026-05-18 20:15:59,338] WARNING root: No data for MIOS; skipping.
[2026-05-18 20:16:00,468] ERROR root: Missing key in response for format string: 'identifier'
[2026-05-18 20:16:00,469] WARNING root: No data for MIPEP; skipping.
[2026-05-18 20:16:01,430] ERROR root: Missing key in response for format string: 'identifier'
[2026-05-18 20:16:01,431] WARNING root: No data for MIS12; skipping.
[2026-05-18 20:16:02,206] ERROR root: Missing key in response for format string: 'identifier'
[2026-05-18 20:16:02,207] WARNING root: No data for MIS18A; skipping.
[2026-05-18 20:16:02,968] ERROR root: Missing key in response for format string: 'identifier'
[2026-05-18 20:16:02,969] WARNING root: No data for MIS18BP1; skipping.
[2026-05-18 20:16:03,731] ERROR root: Missing key in response for format string: 'identifier'
[2026-05-18 20:16:03,732] WARNING root: No data for MKRN1; skipping.
[2026-05-18 20:16:04,486] ERROR root: Missing key in response for format string: 'identifier'
[2026-05-18 20:16:04,488] WARNING root: No data for MLST8; skipping.
[2026-05-18 20:16:05,244] ERROR root: Missing key in response for format string: 'identifier'
[2026-05-18 20:16:05,246] WARNING root: No data for MMGT1; skipping.
[2026-05-18 20:16:06,001] ERROR root: Missing key in response for format string: 'identifier'
[2026-05-18 20:16:06,003] WARNING root: No data for MMS19; skipping.
[2026-05-18 20:16:06,753] ERROR root: Missing key in response for format string: 'identifier'
[2026-05-18 20:16:06,754] WARNING root: No data for MMS22L; skipping.
[2026-05-18 20:16:07,738] ERROR root: Missing key in response for format string: 'identifier'
[2026-05-18 20:16:07,740] WARNING root: No data for MNAT1; skipping.
[2026-05-18 20:16:08,489] ERROR root: Missing key in response for format string: 'identifier'
[2026-05-18 20:16:08,491] WARNING root: No data for MOB4; skipping.
[2026-05-18 20:16:09,245] ERROR root: Missing key in response for format string: 'identifier'
[2026-05-18 20:16:09,246] WARNING root: No data for MOCS3; skipping.
[2026-05-18 20:16:10,204] ERROR root: Missing key in response for format string: 'identifier'
[2026-05-18 20:16:10,206] WARNING root: No data for MOG; skipping.
[2026-05-18 20:16:11,145] ERROR root: Missing key in response for format string: 'identifier'
[2026-05-18 20:16:11,147] WARNING root: No data for MOK; skipping.
[2026-05-18 20:16:11,911] ERROR root: Missing key in response for format string: 'identifier'
[2026-05-18 20:16:11,912] WARNING root: No data for MPHOSPH10; skipping.
[2026-05-18 20:16:12,670] ERROR root: Missing key in response for format string: 'identifier'
[2026-05-18 20:16:12,671] WARNING root: No data for MRGBP; skipping.
[2026-05-18 20:16:13,430] ERROR root: Missing key in response for format string: 'identifier'
[2026-05-18 20:16:13,431] WARNING root: No data for MRPL1; skipping.
[2026-05-18 20:16:14,186] ERROR root: Missing key in response for format string: 'identifier'
[2026-05-18 20:16:14,187] WARNING root: No data for MRPL10; skipping.
[2026-05-18 20:16:14,939] ERROR root: Missing key in response for format string: 'identifier'
[2026-05-18 20:16:14,940] WARNING root: No data for MRPL13; skipping.
[2026-05-18 20:16:15,684] ERROR root: Missing key in response for format string: 'identifier'
[2026-05-18 20:16:15,685] WARNING root: No data for MRPL14; skipping.
[2026-05-18 20:16:16,640] ERROR root: Missing key in response for format string: 'identifier'
[2026-05-18 20:16:16,641] WARNING root: No data for MRPL15; skipping.
[2026-05-18 20:16:17,389] ERROR root: Missing key in response for format string: 'identifier'
[2026-05-18 20:16:17,391] WARNING root: No data for MRPL16; skipping.
[2026-05-18 20:16:18,147] ERROR root: Missing key in response for format string: 'identifier'
[2026-05-18 20:16:18,149] WARNING root: No data for MRPL17; skipping.
[2026-05-18 20:16:18,921] ERROR root: Missing key in response for format string: 'identifier'
[2026-05-18 20:16:18,922] WARNING root: No data for MRPL18; skipping.
[2026-05-18 20:16:19,675] ERROR root: Missing key in response for format string: 'identifier'
[2026-05-18 20:16:19,676] WARNING root: No data for MRPL19; skipping.
[2026-05-18 20:16:20,472] ERROR root: Missing key in response for format string: 'identifier'
[2026-05-18 20:16:20,473] WARNING root: No data for MRPL2; skipping.
[2026-05-18 20:16:21,324] ERROR root: Missing key in response for format string: 'identifier'
[2026-05-18 20:16:21,326] WARNING root: No data for MRPL20; skipping.
[2026-05-18 20:16:22,737] ERROR root: Missing key in response for format string: 'identifier'
[2026-05-18 20:16:22,738] WARNING root: No data for MRPL21; skipping.
[2026-05-18 20:16:23,487] ERROR root: Missing key in response for format string: 'identifier'
[2026-05-18 20:16:23,488] WARNING root: No data for MRPL22; skipping.
[2026-05-18 20:16:24,336] ERROR root: Missing key in response for format string: 'identifier'
[2026-05-18 20:16:24,337] WARNING root: No data for MRPL24; skipping.
[2026-05-18 20:16:25,086] ERROR root: Missing key in response for format string: 'identifier'
[2026-05-18 20:16:25,087] WARNING root: No data for MRPL27; skipping.
[2026-05-18 20:16:26,104] ERROR root: Missing key in response for format string: 'identifier'
[2026-05-18 20:16:26,105] WARNING root: No data for MRPL28; skipping.
[2026-05-18 20:16:26,859] ERROR root: Missing key in response for format string: 'identifier'
[2026-05-18 20:16:26,860] WARNING root: No data for MRPL3; skipping.
[2026-05-18 20:16:27,620] ERROR root: Missing key in response for format string: 'identifier'
[2026-05-18 20:16:27,621] WARNING root: No data for MRPL32; skipping.
[2026-05-18 20:16:28,743] ERROR root: Missing key in response for format string: 'identifier'
[2026-05-18 20:16:28,744] WARNING root: No data for MRPL33; skipping.
[2026-05-18 20:16:32,203] ERROR root: Missing key in response for format string: 'identifier'
[2026-05-18 20:16:32,204] WARNING root: No data for MRPL34; skipping.
[2026-05-18 20:16:32,981] ERROR root: Missing key in response for format string: 'identifier'
[2026-05-18 20:16:32,982] WARNING root: No data for MRPL35; skipping.
[2026-05-18 20:16:33,741] ERROR root: Missing key in response for format string: 'identifier'
[2026-05-18 20:16:33,742] WARNING root: No data for MRPL36; skipping.
[2026-05-18 20:16:34,497] ERROR root: Missing key in response for format string: 'identifier'
[2026-05-18 20:16:34,499] WARNING root: No data for MRPL37; skipping.
[2026-05-18 20:16:35,258] ERROR root: Missing key in response for format string: 'identifier'
[2026-05-18 20:16:35,259] WARNING root: No data for MRPL38; skipping.
[2026-05-18 20:16:36,026] ERROR root: Missing key in response for format string: 'identifier'
[2026-05-18 20:16:36,027] WARNING root: No data for MRPL39; skipping.
[2026-05-18 20:16:36,811] ERROR root: Missing key in response for format string: 'identifier'
[2026-05-18 20:16:36,812] WARNING root: No data for MRPL4; skipping.
[2026-05-18 20:16:37,642] ERROR root: Missing key in response for format string: 'identifier'
[2026-05-18 20:16:37,643] WARNING root: No data for MRPL41; skipping.
[2026-05-18 20:16:38,680] ERROR root: Missing key in response for format string: 'identifier'
[2026-05-18 20:16:38,681] WARNING root: No data for MRPL43; skipping.
[2026-05-18 20:16:39,550] ERROR root: Missing key in response for format string: 'identifier'
[2026-05-18 20:16:39,551] WARNING root: No data for MRPL44; skipping.
[2026-05-18 20:16:40,592] ERROR root: Missing key in response for format string: 'identifier'
[2026-05-18 20:16:40,593] WARNING root: No data for MRPL45; skipping.
[2026-05-18 20:16:41,718] ERROR root: Missing key in response for format string: 'identifier'
[2026-05-18 20:16:41,719] WARNING root: No data for MRPL49; skipping.
[2026-05-18 20:16:43,072] ERROR root: Missing key in response for format string: 'identifier'
[2026-05-18 20:16:43,074] WARNING root: No data for MRPL50; skipping.
[2026-05-18 20:16:44,204] ERROR root: Missing key in response for format string: 'identifier'
[2026-05-18 20:16:44,205] WARNING root: No data for MRPL51; skipping.
[2026-05-18 20:16:44,968] ERROR root: Missing key in response for format string: 'identifier'
[2026-05-18 20:16:44,969] WARNING root: No data for MRPL53; skipping.
[2026-05-18 20:16:45,726] ERROR root: Missing key in response for format string: 'identifier'
[2026-05-18 20:16:45,727] WARNING root: No data for MRPL54; skipping.
[2026-05-18 20:16:46,612] ERROR root: Missing key in response for format string: 'identifier'
[2026-05-18 20:16:46,613] WARNING root: No data for MRPL55; skipping.
[2026-05-18 20:16:49,765] ERROR root: Missing key in response for format string: 'identifier'
[2026-05-18 20:16:49,766] WARNING root: No data for MRPL9; skipping.
[2026-05-18 20:16:50,522] ERROR root: Missing key in response for format string: 'identifier'
[2026-05-18 20:16:50,523] WARNING root: No data for MRPS10; skipping.
[2026-05-18 20:16:51,389] ERROR root: Missing key in response for format string: 'identifier'
[2026-05-18 20:16:51,390] WARNING root: No data for MRPS11; skipping.
[2026-05-18 20:16:52,218] ERROR root: Missing key in response for format string: 'identifier'
[2026-05-18 20:16:52,219] WARNING root: No data for MRPS12; skipping.
[2026-05-18 20:16:52,978] ERROR root: Missing key in response for format string: 'identifier'
[2026-05-18 20:16:52,979] WARNING root: No data for MRPS14; skipping.
[2026-05-18 20:16:53,737] ERROR root: Missing key in response for format string: 'identifier'
[2026-05-18 20:16:53,738] WARNING root: No data for MRPS16; skipping.
[2026-05-18 20:16:54,507] ERROR root: Missing key in response for format string: 'identifier'
[2026-05-18 20:16:54,508] WARNING root: No data for MRPS18A; skipping.
[2026-05-18 20:16:55,268] ERROR root: Missing key in response for format string: 'identifier'
[2026-05-18 20:16:55,269] WARNING root: No data for MRPS18B; skipping.
[2026-05-18 20:16:56,024] ERROR root: Missing key in response for format string: 'identifier'
[2026-05-18 20:16:56,025] WARNING root: No data for MRPS2; skipping.
[2026-05-18 20:16:56,986] ERROR root: Missing key in response for format string: 'identifier'
[2026-05-18 20:16:56,987] WARNING root: No data for MRPS21; skipping.
[2026-05-18 20:16:58,620] ERROR root: Missing key in response for format string: 'identifier'
[2026-05-18 20:16:58,621] WARNING root: No data for MRPS22; skipping.
[2026-05-18 20:16:59,373] ERROR root: Missing key in response for format string: 'identifier'
[2026-05-18 20:16:59,374] WARNING root: No data for MRPS23; skipping.
[2026-05-18 20:17:00,131] ERROR root: Missing key in response for format string: 'identifier'
[2026-05-18 20:17:00,132] WARNING root: No data for MRPS24; skipping.
[2026-05-18 20:17:00,884] ERROR root: Missing key in response for format string: 'identifier'
[2026-05-18 20:17:00,885] WARNING root: No data for MRPS25; skipping.
[2026-05-18 20:17:01,639] ERROR root: Missing key in response for format string: 'identifier'
[2026-05-18 20:17:01,640] WARNING root: No data for MRPS26; skipping.
[2026-05-18 20:17:02,404] ERROR root: Missing key in response for format string: 'identifier'
[2026-05-18 20:17:02,405] WARNING root: No data for MRPS27; skipping.
[2026-05-18 20:17:03,167] ERROR root: Missing key in response for format string: 'identifier'
[2026-05-18 20:17:03,168] WARNING root: No data for MRPS28; skipping.
[2026-05-18 20:17:03,919] ERROR root: Missing key in response for format string: 'identifier'
[2026-05-18 20:17:03,921] WARNING root: No data for MRPS31; skipping.
[2026-05-18 20:17:04,679] ERROR root: Missing key in response for format string: 'identifier'
[2026-05-18 20:17:04,680] WARNING root: No data for MRPS34; skipping.
[2026-05-18 20:17:05,452] ERROR root: Missing key in response for format string: 'identifier'
[2026-05-18 20:17:05,453] WARNING root: No data for MRPS35; skipping.
[2026-05-18 20:17:06,210] ERROR root: Missing key in response for format string: 'identifier'
[2026-05-18 20:17:06,211] WARNING root: No data for MRPS5; skipping.
[2026-05-18 20:17:06,975] ERROR root: Missing key in response for format string: 'identifier'
[2026-05-18 20:17:06,976] WARNING root: No data for MRPS6; skipping.
[2026-05-18 20:17:07,803] ERROR root: Missing key in response for format string: 'identifier'
[2026-05-18 20:17:07,804] WARNING root: No data for MRPS7; skipping.
[2026-05-18 20:17:08,583] ERROR root: Missing key in response for format string: 'identifier'
[2026-05-18 20:17:08,585] WARNING root: No data for MRPS9; skipping.
[2026-05-18 20:17:09,453] ERROR root: Missing key in response for format string: 'identifier'
[2026-05-18 20:17:09,454] WARNING root: No data for MRTO4; skipping.
[2026-05-18 20:17:10,203] ERROR root: Missing key in response for format string: 'identifier'
[2026-05-18 20:17:10,204] WARNING root: No data for MSRB1; skipping.
[2026-05-18 20:17:11,354] ERROR root: Missing key in response for format string: 'identifier'
[2026-05-18 20:17:11,356] WARNING root: No data for MST1; skipping.
[2026-05-18 20:17:12,150] ERROR root: Missing key in response for format string: 'identifier'
[2026-05-18 20:17:12,151] WARNING root: No data for MSTO1; skipping.
[2026-05-18 20:17:12,911] ERROR root: Missing key in response for format string: 'identifier'
[2026-05-18 20:17:12,912] WARNING root: No data for MT2A; skipping.
[2026-05-18 20:17:16,609] ERROR root: Missing key in response for format string: 'identifier'
[2026-05-18 20:17:16,610] WARNING root: No data for MTBP; skipping.
[2026-05-18 20:17:17,411] ERROR root: Missing key in response for format string: 'identifier'
[2026-05-18 20:17:17,412] WARNING root: No data for MTG2; skipping.
[2026-05-18 20:17:18,983] ERROR root: Missing key in response for format string: 'identifier'
[2026-05-18 20:17:18,984] WARNING root: No data for MTOR; skipping.
[2026-05-18 20:17:19,759] ERROR root: Missing key in response for format string: 'identifier'
[2026-05-18 20:17:19,761] WARNING root: No data for MTPAP; skipping.
[2026-05-18 20:17:20,514] ERROR root: Missing key in response for format string: 'identifier'
[2026-05-18 20:17:20,515] WARNING root: No data for MTRNR2L1; skipping.
[2026-05-18 20:17:21,278] ERROR root: Missing key in response for format string: 'identifier'
[2026-05-18 20:17:21,280] WARNING root: No data for MVD; skipping.
[2026-05-18 20:17:22,364] ERROR root: Missing key in response for format string: 'identifier'
[2026-05-18 20:17:22,365] WARNING root: No data for MVK; skipping.
[2026-05-18 20:17:23,115] ERROR root: Missing key in response for format string: 'identifier'
[2026-05-18 20:17:23,116] WARNING root: No data for MYBBP1A; skipping.
[2026-05-18 20:17:23,866] ERROR root: Missing key in response for format string: 'identifier'
[2026-05-18 20:17:23,867] WARNING root: No data for MYBL2; skipping.
[2026-05-18 20:17:25,472] ERROR root: Missing key in response for format string: 'identifier'
[2026-05-18 20:17:25,473] WARNING root: No data for MYC; skipping.
[2026-05-18 20:17:26,293] ERROR root: Missing key in response for format string: 'identifier'
[2026-05-18 20:17:26,295] WARNING root: No data for MYCBP; skipping.
[2026-05-18 20:17:27,050] ERROR root: Missing key in response for format string: 'identifier'
[2026-05-18 20:17:27,051] WARNING root: No data for MYO1H; skipping.
[2026-05-18 20:17:27,808] ERROR root: Missing key in response for format string: 'identifier'
[2026-05-18 20:17:27,810] WARNING root: No data for MZF1; skipping.
[2026-05-18 20:17:28,554] ERROR root: Missing key in response for format string: 'identifier'
[2026-05-18 20:17:28,555] WARNING root: No data for MZT1; skipping.
[2026-05-18 20:17:29,463] ERROR root: Missing key in response for format string: 'identifier'
[2026-05-18 20:17:29,465] WARNING root: No data for N6AMT1; skipping.
[2026-05-18 20:17:30,237] ERROR root: Missing key in response for format string: 'identifier'
[2026-05-18 20:17:30,238] WARNING root: No data for NAA10; skipping.
[2026-05-18 20:17:31,073] ERROR root: Missing key in response for format string: 'identifier'
[2026-05-18 20:17:31,074] WARNING root: No data for NAA15; skipping.
[2026-05-18 20:17:31,835] ERROR root: Missing key in response for format string: 'identifier'
[2026-05-18 20:17:31,837] WARNING root: No data for NAA20; skipping.
[2026-05-18 20:17:32,586] ERROR root: Missing key in response for format string: 'identifier'
[2026-05-18 20:17:32,587] WARNING root: No data for NAA25; skipping.
[2026-05-18 20:17:33,427] ERROR root: Missing key in response for format string: 'identifier'
[2026-05-18 20:17:33,428] WARNING root: No data for NAA35; skipping.
[2026-05-18 20:17:34,176] ERROR root: Missing key in response for format string: 'identifier'
[2026-05-18 20:17:34,178] WARNING root: No data for NAA38; skipping.
[2026-05-18 20:17:34,935] ERROR root: Missing key in response for format string: 'identifier'
[2026-05-18 20:17:34,936] WARNING root: No data for NAA50; skipping.
[2026-05-18 20:17:35,708] ERROR root: Missing key in response for format string: 'identifier'
[2026-05-18 20:17:35,709] WARNING root: No data for NACA; skipping.
[2026-05-18 20:17:36,512] ERROR root: Missing key in response for format string: 'identifier'
[2026-05-18 20:17:36,513] WARNING root: No data for NAE1; skipping.
[2026-05-18 20:17:37,458] ERROR root: Missing key in response for format string: 'identifier'
[2026-05-18 20:17:37,459] WARNING root: No data for NAF1; skipping.
[2026-05-18 20:17:38,216] ERROR root: Missing key in response for format string: 'identifier'
[2026-05-18 20:17:38,217] WARNING root: No data for NAGLU; skipping.
[2026-05-18 20:17:39,183] ERROR root: Missing key in response for format string: 'identifier'
[2026-05-18 20:17:39,184] WARNING root: No data for NANOG; skipping.
[2026-05-18 20:17:40,124] ERROR root: Missing key in response for format string: 'identifier'
[2026-05-18 20:17:40,125] WARNING root: No data for NAPA; skipping.
[2026-05-18 20:17:40,885] ERROR root: Missing key in response for format string: 'identifier'
[2026-05-18 20:17:40,886] WARNING root: No data for NAPG; skipping.
[2026-05-18 20:17:41,702] ERROR root: Missing key in response for format string: 'identifier'
[2026-05-18 20:17:41,703] WARNING root: No data for NARS; skipping.
[2026-05-18 20:17:42,581] ERROR root: Missing key in response for format string: 'identifier'
[2026-05-18 20:17:42,583] WARNING root: No data for NASP; skipping.
[2026-05-18 20:17:43,376] ERROR root: Missing key in response for format string: 'identifier'
[2026-05-18 20:17:43,377] WARNING root: No data for NAT10; skipping.
[2026-05-18 20:17:44,191] ERROR root: Missing key in response for format string: 'identifier'
[2026-05-18 20:17:44,195] WARNING root: No data for NBAS; skipping.
[2026-05-18 20:17:44,955] ERROR root: Missing key in response for format string: 'identifier'
[2026-05-18 20:17:44,956] WARNING root: No data for NBEAL1; skipping.
[2026-05-18 20:17:45,814] ERROR root: Missing key in response for format string: 'identifier'
[2026-05-18 20:17:45,815] WARNING root: No data for NBPF12; skipping.
[2026-05-18 20:17:46,586] ERROR root: Missing key in response for format string: 'identifier'
[2026-05-18 20:17:46,588] WARNING root: No data for NBPF15; skipping.
[2026-05-18 20:17:47,345] ERROR root: Missing key in response for format string: 'identifier'
[2026-05-18 20:17:47,346] WARNING root: No data for NBPF3; skipping.
[2026-05-18 20:17:48,095] ERROR root: Missing key in response for format string: 'identifier'
[2026-05-18 20:17:48,097] WARNING root: No data for NCAPD2; skipping.
[2026-05-18 20:17:48,847] ERROR root: Missing key in response for format string: 'identifier'
[2026-05-18 20:17:48,849] WARNING root: No data for NCAPD3; skipping.
[2026-05-18 20:17:49,610] ERROR root: Missing key in response for format string: 'identifier'
[2026-05-18 20:17:49,612] WARNING root: No data for NCAPG; skipping.
[2026-05-18 20:17:50,470] ERROR root: Missing key in response for format string: 'identifier'
[2026-05-18 20:17:50,471] WARNING root: No data for NCAPG2; skipping.
[2026-05-18 20:17:51,224] ERROR root: Missing key in response for format string: 'identifier'
[2026-05-18 20:17:51,225] WARNING root: No data for NCAPH; skipping.
[2026-05-18 20:17:51,975] ERROR root: Missing key in response for format string: 'identifier'
[2026-05-18 20:17:51,976] WARNING root: No data for NCAPH2; skipping.
[2026-05-18 20:17:52,928] ERROR root: Missing key in response for format string: 'identifier'
[2026-05-18 20:17:52,929] WARNING root: No data for NCBP1; skipping.
[2026-05-18 20:17:53,875] ERROR root: Missing key in response for format string: 'identifier'
[2026-05-18 20:17:53,876] WARNING root: No data for NCBP2; skipping.
[2026-05-18 20:17:54,649] ERROR root: Missing key in response for format string: 'identifier'
[2026-05-18 20:17:54,650] WARNING root: No data for NCKAP1; skipping.
[2026-05-18 20:17:55,826] ERROR root: Missing key in response for format string: 'identifier'
[2026-05-18 20:17:55,828] WARNING root: No data for NCL; skipping.
[2026-05-18 20:17:56,585] ERROR root: Missing key in response for format string: 'identifier'
[2026-05-18 20:17:56,586] WARNING root: No data for NCOA4; skipping.
[2026-05-18 20:17:57,365] ERROR root: Missing key in response for format string: 'identifier'
[2026-05-18 20:17:57,366] WARNING root: No data for NDC1; skipping.
[2026-05-18 20:17:58,334] ERROR root: Missing key in response for format string: 'identifier'
[2026-05-18 20:17:58,335] WARNING root: No data for NDC80; skipping.
[2026-05-18 20:17:59,093] ERROR root: Missing key in response for format string: 'identifier'
[2026-05-18 20:17:59,094] WARNING root: No data for NDOR1; skipping.
[2026-05-18 20:17:59,849] ERROR root: Missing key in response for format string: 'identifier'
[2026-05-18 20:17:59,850] WARNING root: No data for NDUFA11; skipping.
[2026-05-18 20:18:00,613] ERROR root: Missing key in response for format string: 'identifier'
[2026-05-18 20:18:00,614] WARNING root: No data for NDUFA2; skipping.
[2026-05-18 20:18:01,387] ERROR root: Missing key in response for format string: 'identifier'
[2026-05-18 20:18:01,388] WARNING root: No data for NDUFA4; skipping.
[2026-05-18 20:18:02,147] ERROR root: Missing key in response for format string: 'identifier'
[2026-05-18 20:18:02,148] WARNING root: No data for NDUFA6; skipping.
[2026-05-18 20:18:02,904] ERROR root: Missing key in response for format string: 'identifier'
[2026-05-18 20:18:02,905] WARNING root: No data for NDUFA8; skipping.
[2026-05-18 20:18:03,660] ERROR root: Missing key in response for format string: 'identifier'
[2026-05-18 20:18:03,661] WARNING root: No data for NDUFAB1; skipping.
[2026-05-18 20:18:04,412] ERROR root: Missing key in response for format string: 'identifier'
[2026-05-18 20:18:04,413] WARNING root: No data for NDUFAF3; skipping.
[2026-05-18 20:18:05,177] ERROR root: Missing key in response for format string: 'identifier'
[2026-05-18 20:18:05,178] WARNING root: No data for NDUFAF7; skipping.
[2026-05-18 20:18:05,996] ERROR root: Missing key in response for format string: 'identifier'
[2026-05-18 20:18:06,120] WARNING root: No data for NDUFB10; skipping.
[2026-05-18 20:18:06,863] ERROR root: Missing key in response for format string: 'identifier'
[2026-05-18 20:18:06,865] WARNING root: No data for NDUFB3; skipping.
[2026-05-18 20:18:07,620] ERROR root: Missing key in response for format string: 'identifier'
[2026-05-18 20:18:07,621] WARNING root: No data for NDUFB4; skipping.
[2026-05-18 20:18:08,374] ERROR root: Missing key in response for format string: 'identifier'
[2026-05-18 20:18:08,375] WARNING root: No data for NDUFB6; skipping.
[2026-05-18 20:18:09,181] ERROR root: Missing key in response for format string: 'identifier'
[2026-05-18 20:18:09,182] WARNING root: No data for NDUFB7; skipping.
[2026-05-18 20:18:10,054] ERROR root: Missing key in response for format string: 'identifier'
[2026-05-18 20:18:10,056] WARNING root: No data for NDUFB8; skipping.
[2026-05-18 20:18:10,812] ERROR root: Missing key in response for format string: 'identifier'
[2026-05-18 20:18:10,813] WARNING root: No data for NDUFS3; skipping.
[2026-05-18 20:18:11,573] ERROR root: Missing key in response for format string: 'identifier'
[2026-05-18 20:18:11,574] WARNING root: No data for NDUFS5; skipping.
[2026-05-18 20:18:12,325] ERROR root: Missing key in response for format string: 'identifier'
[2026-05-18 20:18:12,326] WARNING root: No data for NEDD1; skipping.
[2026-05-18 20:18:13,486] ERROR root: Missing key in response for format string: 'identifier'
[2026-05-18 20:18:13,488] WARNING root: No data for NEDD8; skipping.
[2026-05-18 20:18:14,245] ERROR root: Missing key in response for format string: 'identifier'
[2026-05-18 20:18:14,247] WARNING root: No data for NELFA; skipping.
[2026-05-18 20:18:14,997] ERROR root: Missing key in response for format string: 'identifier'
[2026-05-18 20:18:14,998] WARNING root: No data for NELFB; skipping.
[2026-05-18 20:18:15,779] ERROR root: Missing key in response for format string: 'identifier'
[2026-05-18 20:18:15,780] WARNING root: No data for NELFCD; skipping.
[2026-05-18 20:18:16,723] ERROR root: Missing key in response for format string: 'identifier'
[2026-05-18 20:18:16,724] WARNING root: No data for NELFE; skipping.
[2026-05-18 20:18:17,488] ERROR root: Missing key in response for format string: 'identifier'
[2026-05-18 20:18:17,489] WARNING root: No data for NEMF; skipping.
[2026-05-18 20:18:18,243] ERROR root: Missing key in response for format string: 'identifier'
[2026-05-18 20:18:18,244] WARNING root: No data for NEPRO; skipping.
[2026-05-18 20:18:18,998] ERROR root: Missing key in response for format string: 'identifier'
[2026-05-18 20:18:18,999] WARNING root: No data for NFATC2IP; skipping.
[2026-05-18 20:18:19,754] ERROR root: Missing key in response for format string: 'identifier'
[2026-05-18 20:18:19,755] WARNING root: No data for NFKBIE; skipping.
[2026-05-18 20:18:20,512] ERROR root: Missing key in response for format string: 'identifier'
[2026-05-18 20:18:20,514] WARNING root: No data for NFRKB; skipping.
[2026-05-18 20:18:21,276] ERROR root: Missing key in response for format string: 'identifier'
[2026-05-18 20:18:21,277] WARNING root: No data for NFS1; skipping.
[2026-05-18 20:18:22,154] ERROR root: Missing key in response for format string: 'identifier'
[2026-05-18 20:18:22,155] WARNING root: No data for NFYB; skipping.
[2026-05-18 20:18:22,925] ERROR root: Missing key in response for format string: 'identifier'
[2026-05-18 20:18:22,927] WARNING root: No data for NFYC; skipping.
[2026-05-18 20:18:23,681] ERROR root: Missing key in response for format string: 'identifier'
[2026-05-18 20:18:23,682] WARNING root: No data for NHLRC2; skipping.
[2026-05-18 20:18:24,445] ERROR root: Missing key in response for format string: 'identifier'
[2026-05-18 20:18:24,446] WARNING root: No data for NHP2; skipping.
[2026-05-18 20:18:25,205] ERROR root: Missing key in response for format string: 'identifier'
[2026-05-18 20:18:25,206] WARNING root: No data for NIFK; skipping.
[2026-05-18 20:18:26,543] ERROR root: Missing key in response for format string: 'identifier'
[2026-05-18 20:18:26,545] WARNING root: No data for NIP7; skipping.
[2026-05-18 20:18:27,302] ERROR root: Missing key in response for format string: 'identifier'
[2026-05-18 20:18:27,303] WARNING root: No data for NISCH; skipping.
[2026-05-18 20:18:28,062] ERROR root: Missing key in response for format string: 'identifier'
[2026-05-18 20:18:28,063] WARNING root: No data for NKAP; skipping.
[2026-05-18 20:18:28,818] ERROR root: Missing key in response for format string: 'identifier'
[2026-05-18 20:18:28,819] WARNING root: No data for NLE1; skipping.
[2026-05-18 20:18:29,583] ERROR root: Missing key in response for format string: 'identifier'
[2026-05-18 20:18:29,584] WARNING root: No data for NMD3; skipping.
[2026-05-18 20:18:30,356] ERROR root: Missing key in response for format string: 'identifier'
[2026-05-18 20:18:30,357] WARNING root: No data for NMT1; skipping.
[2026-05-18 20:18:31,265] ERROR root: Missing key in response for format string: 'identifier'
[2026-05-18 20:18:31,266] WARNING root: No data for NOB1; skipping.
[2026-05-18 20:18:32,027] ERROR root: Missing key in response for format string: 'identifier'
[2026-05-18 20:18:32,029] WARNING root: No data for NOC2L; skipping.
[2026-05-18 20:18:32,781] ERROR root: Missing key in response for format string: 'identifier'
[2026-05-18 20:18:32,782] WARNING root: No data for NOC3L; skipping.
[2026-05-18 20:18:33,533] ERROR root: Missing key in response for format string: 'identifier'
[2026-05-18 20:18:33,534] WARNING root: No data for NOC4L; skipping.
[2026-05-18 20:18:34,504] ERROR root: Missing key in response for format string: 'identifier'
[2026-05-18 20:18:34,505] WARNING root: No data for NOL10; skipping.
[2026-05-18 20:18:35,268] ERROR root: Missing key in response for format string: 'identifier'
[2026-05-18 20:18:35,269] WARNING root: No data for NOL11; skipping.
[2026-05-18 20:18:36,051] ERROR root: Missing key in response for format string: 'identifier'
[2026-05-18 20:18:36,052] WARNING root: No data for NOL12; skipping.
[2026-05-18 20:18:36,807] ERROR root: Missing key in response for format string: 'identifier'
[2026-05-18 20:18:36,808] WARNING root: No data for NOL6; skipping.
[2026-05-18 20:18:37,549] ERROR root: Missing key in response for format string: 'identifier'
[2026-05-18 20:18:37,550] WARNING root: No data for NOL7; skipping.
[2026-05-18 20:18:38,304] ERROR root: Missing key in response for format string: 'identifier'
[2026-05-18 20:18:38,306] WARNING root: No data for NOL8; skipping.
[2026-05-18 20:18:39,062] ERROR root: Missing key in response for format string: 'identifier'
[2026-05-18 20:18:39,063] WARNING root: No data for NOL9; skipping.
[2026-05-18 20:18:39,820] ERROR root: Missing key in response for format string: 'identifier'
[2026-05-18 20:18:39,821] WARNING root: No data for NOLC1; skipping.
[2026-05-18 20:18:40,573] ERROR root: Missing key in response for format string: 'identifier'
[2026-05-18 20:18:40,574] WARNING root: No data for NOM1; skipping.
[2026-05-18 20:18:41,351] ERROR root: Missing key in response for format string: 'identifier'
[2026-05-18 20:18:41,352] WARNING root: No data for NOMO3; skipping.
[2026-05-18 20:18:42,110] ERROR root: Missing key in response for format string: 'identifier'
[2026-05-18 20:18:42,111] WARNING root: No data for NOP10; skipping.
[2026-05-18 20:18:42,874] ERROR root: Missing key in response for format string: 'identifier'
[2026-05-18 20:18:42,875] WARNING root: No data for NOP14; skipping.
[2026-05-18 20:18:43,630] ERROR root: Missing key in response for format string: 'identifier'
[2026-05-18 20:18:43,631] WARNING root: No data for NOP16; skipping.
[2026-05-18 20:18:44,593] ERROR root: Missing key in response for format string: 'identifier'
[2026-05-18 20:18:44,595] WARNING root: No data for NOP2; skipping.
[2026-05-18 20:18:45,352] ERROR root: Missing key in response for format string: 'identifier'
[2026-05-18 20:18:45,353] WARNING root: No data for NOP56; skipping.
[2026-05-18 20:18:46,109] ERROR root: Missing key in response for format string: 'identifier'
[2026-05-18 20:18:46,110] WARNING root: No data for NOP58; skipping.
[2026-05-18 20:18:46,875] ERROR root: Missing key in response for format string: 'identifier'
[2026-05-18 20:18:46,876] WARNING root: No data for NOP9; skipping.
[2026-05-18 20:18:47,624] ERROR root: Missing key in response for format string: 'identifier'
[2026-05-18 20:18:47,625] WARNING root: No data for NOS1AP; skipping.
[2026-05-18 20:18:48,565] ERROR root: Missing key in response for format string: 'identifier'
[2026-05-18 20:18:48,566] WARNING root: No data for NPAT; skipping.
[2026-05-18 20:18:49,513] ERROR root: Missing key in response for format string: 'identifier'
[2026-05-18 20:18:49,514] WARNING root: No data for NPB; skipping.
[2026-05-18 20:18:50,267] ERROR root: Missing key in response for format string: 'identifier'
[2026-05-18 20:18:50,268] WARNING root: No data for NPEPPS; skipping.
[2026-05-18 20:18:51,019] ERROR root: Missing key in response for format string: 'identifier'
[2026-05-18 20:18:51,020] WARNING root: No data for NPLOC4; skipping.
[2026-05-18 20:18:52,376] ERROR root: Missing key in response for format string: 'identifier'
[2026-05-18 20:18:52,378] WARNING root: No data for NPM1; skipping.
[2026-05-18 20:18:53,521] ERROR root: Missing key in response for format string: 'identifier'
[2026-05-18 20:18:53,522] WARNING root: No data for NPM3; skipping.
[2026-05-18 20:18:54,271] ERROR root: Missing key in response for format string: 'identifier'
[2026-05-18 20:18:54,272] WARNING root: No data for NR2C2AP; skipping.
[2026-05-18 20:18:55,141] ERROR root: Missing key in response for format string: 'identifier'
[2026-05-18 20:18:55,142] WARNING root: No data for NRBP1; skipping.
[2026-05-18 20:18:55,891] ERROR root: Missing key in response for format string: 'identifier'
[2026-05-18 20:18:55,892] WARNING root: No data for NRDE2; skipping.
[2026-05-18 20:18:56,847] ERROR root: Missing key in response for format string: 'identifier'
[2026-05-18 20:18:56,848] WARNING root: No data for NRF1; skipping.
[2026-05-18 20:18:57,608] ERROR root: Missing key in response for format string: 'identifier'
[2026-05-18 20:18:57,610] WARNING root: No data for NSA2; skipping.
[2026-05-18 20:18:58,754] ERROR root: Missing key in response for format string: 'identifier'
[2026-05-18 20:18:58,755] WARNING root: No data for NSF; skipping.
[2026-05-18 20:18:59,905] ERROR root: Missing key in response for format string: 'identifier'
[2026-05-18 20:18:59,906] WARNING root: No data for NSL1; skipping.
[2026-05-18 20:19:00,660] ERROR root: Missing key in response for format string: 'identifier'
[2026-05-18 20:19:00,662] WARNING root: No data for NSMCE1; skipping.
[2026-05-18 20:19:01,602] ERROR root: Missing key in response for format string: 'identifier'
[2026-05-18 20:19:01,603] WARNING root: No data for NSMCE2; skipping.
[2026-05-18 20:19:02,359] ERROR root: Missing key in response for format string: 'identifier'
[2026-05-18 20:19:02,360] WARNING root: No data for NSRP1; skipping.
[2026-05-18 20:19:03,121] ERROR root: Missing key in response for format string: 'identifier'
[2026-05-18 20:19:03,122] WARNING root: No data for NSUN4; skipping.
[2026-05-18 20:19:03,894] ERROR root: Missing key in response for format string: 'identifier'
[2026-05-18 20:19:03,895] WARNING root: No data for NUBP1; skipping.
[2026-05-18 20:19:04,639] ERROR root: Missing key in response for format string: 'identifier'
[2026-05-18 20:19:04,640] WARNING root: No data for NUBP2; skipping.
[2026-05-18 20:19:05,605] ERROR root: Missing key in response for format string: 'identifier'
[2026-05-18 20:19:05,606] WARNING root: No data for NUDC; skipping.
[2026-05-18 20:19:06,363] ERROR root: Missing key in response for format string: 'identifier'
[2026-05-18 20:19:06,364] WARNING root: No data for NUDCD3; skipping.
[2026-05-18 20:19:07,113] ERROR root: Missing key in response for format string: 'identifier'
[2026-05-18 20:19:07,114] WARNING root: No data for NUDT21; skipping.
[2026-05-18 20:19:07,888] ERROR root: Missing key in response for format string: 'identifier'
[2026-05-18 20:19:07,889] WARNING root: No data for NUF2; skipping.
[2026-05-18 20:19:08,702] ERROR root: Missing key in response for format string: 'identifier'
[2026-05-18 20:19:08,703] WARNING root: No data for NUFIP1; skipping.
[2026-05-18 20:19:09,649] ERROR root: Missing key in response for format string: 'identifier'
[2026-05-18 20:19:09,650] WARNING root: No data for NUMA1; skipping.
[2026-05-18 20:19:10,591] ERROR root: Missing key in response for format string: 'identifier'
[2026-05-18 20:19:10,593] WARNING root: No data for NUP107; skipping.
[2026-05-18 20:19:11,349] ERROR root: Missing key in response for format string: 'identifier'
[2026-05-18 20:19:11,350] WARNING root: No data for NUP133; skipping.
[2026-05-18 20:19:12,112] ERROR root: Missing key in response for format string: 'identifier'
[2026-05-18 20:19:12,113] WARNING root: No data for NUP153; skipping.
[2026-05-18 20:19:12,870] ERROR root: Missing key in response for format string: 'identifier'
[2026-05-18 20:19:12,871] WARNING root: No data for NUP155; skipping.
[2026-05-18 20:19:13,628] ERROR root: Missing key in response for format string: 'identifier'
[2026-05-18 20:19:13,629] WARNING root: No data for NUP160; skipping.
[2026-05-18 20:19:14,380] ERROR root: Missing key in response for format string: 'identifier'
[2026-05-18 20:19:14,382] WARNING root: No data for NUP205; skipping.
[2026-05-18 20:19:15,322] ERROR root: Missing key in response for format string: 'identifier'
[2026-05-18 20:19:15,324] WARNING root: No data for NUP214; skipping.
[2026-05-18 20:19:16,077] ERROR root: Missing key in response for format string: 'identifier'
[2026-05-18 20:19:16,079] WARNING root: No data for NUP35; skipping.
[2026-05-18 20:19:16,832] ERROR root: Missing key in response for format string: 'identifier'
[2026-05-18 20:19:16,833] WARNING root: No data for NUP43; skipping.
[2026-05-18 20:19:17,975] ERROR root: Missing key in response for format string: 'identifier'
[2026-05-18 20:19:17,977] WARNING root: No data for NUP54; skipping.
[2026-05-18 20:19:18,913] ERROR root: Missing key in response for format string: 'identifier'
[2026-05-18 20:19:18,915] WARNING root: No data for NUP62; skipping.
[2026-05-18 20:19:19,665] ERROR root: Missing key in response for format string: 'identifier'
[2026-05-18 20:19:19,666] WARNING root: No data for NUP85; skipping.
[2026-05-18 20:19:20,422] ERROR root: Missing key in response for format string: 'identifier'
[2026-05-18 20:19:20,423] WARNING root: No data for NUP88; skipping.
[2026-05-18 20:19:21,182] ERROR root: Missing key in response for format string: 'identifier'
[2026-05-18 20:19:21,183] WARNING root: No data for NUP93; skipping.
[2026-05-18 20:19:22,147] ERROR root: Missing key in response for format string: 'identifier'
[2026-05-18 20:19:22,148] WARNING root: No data for NUP98; skipping.
[2026-05-18 20:19:22,905] ERROR root: Missing key in response for format string: 'identifier'
[2026-05-18 20:19:22,906] WARNING root: No data for NUS1; skipping.
[2026-05-18 20:19:23,655] ERROR root: Missing key in response for format string: 'identifier'
[2026-05-18 20:19:23,656] WARNING root: No data for NUTF2; skipping.
[2026-05-18 20:19:24,440] ERROR root: Missing key in response for format string: 'identifier'
[2026-05-18 20:19:24,441] WARNING root: No data for NVL; skipping.
[2026-05-18 20:19:25,194] ERROR root: Missing key in response for format string: 'identifier'
[2026-05-18 20:19:25,195] WARNING root: No data for NXF1; skipping.
[2026-05-18 20:19:25,958] ERROR root: Missing key in response for format string: 'identifier'
[2026-05-18 20:19:25,960] WARNING root: No data for OGFOD1; skipping.
[2026-05-18 20:19:27,043] ERROR root: Missing key in response for format string: 'identifier'
[2026-05-18 20:19:27,045] WARNING root: No data for OGT; skipping.
[2026-05-18 20:19:27,810] ERROR root: Missing key in response for format string: 'identifier'
[2026-05-18 20:19:27,811] WARNING root: No data for OIP5; skipping.
[2026-05-18 20:19:28,565] ERROR root: Missing key in response for format string: 'identifier'
[2026-05-18 20:19:28,567] WARNING root: No data for OLFML3; skipping.
[2026-05-18 20:19:29,824] ERROR root: Missing key in response for format string: 'identifier'
[2026-05-18 20:19:29,825] WARNING root: No data for OPA1; skipping.
[2026-05-18 20:19:30,588] ERROR root: Missing key in response for format string: 'identifier'
[2026-05-18 20:19:30,589] WARNING root: No data for OR1D2; skipping.
[2026-05-18 20:19:31,351] ERROR root: Missing key in response for format string: 'identifier'
[2026-05-18 20:19:31,352] WARNING root: No data for OR1E2; skipping.
[2026-05-18 20:19:32,097] ERROR root: Missing key in response for format string: 'identifier'
[2026-05-18 20:19:32,098] WARNING root: No data for OR2A1; skipping.
[2026-05-18 20:19:32,852] ERROR root: Missing key in response for format string: 'identifier'
[2026-05-18 20:19:32,853] WARNING root: No data for OR2T29; skipping.
[2026-05-18 20:19:33,606] ERROR root: Missing key in response for format string: 'identifier'
[2026-05-18 20:19:33,607] WARNING root: No data for OR2T5; skipping.
[2026-05-18 20:19:34,358] ERROR root: Missing key in response for format string: 'identifier'
[2026-05-18 20:19:34,359] WARNING root: No data for OR4F4; skipping.
[2026-05-18 20:19:35,113] ERROR root: Missing key in response for format string: 'identifier'
[2026-05-18 20:19:35,114] WARNING root: No data for OR4K1; skipping.
[2026-05-18 20:19:35,868] ERROR root: Missing key in response for format string: 'identifier'
[2026-05-18 20:19:35,869] WARNING root: No data for OR4N2; skipping.
[2026-05-18 20:19:36,621] ERROR root: Missing key in response for format string: 'identifier'
[2026-05-18 20:19:36,622] WARNING root: No data for OR7A10; skipping.
[2026-05-18 20:19:37,375] ERROR root: Missing key in response for format string: 'identifier'
[2026-05-18 20:19:37,377] WARNING root: No data for OR7A17; skipping.
[2026-05-18 20:19:38,562] ERROR root: Missing key in response for format string: 'identifier'
[2026-05-18 20:19:38,563] WARNING root: No data for ORC1; skipping.
[2026-05-18 20:19:39,383] ERROR root: Missing key in response for format string: 'identifier'
[2026-05-18 20:19:39,385] WARNING root: No data for ORC3; skipping.
[2026-05-18 20:19:40,134] ERROR root: Missing key in response for format string: 'identifier'
[2026-05-18 20:19:40,135] WARNING root: No data for ORC4; skipping.
[2026-05-18 20:19:40,887] ERROR root: Missing key in response for format string: 'identifier'
[2026-05-18 20:19:40,888] WARNING root: No data for ORC5; skipping.
[2026-05-18 20:19:42,005] ERROR root: Missing key in response for format string: 'identifier'
[2026-05-18 20:19:42,006] WARNING root: No data for ORC6; skipping.
[2026-05-18 20:19:43,179] ERROR root: Missing key in response for format string: 'identifier'
[2026-05-18 20:19:43,181] WARNING root: No data for OSBP; skipping.
[2026-05-18 20:19:44,022] ERROR root: Missing key in response for format string: 'identifier'
[2026-05-18 20:19:44,023] WARNING root: No data for OSGEP; skipping.
[2026-05-18 20:19:44,782] ERROR root: Missing key in response for format string: 'identifier'
[2026-05-18 20:19:44,784] WARNING root: No data for OSTC; skipping.
[2026-05-18 20:19:45,542] ERROR root: Missing key in response for format string: 'identifier'
[2026-05-18 20:19:45,543] WARNING root: No data for OTOP1; skipping.
[2026-05-18 20:19:46,357] ERROR root: Missing key in response for format string: 'identifier'
[2026-05-18 20:19:46,358] WARNING root: No data for OTX1; skipping.
[2026-05-18 20:19:47,108] ERROR root: Missing key in response for format string: 'identifier'
[2026-05-18 20:19:47,110] WARNING root: No data for OVCA2; skipping.
[2026-05-18 20:19:47,857] ERROR root: Missing key in response for format string: 'identifier'
[2026-05-18 20:19:47,858] WARNING root: No data for OXA1L; skipping.
[2026-05-18 20:19:48,802] ERROR root: Missing key in response for format string: 'identifier'
[2026-05-18 20:19:48,804] WARNING root: No data for PABPC1; skipping.
[2026-05-18 20:19:49,764] ERROR root: Missing key in response for format string: 'identifier'
[2026-05-18 20:19:49,766] WARNING root: No data for PABPN1; skipping.
[2026-05-18 20:19:50,719] ERROR root: Missing key in response for format string: 'identifier'
[2026-05-18 20:19:50,721] WARNING root: No data for PAF1; skipping.
[2026-05-18 20:19:51,669] ERROR root: Missing key in response for format string: 'identifier'
[2026-05-18 20:19:51,670] WARNING root: No data for PAFAH1B1; skipping.
[2026-05-18 20:19:52,422] ERROR root: Missing key in response for format string: 'identifier'
[2026-05-18 20:19:52,423] WARNING root: No data for PAK1IP1; skipping.
[2026-05-18 20:19:54,043] ERROR root: Missing key in response for format string: 'identifier'
[2026-05-18 20:19:54,045] WARNING root: No data for PALB2; skipping.
[2026-05-18 20:19:55,057] ERROR root: Missing key in response for format string: 'identifier'
[2026-05-18 20:19:55,058] WARNING root: No data for PAM16; skipping.
[2026-05-18 20:19:56,012] ERROR root: Missing key in response for format string: 'identifier'
[2026-05-18 20:19:56,013] WARNING root: No data for PARN; skipping.
[2026-05-18 20:19:56,768] ERROR root: Missing key in response for format string: 'identifier'
[2026-05-18 20:19:56,769] WARNING root: No data for PARS2; skipping.
[2026-05-18 20:19:57,516] ERROR root: Missing key in response for format string: 'identifier'
[2026-05-18 20:19:57,517] WARNING root: No data for PAXBP1; skipping.
[2026-05-18 20:19:58,487] ERROR root: Missing key in response for format string: 'identifier'
[2026-05-18 20:19:58,488] WARNING root: No data for PC; skipping.
[2026-05-18 20:19:59,429] ERROR root: Missing key in response for format string: 'identifier'
[2026-05-18 20:19:59,430] WARNING root: No data for PCBP1; skipping.
[2026-05-18 20:20:00,390] ERROR root: Missing key in response for format string: 'identifier'
[2026-05-18 20:20:00,391] WARNING root: No data for PCBP2; skipping.
[2026-05-18 20:20:01,153] ERROR root: Missing key in response for format string: 'identifier'
[2026-05-18 20:20:01,155] WARNING root: No data for PCF11; skipping.
[2026-05-18 20:20:01,913] ERROR root: Missing key in response for format string: 'identifier'
[2026-05-18 20:20:01,915] WARNING root: No data for PCID2; skipping.
[2026-05-18 20:20:03,083] ERROR root: Missing key in response for format string: 'identifier'
[2026-05-18 20:20:03,084] WARNING root: No data for PCNA; skipping.
[2026-05-18 20:20:03,836] ERROR root: Missing key in response for format string: 'identifier'
[2026-05-18 20:20:03,837] WARNING root: No data for PDAP1; skipping.
[2026-05-18 20:20:04,599] ERROR root: Missing key in response for format string: 'identifier'
[2026-05-18 20:20:04,601] WARNING root: No data for PDCD11; skipping.
[2026-05-18 20:20:05,401] ERROR root: Missing key in response for format string: 'identifier'
[2026-05-18 20:20:05,402] WARNING root: No data for PDCD2; skipping.
[2026-05-18 20:20:06,447] ERROR root: Missing key in response for format string: 'identifier'
[2026-05-18 20:20:06,448] WARNING root: No data for PDCD5; skipping.
[2026-05-18 20:20:07,402] ERROR root: Missing key in response for format string: 'identifier'
[2026-05-18 20:20:07,403] WARNING root: No data for PDCD6; skipping.
[2026-05-18 20:20:08,341] ERROR root: Missing key in response for format string: 'identifier'
[2026-05-18 20:20:08,342] WARNING root: No data for PDCD6IP; skipping.
[2026-05-18 20:20:09,100] ERROR root: Missing key in response for format string: 'identifier'
[2026-05-18 20:20:09,102] WARNING root: No data for PDCD7; skipping.
[2026-05-18 20:20:10,050] ERROR root: Missing key in response for format string: 'identifier'
[2026-05-18 20:20:10,051] WARNING root: No data for PDPK1; skipping.
[2026-05-18 20:20:10,808] ERROR root: Missing key in response for format string: 'identifier'
[2026-05-18 20:20:10,809] WARNING root: No data for PDRG1; skipping.
[2026-05-18 20:20:11,825] ERROR root: Missing key in response for format string: 'identifier'
[2026-05-18 20:20:11,826] WARNING root: No data for PEF1; skipping.
[2026-05-18 20:20:12,585] ERROR root: Missing key in response for format string: 'identifier'
[2026-05-18 20:20:12,586] WARNING root: No data for PELO; skipping.
[2026-05-18 20:20:13,338] ERROR root: Missing key in response for format string: 'identifier'
[2026-05-18 20:20:13,339] WARNING root: No data for PELP1; skipping.
[2026-05-18 20:20:14,091] ERROR root: Missing key in response for format string: 'identifier'
[2026-05-18 20:20:14,092] WARNING root: No data for PES1; skipping.
[2026-05-18 20:20:14,849] ERROR root: Missing key in response for format string: 'identifier'
[2026-05-18 20:20:14,850] WARNING root: No data for PET117; skipping.
[2026-05-18 20:20:15,614] ERROR root: Missing key in response for format string: 'identifier'
[2026-05-18 20:20:15,615] WARNING root: No data for PEX1; skipping.
[2026-05-18 20:20:16,370] ERROR root: Missing key in response for format string: 'identifier'
[2026-05-18 20:20:16,371] WARNING root: No data for PFDN1; skipping.
[2026-05-18 20:20:17,127] ERROR root: Missing key in response for format string: 'identifier'
[2026-05-18 20:20:17,129] WARNING root: No data for PFDN2; skipping.
[2026-05-18 20:20:17,887] ERROR root: Missing key in response for format string: 'identifier'
[2026-05-18 20:20:17,888] WARNING root: No data for PFDN4; skipping.
[2026-05-18 20:20:18,640] ERROR root: Missing key in response for format string: 'identifier'
[2026-05-18 20:20:18,642] WARNING root: No data for PFDN5; skipping.
[2026-05-18 20:20:19,407] ERROR root: Missing key in response for format string: 'identifier'
[2026-05-18 20:20:19,408] WARNING root: No data for PFDN6; skipping.
[2026-05-18 20:20:20,338] ERROR root: Missing key in response for format string: 'identifier'
[2026-05-18 20:20:20,339] WARNING root: No data for PFN1; skipping.
[2026-05-18 20:20:21,096] ERROR root: Missing key in response for format string: 'identifier'
[2026-05-18 20:20:21,097] WARNING root: No data for PGAM1; skipping.
[2026-05-18 20:20:22,057] ERROR root: Missing key in response for format string: 'identifier'
[2026-05-18 20:20:22,058] WARNING root: No data for PGD; skipping.
[2026-05-18 20:20:22,804] ERROR root: Missing key in response for format string: 'identifier'
[2026-05-18 20:20:22,805] WARNING root: No data for PGK1; skipping.
[2026-05-18 20:20:23,565] ERROR root: Missing key in response for format string: 'identifier'
[2026-05-18 20:20:23,566] WARNING root: No data for PGPEP1; skipping.
[2026-05-18 20:20:24,337] ERROR root: Missing key in response for format string: 'identifier'
[2026-05-18 20:20:24,338] WARNING root: No data for PGS1; skipping.
[2026-05-18 20:20:25,094] ERROR root: Missing key in response for format string: 'identifier'
[2026-05-18 20:20:25,095] WARNING root: No data for PHAX; skipping.
[2026-05-18 20:20:26,038] ERROR root: Missing key in response for format string: 'identifier'
[2026-05-18 20:20:26,040] WARNING root: No data for PHB; skipping.
[2026-05-18 20:20:26,800] ERROR root: Missing key in response for format string: 'identifier'
[2026-05-18 20:20:26,801] WARNING root: No data for PHB2; skipping.
[2026-05-18 20:20:27,552] ERROR root: Missing key in response for format string: 'identifier'
[2026-05-18 20:20:27,553] WARNING root: No data for PHF12; skipping.
[2026-05-18 20:20:28,318] ERROR root: Missing key in response for format string: 'identifier'
[2026-05-18 20:20:28,319] WARNING root: No data for PHF5A; skipping.
[2026-05-18 20:20:29,268] ERROR root: Missing key in response for format string: 'identifier'
[2026-05-18 20:20:29,269] WARNING root: No data for PI4KA; skipping.
[2026-05-18 20:20:30,023] ERROR root: Missing key in response for format string: 'identifier'
[2026-05-18 20:20:30,024] WARNING root: No data for PIAS4; skipping.
[2026-05-18 20:20:30,774] ERROR root: Missing key in response for format string: 'identifier'
[2026-05-18 20:20:30,775] WARNING root: No data for PIGH; skipping.
[2026-05-18 20:20:31,543] ERROR root: Missing key in response for format string: 'identifier'
[2026-05-18 20:20:31,544] WARNING root: No data for PIK3C3; skipping.
[2026-05-18 20:20:32,298] ERROR root: Missing key in response for format string: 'identifier'
[2026-05-18 20:20:32,299] WARNING root: No data for PIK3R4; skipping.
[2026-05-18 20:20:33,256] ERROR root: Missing key in response for format string: 'identifier'
[2026-05-18 20:20:33,257] WARNING root: No data for PKM; skipping.
[2026-05-18 20:20:34,005] ERROR root: Missing key in response for format string: 'identifier'
[2026-05-18 20:20:34,007] WARNING root: No data for PKMYT1; skipping.
[2026-05-18 20:20:34,775] ERROR root: Missing key in response for format string: 'identifier'
[2026-05-18 20:20:34,777] WARNING root: No data for PLA2G10; skipping.
[2026-05-18 20:20:35,533] ERROR root: Missing key in response for format string: 'identifier'
[2026-05-18 20:20:35,534] WARNING root: No data for PLEKHN1; skipping.
[2026-05-18 20:20:36,688] ERROR root: Missing key in response for format string: 'identifier'
[2026-05-18 20:20:36,689] WARNING root: No data for PLK1; skipping.
[2026-05-18 20:20:37,638] ERROR root: Missing key in response for format string: 'identifier'
[2026-05-18 20:20:37,639] WARNING root: No data for PLK4; skipping.
[2026-05-18 20:20:38,393] ERROR root: Missing key in response for format string: 'identifier'
[2026-05-18 20:20:38,394] WARNING root: No data for PLRG1; skipping.
[2026-05-18 20:20:39,372] ERROR root: Missing key in response for format string: 'identifier'
[2026-05-18 20:20:39,373] WARNING root: No data for PMF1; skipping.
[2026-05-18 20:20:40,135] ERROR root: Missing key in response for format string: 'identifier'
[2026-05-18 20:20:40,136] WARNING root: No data for PMPCA; skipping.
[2026-05-18 20:20:40,892] ERROR root: Missing key in response for format string: 'identifier'
[2026-05-18 20:20:40,893] WARNING root: No data for PMPCB; skipping.
[2026-05-18 20:20:41,679] ERROR root: Missing key in response for format string: 'identifier'
[2026-05-18 20:20:41,681] WARNING root: No data for PNISR; skipping.
[2026-05-18 20:20:42,618] ERROR root: Missing key in response for format string: 'identifier'
[2026-05-18 20:20:42,619] WARNING root: No data for PNKP; skipping.
[2026-05-18 20:20:43,679] ERROR root: Missing key in response for format string: 'identifier'
[2026-05-18 20:20:43,680] WARNING root: No data for PNN; skipping.
[2026-05-18 20:20:44,460] ERROR root: Missing key in response for format string: 'identifier'
[2026-05-18 20:20:44,461] WARNING root: No data for PNO1; skipping.
[2026-05-18 20:20:45,339] ERROR root: Missing key in response for format string: 'identifier'
[2026-05-18 20:20:45,340] WARNING root: No data for PNPT1; skipping.
[2026-05-18 20:20:46,284] ERROR root: Missing key in response for format string: 'identifier'
[2026-05-18 20:20:46,285] WARNING root: No data for POGZ; skipping.
[2026-05-18 20:20:47,039] ERROR root: Missing key in response for format string: 'identifier'
[2026-05-18 20:20:47,040] WARNING root: No data for POLA1; skipping.
[2026-05-18 20:20:47,835] ERROR root: Missing key in response for format string: 'identifier'
[2026-05-18 20:20:47,836] WARNING root: No data for POLA2; skipping.
[2026-05-18 20:20:48,777] ERROR root: Missing key in response for format string: 'identifier'
[2026-05-18 20:20:48,779] WARNING root: No data for POLD1; skipping.
[2026-05-18 20:20:49,579] ERROR root: Missing key in response for format string: 'identifier'
[2026-05-18 20:20:49,581] WARNING root: No data for POLD2; skipping.
[2026-05-18 20:20:50,330] ERROR root: Missing key in response for format string: 'identifier'
[2026-05-18 20:20:50,331] WARNING root: No data for POLD3; skipping.
[2026-05-18 20:20:51,530] ERROR root: Missing key in response for format string: 'identifier'
[2026-05-18 20:20:51,531] WARNING root: No data for POLE; skipping.
[2026-05-18 20:20:52,296] ERROR root: Missing key in response for format string: 'identifier'
[2026-05-18 20:20:52,297] WARNING root: No data for POLE2; skipping.
[2026-05-18 20:20:53,050] ERROR root: Missing key in response for format string: 'identifier'
[2026-05-18 20:20:53,052] WARNING root: No data for POLG2; skipping.
[2026-05-18 20:20:55,088] ERROR root: Missing key in response for format string: 'identifier'
[2026-05-18 20:20:55,089] WARNING root: No data for POLR1A; skipping.
[2026-05-18 20:20:56,240] ERROR root: Missing key in response for format string: 'identifier'
[2026-05-18 20:20:56,241] WARNING root: No data for POLR1B; skipping.
[2026-05-18 20:20:56,998] ERROR root: Missing key in response for format string: 'identifier'
[2026-05-18 20:20:56,999] WARNING root: No data for POLR1C; skipping.
[2026-05-18 20:20:57,748] ERROR root: Missing key in response for format string: 'identifier'
[2026-05-18 20:20:57,749] WARNING root: No data for POLR1E; skipping.
[2026-05-18 20:20:59,289] ERROR root: Missing key in response for format string: 'identifier'
[2026-05-18 20:20:59,291] WARNING root: No data for POLR2A; skipping.
[2026-05-18 20:21:00,123] ERROR root: Missing key in response for format string: 'identifier'
[2026-05-18 20:21:00,124] WARNING root: No data for POLR2B; skipping.
[2026-05-18 20:21:00,880] ERROR root: Missing key in response for format string: 'identifier'
[2026-05-18 20:21:00,882] WARNING root: No data for POLR2C; skipping.
[2026-05-18 20:21:01,638] ERROR root: Missing key in response for format string: 'identifier'
[2026-05-18 20:21:01,639] WARNING root: No data for POLR2D; skipping.
[2026-05-18 20:21:02,435] ERROR root: Missing key in response for format string: 'identifier'
[2026-05-18 20:21:02,436] WARNING root: No data for POLR2E; skipping.
[2026-05-18 20:21:03,190] ERROR root: Missing key in response for format string: 'identifier'
[2026-05-18 20:21:03,191] WARNING root: No data for POLR2F; skipping.
[2026-05-18 20:21:03,948] ERROR root: Missing key in response for format string: 'identifier'
[2026-05-18 20:21:03,949] WARNING root: No data for POLR2G; skipping.
[2026-05-18 20:21:04,713] ERROR root: Missing key in response for format string: 'identifier'
[2026-05-18 20:21:04,714] WARNING root: No data for POLR2H; skipping.
[2026-05-18 20:21:05,462] ERROR root: Missing key in response for format string: 'identifier'
[2026-05-18 20:21:05,463] WARNING root: No data for POLR2I; skipping.
[2026-05-18 20:21:06,260] ERROR root: Missing key in response for format string: 'identifier'
[2026-05-18 20:21:06,261] WARNING root: No data for POLR2K; skipping.
[2026-05-18 20:21:07,012] ERROR root: Missing key in response for format string: 'identifier'
[2026-05-18 20:21:07,013] WARNING root: No data for POLR2L; skipping.
[2026-05-18 20:21:07,761] ERROR root: Missing key in response for format string: 'identifier'
[2026-05-18 20:21:07,762] WARNING root: No data for POLR3A; skipping.
[2026-05-18 20:21:08,513] ERROR root: Missing key in response for format string: 'identifier'
[2026-05-18 20:21:08,514] WARNING root: No data for POLR3B; skipping.
[2026-05-18 20:21:09,272] ERROR root: Missing key in response for format string: 'identifier'
[2026-05-18 20:21:09,273] WARNING root: No data for POLR3C; skipping.
[2026-05-18 20:21:10,030] ERROR root: Missing key in response for format string: 'identifier'
[2026-05-18 20:21:10,031] WARNING root: No data for POLR3D; skipping.
[2026-05-18 20:21:10,803] ERROR root: Missing key in response for format string: 'identifier'
[2026-05-18 20:21:10,804] WARNING root: No data for POLR3E; skipping.
[2026-05-18 20:21:11,558] ERROR root: Missing key in response for format string: 'identifier'
[2026-05-18 20:21:11,560] WARNING root: No data for POLR3F; skipping.
[2026-05-18 20:21:12,317] ERROR root: Missing key in response for format string: 'identifier'
[2026-05-18 20:21:12,318] WARNING root: No data for POLR3H; skipping.
[2026-05-18 20:21:13,071] ERROR root: Missing key in response for format string: 'identifier'
[2026-05-18 20:21:13,072] WARNING root: No data for POLR3K; skipping.
[2026-05-18 20:21:13,831] ERROR root: Missing key in response for format string: 'identifier'
[2026-05-18 20:21:13,832] WARNING root: No data for POLRMT; skipping.
[2026-05-18 20:21:14,769] ERROR root: Missing key in response for format string: 'identifier'
[2026-05-18 20:21:14,770] WARNING root: No data for POP1; skipping.
[2026-05-18 20:21:15,520] ERROR root: Missing key in response for format string: 'identifier'
[2026-05-18 20:21:15,521] WARNING root: No data for POP4; skipping.
[2026-05-18 20:21:16,269] ERROR root: Missing key in response for format string: 'identifier'
[2026-05-18 20:21:16,270] WARNING root: No data for POP5; skipping.
[2026-05-18 20:21:17,025] ERROR root: Missing key in response for format string: 'identifier'
[2026-05-18 20:21:17,026] WARNING root: No data for POP7; skipping.
[2026-05-18 20:21:17,982] ERROR root: Missing key in response for format string: 'identifier'
[2026-05-18 20:21:17,983] WARNING root: No data for POT1; skipping.
[2026-05-18 20:21:18,730] ERROR root: Missing key in response for format string: 'identifier'
[2026-05-18 20:21:18,731] WARNING root: No data for POTEI; skipping.
[2026-05-18 20:21:19,477] ERROR root: Missing key in response for format string: 'identifier'
[2026-05-18 20:21:19,478] WARNING root: No data for POU5F1B; skipping.
[2026-05-18 20:21:20,239] ERROR root: Missing key in response for format string: 'identifier'
[2026-05-18 20:21:20,240] WARNING root: No data for PPA1; skipping.
[2026-05-18 20:21:21,000] ERROR root: Missing key in response for format string: 'identifier'
[2026-05-18 20:21:21,001] WARNING root: No data for PPA2; skipping.
[2026-05-18 20:21:21,764] ERROR root: Missing key in response for format string: 'identifier'
[2026-05-18 20:21:21,765] WARNING root: No data for PPAN; skipping.
[2026-05-18 20:21:22,520] ERROR root: Missing key in response for format string: 'identifier'
[2026-05-18 20:21:22,521] WARNING root: No data for PPARGC1B; skipping.
[2026-05-18 20:21:23,925] ERROR root: Missing key in response for format string: 'identifier'
[2026-05-18 20:21:23,926] WARNING root: No data for PPIA; skipping.
[2026-05-18 20:21:24,685] ERROR root: Missing key in response for format string: 'identifier'
[2026-05-18 20:21:24,686] WARNING root: No data for PPIE; skipping.
[2026-05-18 20:21:25,528] ERROR root: Missing key in response for format string: 'identifier'
[2026-05-18 20:21:25,529] WARNING root: No data for PPIH; skipping.
[2026-05-18 20:21:26,273] ERROR root: Missing key in response for format string: 'identifier'
[2026-05-18 20:21:26,275] WARNING root: No data for PPIL1; skipping.
[2026-05-18 20:21:27,032] ERROR root: Missing key in response for format string: 'identifier'
[2026-05-18 20:21:27,034] WARNING root: No data for PPIL2; skipping.
[2026-05-18 20:21:27,874] ERROR root: Missing key in response for format string: 'identifier'
[2026-05-18 20:21:27,876] WARNING root: No data for PPIL4; skipping.
[2026-05-18 20:21:28,637] ERROR root: Missing key in response for format string: 'identifier'
[2026-05-18 20:21:28,638] WARNING root: No data for PPME1; skipping.
[2026-05-18 20:21:29,662] ERROR root: Missing key in response for format string: 'identifier'
[2026-05-18 20:21:29,663] WARNING root: No data for PPP1CA; skipping.
[2026-05-18 20:21:30,419] ERROR root: Missing key in response for format string: 'identifier'
[2026-05-18 20:21:30,421] WARNING root: No data for PPP1CB; skipping.
[2026-05-18 20:21:31,186] ERROR root: Missing key in response for format string: 'identifier'
[2026-05-18 20:21:31,187] WARNING root: No data for PPP1R10; skipping.
[2026-05-18 20:21:31,943] ERROR root: Missing key in response for format string: 'identifier'
[2026-05-18 20:21:31,945] WARNING root: No data for PPP1R11; skipping.
[2026-05-18 20:21:32,697] ERROR root: Missing key in response for format string: 'identifier'
[2026-05-18 20:21:32,698] WARNING root: No data for PPP1R12A; skipping.
[2026-05-18 20:21:33,447] ERROR root: Missing key in response for format string: 'identifier'
[2026-05-18 20:21:33,448] WARNING root: No data for PPP1R15B; skipping.
[2026-05-18 20:21:34,203] ERROR root: Missing key in response for format string: 'identifier'
[2026-05-18 20:21:34,205] WARNING root: No data for PPP1R2; skipping.
[2026-05-18 20:21:34,961] ERROR root: Missing key in response for format string: 'identifier'
[2026-05-18 20:21:34,962] WARNING root: No data for PPP1R7; skipping.
[2026-05-18 20:21:35,717] ERROR root: Missing key in response for format string: 'identifier'
[2026-05-18 20:21:35,718] WARNING root: No data for PPP1R8; skipping.
[2026-05-18 20:21:36,669] ERROR root: Missing key in response for format string: 'identifier'
[2026-05-18 20:21:36,670] WARNING root: No data for PPP2CA; skipping.
[2026-05-18 20:21:37,611] ERROR root: Missing key in response for format string: 'identifier'
[2026-05-18 20:21:37,612] WARNING root: No data for PPP2R1A; skipping.
[2026-05-18 20:21:38,372] ERROR root: Missing key in response for format string: 'identifier'
[2026-05-18 20:21:38,373] WARNING root: No data for PPP2R3C; skipping.
[2026-05-18 20:21:39,146] ERROR root: Missing key in response for format string: 'identifier'
[2026-05-18 20:21:39,147] WARNING root: No data for PPP4C; skipping.
[2026-05-18 20:21:39,917] ERROR root: Missing key in response for format string: 'identifier'
[2026-05-18 20:21:39,918] WARNING root: No data for PPP4R2; skipping.
[2026-05-18 20:21:40,877] ERROR root: Missing key in response for format string: 'identifier'
[2026-05-18 20:21:40,879] WARNING root: No data for PPP6C; skipping.
[2026-05-18 20:21:41,633] ERROR root: Missing key in response for format string: 'identifier'
[2026-05-18 20:21:41,634] WARNING root: No data for PPRC1; skipping.
[2026-05-18 20:21:42,390] ERROR root: Missing key in response for format string: 'identifier'
[2026-05-18 20:21:42,391] WARNING root: No data for PPWD1; skipping.
[2026-05-18 20:21:43,146] ERROR root: Missing key in response for format string: 'identifier'
[2026-05-18 20:21:43,148] WARNING root: No data for PPY; skipping.
[2026-05-18 20:21:44,312] ERROR root: Missing key in response for format string: 'identifier'
[2026-05-18 20:21:44,313] WARNING root: No data for PRC1; skipping.
[2026-05-18 20:21:45,113] ERROR root: Missing key in response for format string: 'identifier'
[2026-05-18 20:21:45,115] WARNING root: No data for PRDM10; skipping.
[2026-05-18 20:21:46,062] ERROR root: Missing key in response for format string: 'identifier'
[2026-05-18 20:21:46,064] WARNING root: No data for PREB; skipping.
[2026-05-18 20:21:46,829] ERROR root: Missing key in response for format string: 'identifier'
[2026-05-18 20:21:46,830] WARNING root: No data for PRELID1; skipping.
[2026-05-18 20:21:47,579] ERROR root: Missing key in response for format string: 'identifier'
[2026-05-18 20:21:47,580] WARNING root: No data for PRELID3B; skipping.
[2026-05-18 20:21:48,333] ERROR root: Missing key in response for format string: 'identifier'
[2026-05-18 20:21:48,335] WARNING root: No data for PRIM1; skipping.
[2026-05-18 20:21:49,079] ERROR root: Missing key in response for format string: 'identifier'
[2026-05-18 20:21:49,080] WARNING root: No data for PRIM2; skipping.
[2026-05-18 20:21:49,843] ERROR root: Missing key in response for format string: 'identifier'
[2026-05-18 20:21:49,845] WARNING root: No data for PRKRA; skipping.
[2026-05-18 20:21:50,600] ERROR root: Missing key in response for format string: 'identifier'
[2026-05-18 20:21:50,601] WARNING root: No data for PRKRIP1; skipping.
[2026-05-18 20:21:51,547] ERROR root: Missing key in response for format string: 'identifier'
[2026-05-18 20:21:51,548] WARNING root: No data for PRMT1; skipping.
[2026-05-18 20:21:52,488] ERROR root: Missing key in response for format string: 'identifier'
[2026-05-18 20:21:52,489] WARNING root: No data for PRMT5; skipping.
[2026-05-18 20:21:53,244] ERROR root: Missing key in response for format string: 'identifier'
[2026-05-18 20:21:53,245] WARNING root: No data for PRODH; skipping.
[2026-05-18 20:21:53,997] ERROR root: Missing key in response for format string: 'identifier'
[2026-05-18 20:21:53,998] WARNING root: No data for PRORP; skipping.
[2026-05-18 20:21:54,761] ERROR root: Missing key in response for format string: 'identifier'
[2026-05-18 20:21:54,762] WARNING root: No data for PRPF18; skipping.
[2026-05-18 20:21:55,510] ERROR root: Missing key in response for format string: 'identifier'
[2026-05-18 20:21:55,511] WARNING root: No data for PRPF19; skipping.
[2026-05-18 20:21:56,267] ERROR root: Missing key in response for format string: 'identifier'
[2026-05-18 20:21:56,268] WARNING root: No data for PRPF3; skipping.
[2026-05-18 20:21:57,209] ERROR root: Missing key in response for format string: 'identifier'
[2026-05-18 20:21:57,210] WARNING root: No data for PRPF31; skipping.
[2026-05-18 20:21:57,961] ERROR root: Missing key in response for format string: 'identifier'
[2026-05-18 20:21:57,962] WARNING root: No data for PRPF38A; skipping.
[2026-05-18 20:21:58,716] ERROR root: Missing key in response for format string: 'identifier'
[2026-05-18 20:21:58,718] WARNING root: No data for PRPF38B; skipping.
[2026-05-18 20:21:59,480] ERROR root: Missing key in response for format string: 'identifier'
[2026-05-18 20:21:59,481] WARNING root: No data for PRPF4; skipping.
[2026-05-18 20:22:00,269] ERROR root: Missing key in response for format string: 'identifier'
[2026-05-18 20:22:00,271] WARNING root: No data for PRPF40A; skipping.
[2026-05-18 20:22:01,191] ERROR root: Missing key in response for format string: 'identifier'
[2026-05-18 20:22:01,193] WARNING root: No data for PRPF4B; skipping.
[2026-05-18 20:22:02,090] ERROR root: Missing key in response for format string: 'identifier'
[2026-05-18 20:22:02,092] WARNING root: No data for PRPF6; skipping.
[2026-05-18 20:22:03,291] ERROR root: Missing key in response for format string: 'identifier'
[2026-05-18 20:22:03,292] WARNING root: No data for PRPF8; skipping.
[2026-05-18 20:22:04,069] ERROR root: Missing key in response for format string: 'identifier'
[2026-05-18 20:22:04,070] WARNING root: No data for PRRC2A; skipping.
[2026-05-18 20:22:04,823] ERROR root: Missing key in response for format string: 'identifier'
[2026-05-18 20:22:04,824] WARNING root: No data for PSAT1; skipping.
[2026-05-18 20:22:05,587] ERROR root: Missing key in response for format string: 'identifier'
[2026-05-18 20:22:05,588] WARNING root: No data for PSMA1; skipping.
[2026-05-18 20:22:06,349] ERROR root: Missing key in response for format string: 'identifier'
[2026-05-18 20:22:06,351] WARNING root: No data for PSMA2; skipping.
[2026-05-18 20:22:07,102] ERROR root: Missing key in response for format string: 'identifier'
[2026-05-18 20:22:07,103] WARNING root: No data for PSMA3; skipping.
[2026-05-18 20:22:07,863] ERROR root: Missing key in response for format string: 'identifier'
[2026-05-18 20:22:07,865] WARNING root: No data for PSMA4; skipping.
[2026-05-18 20:22:08,948] ERROR root: Missing key in response for format string: 'identifier'
[2026-05-18 20:22:08,949] WARNING root: No data for PSMA5; skipping.
[2026-05-18 20:22:10,267] ERROR root: Missing key in response for format string: 'identifier'
[2026-05-18 20:22:10,268] WARNING root: No data for PSMA6; skipping.
[2026-05-18 20:22:11,015] ERROR root: Missing key in response for format string: 'identifier'
[2026-05-18 20:22:11,017] WARNING root: No data for PSMA7; skipping.
[2026-05-18 20:22:11,776] ERROR root: Missing key in response for format string: 'identifier'
[2026-05-18 20:22:11,778] WARNING root: No data for PSMB1; skipping.
[2026-05-18 20:22:12,531] ERROR root: Missing key in response for format string: 'identifier'
[2026-05-18 20:22:12,533] WARNING root: No data for PSMB2; skipping.
[2026-05-18 20:22:13,302] ERROR root: Missing key in response for format string: 'identifier'
[2026-05-18 20:22:13,303] WARNING root: No data for PSMB3; skipping.
[2026-05-18 20:22:14,077] ERROR root: Missing key in response for format string: 'identifier'
[2026-05-18 20:22:14,078] WARNING root: No data for PSMB4; skipping.
[2026-05-18 20:22:15,031] ERROR root: Missing key in response for format string: 'identifier'
[2026-05-18 20:22:15,032] WARNING root: No data for PSMB5; skipping.
[2026-05-18 20:22:15,784] ERROR root: Missing key in response for format string: 'identifier'
[2026-05-18 20:22:15,785] WARNING root: No data for PSMB6; skipping.
[2026-05-18 20:22:16,732] ERROR root: Missing key in response for format string: 'identifier'
[2026-05-18 20:22:16,734] WARNING root: No data for PSMB7; skipping.
[2026-05-18 20:22:17,493] ERROR root: Missing key in response for format string: 'identifier'
[2026-05-18 20:22:17,494] WARNING root: No data for PSMC1; skipping.
[2026-05-18 20:22:18,437] ERROR root: Missing key in response for format string: 'identifier'
[2026-05-18 20:22:18,438] WARNING root: No data for PSMC2; skipping.
[2026-05-18 20:22:19,389] ERROR root: Missing key in response for format string: 'identifier'
[2026-05-18 20:22:19,391] WARNING root: No data for PSMC3; skipping.
[2026-05-18 20:22:20,155] ERROR root: Missing key in response for format string: 'identifier'
[2026-05-18 20:22:20,156] WARNING root: No data for PSMC4; skipping.
[2026-05-18 20:22:20,914] ERROR root: Missing key in response for format string: 'identifier'
[2026-05-18 20:22:20,916] WARNING root: No data for PSMC5; skipping.
[2026-05-18 20:22:21,677] ERROR root: Missing key in response for format string: 'identifier'
[2026-05-18 20:22:21,678] WARNING root: No data for PSMC6; skipping.
[2026-05-18 20:22:22,437] ERROR root: Missing key in response for format string: 'identifier'
[2026-05-18 20:22:22,438] WARNING root: No data for PSMD1; skipping.
[2026-05-18 20:22:23,200] ERROR root: Missing key in response for format string: 'identifier'
[2026-05-18 20:22:23,202] WARNING root: No data for PSMD11; skipping.
[2026-05-18 20:22:23,956] ERROR root: Missing key in response for format string: 'identifier'
[2026-05-18 20:22:23,957] WARNING root: No data for PSMD12; skipping.
[2026-05-18 20:22:24,718] ERROR root: Missing key in response for format string: 'identifier'
[2026-05-18 20:22:24,719] WARNING root: No data for PSMD13; skipping.
[2026-05-18 20:22:25,474] ERROR root: Missing key in response for format string: 'identifier'
[2026-05-18 20:22:25,475] WARNING root: No data for PSMD14; skipping.
[2026-05-18 20:22:26,234] ERROR root: Missing key in response for format string: 'identifier'
[2026-05-18 20:22:26,235] WARNING root: No data for PSMD2; skipping.
[2026-05-18 20:22:26,996] ERROR root: Missing key in response for format string: 'identifier'
[2026-05-18 20:22:26,997] WARNING root: No data for PSMD3; skipping.
[2026-05-18 20:22:27,749] ERROR root: Missing key in response for format string: 'identifier'
[2026-05-18 20:22:27,750] WARNING root: No data for PSMD4; skipping.
[2026-05-18 20:22:28,580] ERROR root: Missing key in response for format string: 'identifier'
[2026-05-18 20:22:28,581] WARNING root: No data for PSMD6; skipping.
[2026-05-18 20:22:29,353] ERROR root: Missing key in response for format string: 'identifier'
[2026-05-18 20:22:29,354] WARNING root: No data for PSMD7; skipping.
[2026-05-18 20:22:30,305] ERROR root: Missing key in response for format string: 'identifier'
[2026-05-18 20:22:30,307] WARNING root: No data for PSMD8; skipping.
[2026-05-18 20:22:31,064] ERROR root: Missing key in response for format string: 'identifier'
[2026-05-18 20:22:31,065] WARNING root: No data for PSMD9; skipping.
[2026-05-18 20:22:31,811] ERROR root: Missing key in response for format string: 'identifier'
[2026-05-18 20:22:31,812] WARNING root: No data for PSME1; skipping.
[2026-05-18 20:22:32,569] ERROR root: Missing key in response for format string: 'identifier'
[2026-05-18 20:22:32,570] WARNING root: No data for PSME2; skipping.
[2026-05-18 20:22:33,327] ERROR root: Missing key in response for format string: 'identifier'
[2026-05-18 20:22:33,328] WARNING root: No data for PSMG1; skipping.
[2026-05-18 20:22:34,075] ERROR root: Missing key in response for format string: 'identifier'
[2026-05-18 20:22:34,076] WARNING root: No data for PSMG2; skipping.
[2026-05-18 20:22:35,133] ERROR root: Missing key in response for format string: 'identifier'
[2026-05-18 20:22:35,134] WARNING root: No data for PSMG3; skipping.
[2026-05-18 20:22:35,888] ERROR root: Missing key in response for format string: 'identifier'
[2026-05-18 20:22:35,889] WARNING root: No data for PSMG4; skipping.
[2026-05-18 20:22:36,641] ERROR root: Missing key in response for format string: 'identifier'
[2026-05-18 20:22:36,642] WARNING root: No data for PSTK; skipping.
[2026-05-18 20:22:37,578] ERROR root: Missing key in response for format string: 'identifier'
[2026-05-18 20:22:37,579] WARNING root: No data for PTBP1; skipping.
[2026-05-18 20:22:38,334] ERROR root: Missing key in response for format string: 'identifier'
[2026-05-18 20:22:38,335] WARNING root: No data for PTCD1; skipping.
[2026-05-18 20:22:39,125] ERROR root: Missing key in response for format string: 'identifier'
[2026-05-18 20:22:39,126] WARNING root: No data for PTCD3; skipping.
[2026-05-18 20:22:40,511] ERROR root: Missing key in response for format string: 'identifier'
[2026-05-18 20:22:40,513] WARNING root: No data for PTK2; skipping.
[2026-05-18 20:22:41,273] ERROR root: Missing key in response for format string: 'identifier'
[2026-05-18 20:22:41,274] WARNING root: No data for PTMA; skipping.
[2026-05-18 20:22:42,027] ERROR root: Missing key in response for format string: 'identifier'
[2026-05-18 20:22:42,029] WARNING root: No data for PTPMT1; skipping.
[2026-05-18 20:22:42,800] ERROR root: Missing key in response for format string: 'identifier'
[2026-05-18 20:22:42,801] WARNING root: No data for PTPN23; skipping.
[2026-05-18 20:22:43,557] ERROR root: Missing key in response for format string: 'identifier'
[2026-05-18 20:22:43,558] WARNING root: No data for PUF60; skipping.
[2026-05-18 20:22:44,506] ERROR root: Missing key in response for format string: 'identifier'
[2026-05-18 20:22:44,507] WARNING root: No data for PWP1; skipping.
[2026-05-18 20:22:45,268] ERROR root: Missing key in response for format string: 'identifier'
[2026-05-18 20:22:45,269] WARNING root: No data for PWP2; skipping.
[2026-05-18 20:22:46,225] ERROR root: Missing key in response for format string: 'identifier'
[2026-05-18 20:22:46,227] WARNING root: No data for PXN; skipping.
[2026-05-18 20:22:46,981] ERROR root: Missing key in response for format string: 'identifier'
[2026-05-18 20:22:46,982] WARNING root: No data for PYROXD1; skipping.
[2026-05-18 20:22:47,926] ERROR root: Missing key in response for format string: 'identifier'
[2026-05-18 20:22:47,928] WARNING root: No data for QARS; skipping.
[2026-05-18 20:22:48,706] ERROR root: Missing key in response for format string: 'identifier'
[2026-05-18 20:22:48,708] WARNING root: No data for QRSL1; skipping.
[2026-05-18 20:22:49,463] ERROR root: Missing key in response for format string: 'identifier'
[2026-05-18 20:22:49,465] WARNING root: No data for RAB18; skipping.
[2026-05-18 20:22:50,224] ERROR root: Missing key in response for format string: 'identifier'
[2026-05-18 20:22:50,225] WARNING root: No data for RAB4A; skipping.
[2026-05-18 20:22:51,160] ERROR root: Missing key in response for format string: 'identifier'
[2026-05-18 20:22:51,161] WARNING root: No data for RAB6A; skipping.
[2026-05-18 20:22:51,912] ERROR root: Missing key in response for format string: 'identifier'
[2026-05-18 20:22:51,914] WARNING root: No data for RABGGTA; skipping.
[2026-05-18 20:22:52,676] ERROR root: Missing key in response for format string: 'identifier'
[2026-05-18 20:22:52,678] WARNING root: No data for RABGGTB; skipping.
[2026-05-18 20:22:54,086] ERROR root: Missing key in response for format string: 'identifier'
[2026-05-18 20:22:54,088] WARNING root: No data for RAC1; skipping.
[2026-05-18 20:22:55,061] ERROR root: Missing key in response for format string: 'identifier'
[2026-05-18 20:22:55,063] WARNING root: No data for RAC3; skipping.
[2026-05-18 20:22:55,828] ERROR root: Missing key in response for format string: 'identifier'
[2026-05-18 20:22:55,829] WARNING root: No data for RACGAP1; skipping.
[2026-05-18 20:22:57,180] ERROR root: Missing key in response for format string: 'identifier'
[2026-05-18 20:22:57,182] WARNING root: No data for RAD17; skipping.
[2026-05-18 20:22:58,132] ERROR root: Missing key in response for format string: 'identifier'
[2026-05-18 20:22:58,133] WARNING root: No data for RAD21; skipping.
[2026-05-18 20:22:59,303] ERROR root: Missing key in response for format string: 'identifier'
[2026-05-18 20:22:59,305] WARNING root: No data for RAD51; skipping.
[2026-05-18 20:23:00,744] ERROR root: Missing key in response for format string: 'identifier'
[2026-05-18 20:23:00,745] WARNING root: No data for RAD51C; skipping.
[2026-05-18 20:23:01,501] ERROR root: Missing key in response for format string: 'identifier'
[2026-05-18 20:23:01,503] WARNING root: No data for RAD51D; skipping.
[2026-05-18 20:23:02,257] ERROR root: Missing key in response for format string: 'identifier'
[2026-05-18 20:23:02,258] WARNING root: No data for RAD9A; skipping.
[2026-05-18 20:23:03,272] ERROR root: Missing key in response for format string: 'identifier'
[2026-05-18 20:23:03,273] WARNING root: No data for RAE1; skipping.
[2026-05-18 20:23:04,433] ERROR root: Missing key in response for format string: 'identifier'
[2026-05-18 20:23:04,434] WARNING root: No data for RAN; skipping.
[2026-05-18 20:23:05,588] ERROR root: Missing key in response for format string: 'identifier'
[2026-05-18 20:23:05,590] WARNING root: No data for RANBP2; skipping.
[2026-05-18 20:23:06,563] ERROR root: Missing key in response for format string: 'identifier'
[2026-05-18 20:23:06,565] WARNING root: No data for RANGAP1; skipping.
[2026-05-18 20:23:07,516] ERROR root: Missing key in response for format string: 'identifier'
[2026-05-18 20:23:07,517] WARNING root: No data for RARS; skipping.
[2026-05-18 20:23:08,291] ERROR root: Missing key in response for format string: 'identifier'
[2026-05-18 20:23:08,292] WARNING root: No data for RARS2; skipping.
[2026-05-18 20:23:09,048] ERROR root: Missing key in response for format string: 'identifier'
[2026-05-18 20:23:09,049] WARNING root: No data for RBBP4; skipping.
[2026-05-18 20:23:09,806] ERROR root: Missing key in response for format string: 'identifier'
[2026-05-18 20:23:09,807] WARNING root: No data for RBBP5; skipping.
[2026-05-18 20:23:10,655] ERROR root: Missing key in response for format string: 'identifier'
[2026-05-18 20:23:10,657] WARNING root: No data for RBBP6; skipping.
[2026-05-18 20:23:11,594] ERROR root: Missing key in response for format string: 'identifier'
[2026-05-18 20:23:11,595] WARNING root: No data for RBBP8; skipping.
[2026-05-18 20:23:12,349] ERROR root: Missing key in response for format string: 'identifier'
[2026-05-18 20:23:12,350] WARNING root: No data for RBM10; skipping.
[2026-05-18 20:23:13,345] ERROR root: Missing key in response for format string: 'identifier'
[2026-05-18 20:23:13,346] WARNING root: No data for RBM14; skipping.
[2026-05-18 20:23:14,102] ERROR root: Missing key in response for format string: 'identifier'
[2026-05-18 20:23:14,103] WARNING root: No data for RBM17; skipping.
[2026-05-18 20:23:14,862] ERROR root: Missing key in response for format string: 'identifier'
[2026-05-18 20:23:14,863] WARNING root: No data for RBM19; skipping.
[2026-05-18 20:23:15,618] ERROR root: Missing key in response for format string: 'identifier'
[2026-05-18 20:23:15,619] WARNING root: No data for RBM22; skipping.
[2026-05-18 20:23:16,374] ERROR root: Missing key in response for format string: 'identifier'
[2026-05-18 20:23:16,376] WARNING root: No data for RBM25; skipping.
[2026-05-18 20:23:17,131] ERROR root: Missing key in response for format string: 'identifier'
[2026-05-18 20:23:17,132] WARNING root: No data for RBM28; skipping.
[2026-05-18 20:23:18,072] ERROR root: Missing key in response for format string: 'identifier'
[2026-05-18 20:23:18,073] WARNING root: No data for RBM39; skipping.
[2026-05-18 20:23:18,837] ERROR root: Missing key in response for format string: 'identifier'
[2026-05-18 20:23:18,838] WARNING root: No data for RBM4; skipping.
[2026-05-18 20:23:19,585] ERROR root: Missing key in response for format string: 'identifier'
[2026-05-18 20:23:19,586] WARNING root: No data for RBM42; skipping.
[2026-05-18 20:23:20,339] ERROR root: Missing key in response for format string: 'identifier'
[2026-05-18 20:23:20,340] WARNING root: No data for RBM48; skipping.
[2026-05-18 20:23:21,090] ERROR root: Missing key in response for format string: 'identifier'
[2026-05-18 20:23:21,091] WARNING root: No data for RBM8A; skipping.
[2026-05-18 20:23:22,058] ERROR root: Missing key in response for format string: 'identifier'
[2026-05-18 20:23:22,059] WARNING root: No data for RBMX; skipping.
[2026-05-18 20:23:22,820] ERROR root: Missing key in response for format string: 'identifier'
[2026-05-18 20:23:22,821] WARNING root: No data for RBMX2; skipping.
[2026-05-18 20:23:23,780] ERROR root: Missing key in response for format string: 'identifier'
[2026-05-18 20:23:23,781] WARNING root: No data for RBMXL1; skipping.
[2026-05-18 20:23:24,724] ERROR root: Missing key in response for format string: 'identifier'
[2026-05-18 20:23:24,725] WARNING root: No data for RBX1; skipping.
[2026-05-18 20:23:25,689] ERROR root: Missing key in response for format string: 'identifier'
[2026-05-18 20:23:25,690] WARNING root: No data for RCC1; skipping.
[2026-05-18 20:23:26,445] ERROR root: Missing key in response for format string: 'identifier'
[2026-05-18 20:23:26,446] WARNING root: No data for RCL1; skipping.
[2026-05-18 20:23:27,281] ERROR root: Missing key in response for format string: 'identifier'
[2026-05-18 20:23:27,283] WARNING root: No data for RCOR1; skipping.
[2026-05-18 20:23:28,037] ERROR root: Missing key in response for format string: 'identifier'
[2026-05-18 20:23:28,039] WARNING root: No data for REV3L; skipping.
[2026-05-18 20:23:28,792] ERROR root: Missing key in response for format string: 'identifier'
[2026-05-18 20:23:28,793] WARNING root: No data for REXO2; skipping.
[2026-05-18 20:23:29,866] ERROR root: Missing key in response for format string: 'identifier'
[2026-05-18 20:23:29,868] WARNING root: No data for RFC1; skipping.
[2026-05-18 20:23:30,622] ERROR root: Missing key in response for format string: 'identifier'
[2026-05-18 20:23:30,623] WARNING root: No data for RFC2; skipping.
[2026-05-18 20:23:31,384] ERROR root: Missing key in response for format string: 'identifier'
[2026-05-18 20:23:31,385] WARNING root: No data for RFC3; skipping.
[2026-05-18 20:23:32,143] ERROR root: Missing key in response for format string: 'identifier'
[2026-05-18 20:23:32,144] WARNING root: No data for RFC4; skipping.
[2026-05-18 20:23:33,238] ERROR root: Missing key in response for format string: 'identifier'
[2026-05-18 20:23:33,239] WARNING root: No data for RFC5; skipping.
[2026-05-18 20:23:34,195] ERROR root: Missing key in response for format string: 'identifier'
[2026-05-18 20:23:34,197] WARNING root: No data for RFFL; skipping.
[2026-05-18 20:23:35,123] ERROR root: Missing key in response for format string: 'identifier'
[2026-05-18 20:23:35,125] WARNING root: No data for RFT1; skipping.
[2026-05-18 20:23:35,895] ERROR root: Missing key in response for format string: 'identifier'
[2026-05-18 20:23:35,896] WARNING root: No data for RGP1; skipping.
[2026-05-18 20:23:36,661] ERROR root: Missing key in response for format string: 'identifier'
[2026-05-18 20:23:36,662] WARNING root: No data for RGPD6; skipping.
[2026-05-18 20:23:37,628] ERROR root: Missing key in response for format string: 'identifier'
[2026-05-18 20:23:37,629] WARNING root: No data for RHOQ; skipping.
[2026-05-18 20:23:38,395] ERROR root: Missing key in response for format string: 'identifier'
[2026-05-18 20:23:38,396] WARNING root: No data for RHPN1; skipping.
[2026-05-18 20:23:39,146] ERROR root: Missing key in response for format string: 'identifier'
[2026-05-18 20:23:39,148] WARNING root: No data for RINT1; skipping.
[2026-05-18 20:23:40,074] ERROR root: Missing key in response for format string: 'identifier'
[2026-05-18 20:23:40,075] WARNING root: No data for RIOK1; skipping.
[2026-05-18 20:23:41,255] ERROR root: Missing key in response for format string: 'identifier'
[2026-05-18 20:23:41,257] WARNING root: No data for RIOK2; skipping.
[2026-05-18 20:23:42,282] ERROR root: Missing key in response for format string: 'identifier'
[2026-05-18 20:23:42,283] WARNING root: No data for RMI1; skipping.
[2026-05-18 20:23:43,046] ERROR root: Missing key in response for format string: 'identifier'
[2026-05-18 20:23:43,492] WARNING root: No data for RNASEH2C; skipping.
[2026-05-18 20:23:44,262] ERROR root: Missing key in response for format string: 'identifier'
[2026-05-18 20:23:44,264] WARNING root: No data for RNF103; skipping.
[2026-05-18 20:23:45,009] ERROR root: Missing key in response for format string: 'identifier'
[2026-05-18 20:23:45,010] WARNING root: No data for RNF113A; skipping.
[2026-05-18 20:23:45,764] ERROR root: Missing key in response for format string: 'identifier'
[2026-05-18 20:23:45,765] WARNING root: No data for RNF123; skipping.
[2026-05-18 20:23:46,525] ERROR root: Missing key in response for format string: 'identifier'
[2026-05-18 20:23:46,526] WARNING root: No data for RNF14; skipping.
[2026-05-18 20:23:47,371] ERROR root: Missing key in response for format string: 'identifier'
[2026-05-18 20:23:47,372] WARNING root: No data for RNF168; skipping.
[2026-05-18 20:23:48,130] ERROR root: Missing key in response for format string: 'identifier'
[2026-05-18 20:23:48,131] WARNING root: No data for RNF20; skipping.
[2026-05-18 20:23:48,879] ERROR root: Missing key in response for format string: 'identifier'
[2026-05-18 20:23:48,880] WARNING root: No data for RNF4; skipping.
[2026-05-18 20:23:49,640] ERROR root: Missing key in response for format string: 'identifier'
[2026-05-18 20:23:49,641] WARNING root: No data for RNF40; skipping.
[2026-05-18 20:23:50,685] ERROR root: Missing key in response for format string: 'identifier'
[2026-05-18 20:23:50,687] WARNING root: No data for RNF8; skipping.
[2026-05-18 20:23:51,433] ERROR root: Missing key in response for format string: 'identifier'
[2026-05-18 20:23:51,434] WARNING root: No data for RNGTT; skipping.
[2026-05-18 20:23:52,189] ERROR root: Missing key in response for format string: 'identifier'
[2026-05-18 20:23:52,191] WARNING root: No data for RNMT; skipping.
[2026-05-18 20:23:52,947] ERROR root: Missing key in response for format string: 'identifier'
[2026-05-18 20:23:52,948] WARNING root: No data for RNPC3; skipping.
[2026-05-18 20:23:53,700] ERROR root: Missing key in response for format string: 'identifier'
[2026-05-18 20:23:53,702] WARNING root: No data for RNPS1; skipping.
[2026-05-18 20:23:54,457] ERROR root: Missing key in response for format string: 'identifier'
[2026-05-18 20:23:54,458] WARNING root: No data for ROMO1; skipping.
[2026-05-18 20:23:55,403] ERROR root: Missing key in response for format string: 'identifier'
[2026-05-18 20:23:55,404] WARNING root: No data for RPA1; skipping.
[2026-05-18 20:23:56,351] ERROR root: Missing key in response for format string: 'identifier'
[2026-05-18 20:23:56,352] WARNING root: No data for RPA2; skipping.
[2026-05-18 20:23:57,113] ERROR root: Missing key in response for format string: 'identifier'
[2026-05-18 20:23:57,114] WARNING root: No data for RPA3; skipping.
[2026-05-18 20:23:57,870] ERROR root: Missing key in response for format string: 'identifier'
[2026-05-18 20:23:57,871] WARNING root: No data for RPAIN; skipping.
[2026-05-18 20:23:58,632] ERROR root: Missing key in response for format string: 'identifier'
[2026-05-18 20:23:58,633] WARNING root: No data for RPAP1; skipping.
[2026-05-18 20:23:59,395] ERROR root: Missing key in response for format string: 'identifier'
[2026-05-18 20:23:59,396] WARNING root: No data for RPAP2; skipping.
[2026-05-18 20:24:00,159] ERROR root: Missing key in response for format string: 'identifier'
[2026-05-18 20:24:00,160] WARNING root: No data for RPAP3; skipping.
[2026-05-18 20:24:01,129] ERROR root: Missing key in response for format string: 'identifier'
[2026-05-18 20:24:01,130] WARNING root: No data for RPE; skipping.
[2026-05-18 20:24:02,087] ERROR root: Missing key in response for format string: 'identifier'
[2026-05-18 20:24:02,088] WARNING root: No data for RPF1; skipping.
[2026-05-18 20:24:02,873] ERROR root: Missing key in response for format string: 'identifier'
[2026-05-18 20:24:02,874] WARNING root: No data for RPF2; skipping.
[2026-05-18 20:24:03,819] ERROR root: Missing key in response for format string: 'identifier'
[2026-05-18 20:24:03,820] WARNING root: No data for RPL10; skipping.
[2026-05-18 20:24:04,578] ERROR root: Missing key in response for format string: 'identifier'
[2026-05-18 20:24:04,579] WARNING root: No data for RPL10A; skipping.
[2026-05-18 20:24:05,339] ERROR root: Missing key in response for format string: 'identifier'
[2026-05-18 20:24:05,340] WARNING root: No data for RPL11; skipping.
[2026-05-18 20:24:06,091] ERROR root: Missing key in response for format string: 'identifier'
[2026-05-18 20:24:06,092] WARNING root: No data for RPL12; skipping.
[2026-05-18 20:24:06,849] ERROR root: Missing key in response for format string: 'identifier'
[2026-05-18 20:24:06,851] WARNING root: No data for RPL13; skipping.
[2026-05-18 20:24:07,603] ERROR root: Missing key in response for format string: 'identifier'
[2026-05-18 20:24:07,604] WARNING root: No data for RPL13A; skipping.
[2026-05-18 20:24:08,359] ERROR root: Missing key in response for format string: 'identifier'
[2026-05-18 20:24:08,361] WARNING root: No data for RPL14; skipping.
[2026-05-18 20:24:09,119] ERROR root: Missing key in response for format string: 'identifier'
[2026-05-18 20:24:09,120] WARNING root: No data for RPL15; skipping.
[2026-05-18 20:24:10,066] ERROR root: Missing key in response for format string: 'identifier'
[2026-05-18 20:24:10,067] WARNING root: No data for RPL17; skipping.
[2026-05-18 20:24:10,821] ERROR root: Missing key in response for format string: 'identifier'
[2026-05-18 20:24:10,822] WARNING root: No data for RPL18; skipping.
[2026-05-18 20:24:11,580] ERROR root: Missing key in response for format string: 'identifier'
[2026-05-18 20:24:11,581] WARNING root: No data for RPL18A; skipping.
[2026-05-18 20:24:12,341] ERROR root: Missing key in response for format string: 'identifier'
[2026-05-18 20:24:12,342] WARNING root: No data for RPL19; skipping.
[2026-05-18 20:24:13,102] ERROR root: Missing key in response for format string: 'identifier'
[2026-05-18 20:24:13,103] WARNING root: No data for RPL21; skipping.
[2026-05-18 20:24:13,857] ERROR root: Missing key in response for format string: 'identifier'
[2026-05-18 20:24:13,858] WARNING root: No data for RPL23; skipping.
[2026-05-18 20:24:14,620] ERROR root: Missing key in response for format string: 'identifier'
[2026-05-18 20:24:14,621] WARNING root: No data for RPL23A; skipping.
[2026-05-18 20:24:15,385] ERROR root: Missing key in response for format string: 'identifier'
[2026-05-18 20:24:15,386] WARNING root: No data for RPL24; skipping.
[2026-05-18 20:24:16,138] ERROR root: Missing key in response for format string: 'identifier'
[2026-05-18 20:24:16,139] WARNING root: No data for RPL26; skipping.
[2026-05-18 20:24:16,889] ERROR root: Missing key in response for format string: 'identifier'
[2026-05-18 20:24:16,890] WARNING root: No data for RPL26L1; skipping.
[2026-05-18 20:24:17,645] ERROR root: Missing key in response for format string: 'identifier'
[2026-05-18 20:24:17,647] WARNING root: No data for RPL27; skipping.
[2026-05-18 20:24:18,397] ERROR root: Missing key in response for format string: 'identifier'
[2026-05-18 20:24:18,398] WARNING root: No data for RPL27A; skipping.
[2026-05-18 20:24:19,155] ERROR root: Missing key in response for format string: 'identifier'
[2026-05-18 20:24:19,156] WARNING root: No data for RPL28; skipping.
[2026-05-18 20:24:20,393] ERROR root: Missing key in response for format string: 'identifier'
[2026-05-18 20:24:20,394] WARNING root: No data for RPL29; skipping.
[2026-05-18 20:24:21,149] ERROR root: Missing key in response for format string: 'identifier'
[2026-05-18 20:24:21,150] WARNING root: No data for RPL3; skipping.
[2026-05-18 20:24:21,901] ERROR root: Missing key in response for format string: 'identifier'
[2026-05-18 20:24:21,902] WARNING root: No data for RPL30; skipping.
[2026-05-18 20:24:22,653] ERROR root: Missing key in response for format string: 'identifier'
[2026-05-18 20:24:22,654] WARNING root: No data for RPL31; skipping.
[2026-05-18 20:24:23,406] ERROR root: Missing key in response for format string: 'identifier'
[2026-05-18 20:24:23,407] WARNING root: No data for RPL32; skipping.
[2026-05-18 20:24:24,162] ERROR root: Missing key in response for format string: 'identifier'
[2026-05-18 20:24:24,163] WARNING root: No data for RPL34; skipping.
[2026-05-18 20:24:24,908] ERROR root: Missing key in response for format string: 'identifier'
[2026-05-18 20:24:24,909] WARNING root: No data for RPL35; skipping.
[2026-05-18 20:24:25,665] ERROR root: Missing key in response for format string: 'identifier'
[2026-05-18 20:24:25,666] WARNING root: No data for RPL35A; skipping.
[2026-05-18 20:24:26,417] ERROR root: Missing key in response for format string: 'identifier'
[2026-05-18 20:24:26,418] WARNING root: No data for RPL36; skipping.
[2026-05-18 20:24:27,180] ERROR root: Missing key in response for format string: 'identifier'
[2026-05-18 20:24:27,181] WARNING root: No data for RPL36A; skipping.
[2026-05-18 20:24:27,928] ERROR root: Missing key in response for format string: 'identifier'
[2026-05-18 20:24:27,929] WARNING root: No data for RPL36AL; skipping.
[2026-05-18 20:24:28,685] ERROR root: Missing key in response for format string: 'identifier'
[2026-05-18 20:24:28,686] WARNING root: No data for RPL37; skipping.
[2026-05-18 20:24:29,436] ERROR root: Missing key in response for format string: 'identifier'
[2026-05-18 20:24:29,437] WARNING root: No data for RPL37A; skipping.
[2026-05-18 20:24:30,197] ERROR root: Missing key in response for format string: 'identifier'
[2026-05-18 20:24:30,198] WARNING root: No data for RPL38; skipping.
[2026-05-18 20:24:30,947] ERROR root: Missing key in response for format string: 'identifier'
[2026-05-18 20:24:30,949] WARNING root: No data for RPL39; skipping.
[2026-05-18 20:24:31,710] ERROR root: Missing key in response for format string: 'identifier'
[2026-05-18 20:24:31,711] WARNING root: No data for RPL4; skipping.
[2026-05-18 20:24:32,573] ERROR root: Missing key in response for format string: 'identifier'
[2026-05-18 20:24:32,574] WARNING root: No data for RPL41; skipping.
[2026-05-18 20:24:33,543] ERROR root: Missing key in response for format string: 'identifier'
[2026-05-18 20:24:33,544] WARNING root: No data for RPL5; skipping.
[2026-05-18 20:24:34,303] ERROR root: Missing key in response for format string: 'identifier'
[2026-05-18 20:24:34,304] WARNING root: No data for RPL6; skipping.
[2026-05-18 20:24:35,070] ERROR root: Missing key in response for format string: 'identifier'
[2026-05-18 20:24:35,071] WARNING root: No data for RPL7; skipping.
[2026-05-18 20:24:35,890] ERROR root: Missing key in response for format string: 'identifier'
[2026-05-18 20:24:35,891] WARNING root: No data for RPL7A; skipping.
[2026-05-18 20:24:36,662] ERROR root: Missing key in response for format string: 'identifier'
[2026-05-18 20:24:36,663] WARNING root: No data for RPL7L1; skipping.
[2026-05-18 20:24:37,420] ERROR root: Missing key in response for format string: 'identifier'
[2026-05-18 20:24:37,421] WARNING root: No data for RPL8; skipping.
[2026-05-18 20:24:38,178] ERROR root: Missing key in response for format string: 'identifier'
[2026-05-18 20:24:38,179] WARNING root: No data for RPL9; skipping.
[2026-05-18 20:24:38,937] ERROR root: Missing key in response for format string: 'identifier'
[2026-05-18 20:24:38,938] WARNING root: No data for RPLP0; skipping.
[2026-05-18 20:24:39,694] ERROR root: Missing key in response for format string: 'identifier'
[2026-05-18 20:24:39,695] WARNING root: No data for RPLP1; skipping.
[2026-05-18 20:24:40,448] ERROR root: Missing key in response for format string: 'identifier'
[2026-05-18 20:24:40,449] WARNING root: No data for RPLP2; skipping.
[2026-05-18 20:24:41,398] ERROR root: Missing key in response for format string: 'identifier'
[2026-05-18 20:24:41,399] WARNING root: No data for RPN1; skipping.
[2026-05-18 20:24:42,489] ERROR root: Missing key in response for format string: 'identifier'
[2026-05-18 20:24:42,490] WARNING root: No data for RPN2; skipping.
[2026-05-18 20:24:43,240] ERROR root: Missing key in response for format string: 'identifier'
[2026-05-18 20:24:43,241] WARNING root: No data for RPP14; skipping.
[2026-05-18 20:24:44,008] ERROR root: Missing key in response for format string: 'identifier'
[2026-05-18 20:24:44,009] WARNING root: No data for RPP21; skipping.
[2026-05-18 20:24:44,758] ERROR root: Missing key in response for format string: 'identifier'
[2026-05-18 20:24:44,759] WARNING root: No data for RPP30; skipping.
[2026-05-18 20:24:45,939] ERROR root: Missing key in response for format string: 'identifier'
[2026-05-18 20:24:45,940] WARNING root: No data for RPP38; skipping.
[2026-05-18 20:24:46,691] ERROR root: Missing key in response for format string: 'identifier'
[2026-05-18 20:24:46,692] WARNING root: No data for RPP40; skipping.
[2026-05-18 20:24:47,450] ERROR root: Missing key in response for format string: 'identifier'
[2026-05-18 20:24:47,451] WARNING root: No data for RPS10; skipping.
[2026-05-18 20:24:48,207] ERROR root: Missing key in response for format string: 'identifier'
[2026-05-18 20:24:48,208] WARNING root: No data for RPS10-NUDT3; skipping.
[2026-05-18 20:24:48,958] ERROR root: Missing key in response for format string: 'identifier'
[2026-05-18 20:24:48,959] WARNING root: No data for RPS11; skipping.
[2026-05-18 20:24:49,713] ERROR root: Missing key in response for format string: 'identifier'
[2026-05-18 20:24:49,714] WARNING root: No data for RPS12; skipping.
[2026-05-18 20:24:50,482] ERROR root: Missing key in response for format string: 'identifier'
[2026-05-18 20:24:50,483] WARNING root: No data for RPS13; skipping.
[2026-05-18 20:24:51,234] ERROR root: Missing key in response for format string: 'identifier'
[2026-05-18 20:24:51,235] WARNING root: No data for RPS14; skipping.
[2026-05-18 20:24:51,990] ERROR root: Missing key in response for format string: 'identifier'
[2026-05-18 20:24:51,991] WARNING root: No data for RPS15; skipping.
[2026-05-18 20:24:52,750] ERROR root: Missing key in response for format string: 'identifier'
[2026-05-18 20:24:52,751] WARNING root: No data for RPS15A; skipping.
[2026-05-18 20:24:53,500] ERROR root: Missing key in response for format string: 'identifier'
[2026-05-18 20:24:53,501] WARNING root: No data for RPS16; skipping.
[2026-05-18 20:24:54,258] ERROR root: Missing key in response for format string: 'identifier'
[2026-05-18 20:24:54,259] WARNING root: No data for RPS17; skipping.
[2026-05-18 20:24:55,008] ERROR root: Missing key in response for format string: 'identifier'
[2026-05-18 20:24:55,009] WARNING root: No data for RPS18; skipping.
[2026-05-18 20:24:55,954] ERROR root: Missing key in response for format string: 'identifier'
[2026-05-18 20:24:55,955] WARNING root: No data for RPS19; skipping.
[2026-05-18 20:24:56,710] ERROR root: Missing key in response for format string: 'identifier'
[2026-05-18 20:24:56,711] WARNING root: No data for RPS19BP1; skipping.
[2026-05-18 20:24:57,642] ERROR root: Missing key in response for format string: 'identifier'
[2026-05-18 20:24:57,643] WARNING root: No data for RPS2; skipping.
[2026-05-18 20:24:58,398] ERROR root: Missing key in response for format string: 'identifier'
[2026-05-18 20:24:58,399] WARNING root: No data for RPS20; skipping.
[2026-05-18 20:24:59,149] ERROR root: Missing key in response for format string: 'identifier'
[2026-05-18 20:24:59,151] WARNING root: No data for RPS21; skipping.
[2026-05-18 20:24:59,896] ERROR root: Missing key in response for format string: 'identifier'
[2026-05-18 20:24:59,897] WARNING root: No data for RPS23; skipping.
[2026-05-18 20:25:00,655] ERROR root: Missing key in response for format string: 'identifier'
[2026-05-18 20:25:00,657] WARNING root: No data for RPS24; skipping.
[2026-05-18 20:25:01,417] ERROR root: Missing key in response for format string: 'identifier'
[2026-05-18 20:25:01,418] WARNING root: No data for RPS25; skipping.
[2026-05-18 20:25:02,178] ERROR root: Missing key in response for format string: 'identifier'
[2026-05-18 20:25:02,179] WARNING root: No data for RPS26; skipping.
[2026-05-18 20:25:02,947] ERROR root: Missing key in response for format string: 'identifier'
[2026-05-18 20:25:02,949] WARNING root: No data for RPS27; skipping.
[2026-05-18 20:25:03,896] ERROR root: Missing key in response for format string: 'identifier'
[2026-05-18 20:25:03,898] WARNING root: No data for RPS27A; skipping.
[2026-05-18 20:25:04,653] ERROR root: Missing key in response for format string: 'identifier'
[2026-05-18 20:25:04,654] WARNING root: No data for RPS28; skipping.
[2026-05-18 20:25:05,412] ERROR root: Missing key in response for format string: 'identifier'
[2026-05-18 20:25:05,413] WARNING root: No data for RPS29; skipping.
[2026-05-18 20:25:06,174] ERROR root: Missing key in response for format string: 'identifier'
[2026-05-18 20:25:06,176] WARNING root: No data for RPS3; skipping.
[2026-05-18 20:25:06,932] ERROR root: Missing key in response for format string: 'identifier'
[2026-05-18 20:25:06,933] WARNING root: No data for RPS3A; skipping.
[2026-05-18 20:25:07,682] ERROR root: Missing key in response for format string: 'identifier'
[2026-05-18 20:25:07,683] WARNING root: No data for RPS4X; skipping.
[2026-05-18 20:25:08,438] ERROR root: Missing key in response for format string: 'identifier'
[2026-05-18 20:25:08,439] WARNING root: No data for RPS5; skipping.
[2026-05-18 20:25:09,204] ERROR root: Missing key in response for format string: 'identifier'
[2026-05-18 20:25:09,205] WARNING root: No data for RPS6; skipping.
[2026-05-18 20:25:09,963] ERROR root: Missing key in response for format string: 'identifier'
[2026-05-18 20:25:09,964] WARNING root: No data for RPS7; skipping.
[2026-05-18 20:25:10,723] ERROR root: Missing key in response for format string: 'identifier'
[2026-05-18 20:25:10,724] WARNING root: No data for RPS8; skipping.
[2026-05-18 20:25:11,481] ERROR root: Missing key in response for format string: 'identifier'
[2026-05-18 20:25:11,485] WARNING root: No data for RPS9; skipping.
[2026-05-18 20:25:12,428] ERROR root: Missing key in response for format string: 'identifier'
[2026-05-18 20:25:12,429] WARNING root: No data for RPSA; skipping.
[2026-05-18 20:25:13,444] ERROR root: Missing key in response for format string: 'identifier'
[2026-05-18 20:25:13,445] WARNING root: No data for RPTOR; skipping.
[2026-05-18 20:25:14,207] ERROR root: Missing key in response for format string: 'identifier'
[2026-05-18 20:25:14,208] WARNING root: No data for RPUSD3; skipping.
[2026-05-18 20:25:14,959] ERROR root: Missing key in response for format string: 'identifier'
[2026-05-18 20:25:14,960] WARNING root: No data for RPUSD4; skipping.
[2026-05-18 20:25:16,105] ERROR root: Missing key in response for format string: 'identifier'
[2026-05-18 20:25:16,106] WARNING root: No data for RRM1; skipping.
[2026-05-18 20:25:17,055] ERROR root: Missing key in response for format string: 'identifier'
[2026-05-18 20:25:17,056] WARNING root: No data for RRM2; skipping.
[2026-05-18 20:25:17,829] ERROR root: Missing key in response for format string: 'identifier'
[2026-05-18 20:25:17,830] WARNING root: No data for RRN3; skipping.
[2026-05-18 20:25:18,597] ERROR root: Missing key in response for format string: 'identifier'
[2026-05-18 20:25:18,598] WARNING root: No data for RRP1; skipping.
[2026-05-18 20:25:19,351] ERROR root: Missing key in response for format string: 'identifier'
[2026-05-18 20:25:19,352] WARNING root: No data for RRP12; skipping.
[2026-05-18 20:25:20,111] ERROR root: Missing key in response for format string: 'identifier'
[2026-05-18 20:25:20,112] WARNING root: No data for RRP15; skipping.
[2026-05-18 20:25:20,861] ERROR root: Missing key in response for format string: 'identifier'
[2026-05-18 20:25:20,862] WARNING root: No data for RRP7A; skipping.
[2026-05-18 20:25:21,621] ERROR root: Missing key in response for format string: 'identifier'
[2026-05-18 20:25:21,622] WARNING root: No data for RRP9; skipping.
[2026-05-18 20:25:23,014] ERROR root: Missing key in response for format string: 'identifier'
[2026-05-18 20:25:23,015] WARNING root: No data for RRS1; skipping.
[2026-05-18 20:25:23,775] ERROR root: Missing key in response for format string: 'identifier'
[2026-05-18 20:25:23,777] WARNING root: No data for RSL1D1; skipping.
[2026-05-18 20:25:24,537] ERROR root: Missing key in response for format string: 'identifier'
[2026-05-18 20:25:24,538] WARNING root: No data for RSL24D1; skipping.
[2026-05-18 20:25:25,299] ERROR root: Missing key in response for format string: 'identifier'
[2026-05-18 20:25:25,300] WARNING root: No data for RSRC2; skipping.
[2026-05-18 20:25:26,062] ERROR root: Missing key in response for format string: 'identifier'
[2026-05-18 20:25:26,063] WARNING root: No data for RTCB; skipping.
[2026-05-18 20:25:27,022] ERROR root: Missing key in response for format string: 'identifier'
[2026-05-18 20:25:27,024] WARNING root: No data for RTEL1; skipping.
[2026-05-18 20:25:27,771] ERROR root: Missing key in response for format string: 'identifier'
[2026-05-18 20:25:27,772] WARNING root: No data for RTF1; skipping.
[2026-05-18 20:25:28,532] ERROR root: Missing key in response for format string: 'identifier'
[2026-05-18 20:25:28,533] WARNING root: No data for RTTN; skipping.
[2026-05-18 20:25:29,592] ERROR root: Missing key in response for format string: 'identifier'
[2026-05-18 20:25:29,593] WARNING root: No data for RUVBL1; skipping.
[2026-05-18 20:25:30,356] ERROR root: Missing key in response for format string: 'identifier'
[2026-05-18 20:25:30,357] WARNING root: No data for RUVBL2; skipping.
[2026-05-18 20:25:31,117] ERROR root: Missing key in response for format string: 'identifier'
[2026-05-18 20:25:31,118] WARNING root: No data for SACM1L; skipping.
[2026-05-18 20:25:32,264] ERROR root: Missing key in response for format string: 'identifier'
[2026-05-18 20:25:32,266] WARNING root: No data for SAE1; skipping.
[2026-05-18 20:25:33,022] ERROR root: Missing key in response for format string: 'identifier'
[2026-05-18 20:25:33,023] WARNING root: No data for SAMM50; skipping.
[2026-05-18 20:25:33,793] ERROR root: Missing key in response for format string: 'identifier'
[2026-05-18 20:25:33,794] WARNING root: No data for SAP130; skipping.
[2026-05-18 20:25:34,561] ERROR root: Missing key in response for format string: 'identifier'
[2026-05-18 20:25:34,562] WARNING root: No data for SAP18; skipping.
[2026-05-18 20:25:35,323] ERROR root: Missing key in response for format string: 'identifier'
[2026-05-18 20:25:35,324] WARNING root: No data for SAP30BP; skipping.
[2026-05-18 20:25:36,082] ERROR root: Missing key in response for format string: 'identifier'
[2026-05-18 20:25:36,083] WARNING root: No data for SARNP; skipping.
[2026-05-18 20:25:37,039] ERROR root: Missing key in response for format string: 'identifier'
[2026-05-18 20:25:37,040] WARNING root: No data for SARS; skipping.
[2026-05-18 20:25:37,801] ERROR root: Missing key in response for format string: 'identifier'
[2026-05-18 20:25:37,802] WARNING root: No data for SARS2; skipping.
[2026-05-18 20:25:38,560] ERROR root: Missing key in response for format string: 'identifier'
[2026-05-18 20:25:38,561] WARNING root: No data for SART1; skipping.
[2026-05-18 20:25:41,150] ERROR root: Missing key in response for format string: 'identifier'
[2026-05-18 20:25:41,152] WARNING root: No data for SART3; skipping.
[2026-05-18 20:25:41,902] ERROR root: Missing key in response for format string: 'identifier'
[2026-05-18 20:25:41,904] WARNING root: No data for SASS6; skipping.
[2026-05-18 20:25:42,671] ERROR root: Missing key in response for format string: 'identifier'
[2026-05-18 20:25:42,672] WARNING root: No data for SBDS; skipping.
[2026-05-18 20:25:43,448] ERROR root: Missing key in response for format string: 'identifier'
[2026-05-18 20:25:43,449] WARNING root: No data for SBNO1; skipping.
[2026-05-18 20:25:44,202] ERROR root: Missing key in response for format string: 'identifier'
[2026-05-18 20:25:44,203] WARNING root: No data for SCAF1; skipping.
[2026-05-18 20:25:45,165] ERROR root: Missing key in response for format string: 'identifier'
[2026-05-18 20:25:45,166] WARNING root: No data for SCAP; skipping.
[2026-05-18 20:25:46,108] ERROR root: Missing key in response for format string: 'identifier'
[2026-05-18 20:25:46,109] WARNING root: No data for SCD; skipping.
[2026-05-18 20:25:46,868] ERROR root: Missing key in response for format string: 'identifier'
[2026-05-18 20:25:46,870] WARNING root: No data for SCFD1; skipping.
[2026-05-18 20:25:47,622] ERROR root: Missing key in response for format string: 'identifier'
[2026-05-18 20:25:47,623] WARNING root: No data for SCNM1; skipping.
[2026-05-18 20:25:48,379] ERROR root: Missing key in response for format string: 'identifier'
[2026-05-18 20:25:48,380] WARNING root: No data for SDAD1; skipping.
[2026-05-18 20:25:49,315] ERROR root: Missing key in response for format string: 'identifier'
[2026-05-18 20:25:49,316] WARNING root: No data for SDC1; skipping.
[2026-05-18 20:25:50,073] ERROR root: Missing key in response for format string: 'identifier'
[2026-05-18 20:25:50,074] WARNING root: No data for SDE2; skipping.
[2026-05-18 20:25:51,019] ERROR root: Missing key in response for format string: 'identifier'
[2026-05-18 20:25:51,020] WARNING root: No data for SDHA; skipping.
[2026-05-18 20:25:51,778] ERROR root: Missing key in response for format string: 'identifier'
[2026-05-18 20:25:51,779] WARNING root: No data for SDHAF2; skipping.
[2026-05-18 20:25:52,545] ERROR root: Missing key in response for format string: 'identifier'
[2026-05-18 20:25:52,546] WARNING root: No data for SDHC; skipping.
[2026-05-18 20:25:53,484] ERROR root: Missing key in response for format string: 'identifier'
[2026-05-18 20:25:53,486] WARNING root: No data for SDHD; skipping.
[2026-05-18 20:25:54,438] ERROR root: Missing key in response for format string: 'identifier'
[2026-05-18 20:25:54,439] WARNING root: No data for SEC13; skipping.
[2026-05-18 20:25:55,198] ERROR root: Missing key in response for format string: 'identifier'
[2026-05-18 20:25:55,199] WARNING root: No data for SEC16A; skipping.
[2026-05-18 20:25:55,960] ERROR root: Missing key in response for format string: 'identifier'
[2026-05-18 20:25:55,962] WARNING root: No data for SEC61A1; skipping.
[2026-05-18 20:25:56,719] ERROR root: Missing key in response for format string: 'identifier'
[2026-05-18 20:25:56,720] WARNING root: No data for SEC61B; skipping.
[2026-05-18 20:25:57,489] ERROR root: Missing key in response for format string: 'identifier'
[2026-05-18 20:25:57,490] WARNING root: No data for SEC61G; skipping.
[2026-05-18 20:25:58,259] ERROR root: Missing key in response for format string: 'identifier'
[2026-05-18 20:25:58,260] WARNING root: No data for SEC62; skipping.
[2026-05-18 20:25:59,207] ERROR root: Missing key in response for format string: 'identifier'
[2026-05-18 20:25:59,208] WARNING root: No data for SEC63; skipping.
[2026-05-18 20:25:59,970] ERROR root: Missing key in response for format string: 'identifier'
[2026-05-18 20:25:59,971] WARNING root: No data for SEH1L; skipping.
[2026-05-18 20:26:01,322] ERROR root: Missing key in response for format string: 'identifier'
[2026-05-18 20:26:01,324] WARNING root: No data for SEM1; skipping.
[2026-05-18 20:26:02,082] ERROR root: Missing key in response for format string: 'identifier'
[2026-05-18 20:26:02,083] WARNING root: No data for SENP6; skipping.
[2026-05-18 20:26:02,845] ERROR root: Missing key in response for format string: 'identifier'
[2026-05-18 20:26:02,846] WARNING root: No data for SEPHS2; skipping.
[2026-05-18 20:26:03,606] ERROR root: Missing key in response for format string: 'identifier'
[2026-05-18 20:26:03,607] WARNING root: No data for SEPSECS; skipping.
[2026-05-18 20:26:04,364] ERROR root: Missing key in response for format string: 'identifier'
[2026-05-18 20:26:04,366] WARNING root: No data for SERBP1; skipping.
[2026-05-18 20:26:05,521] ERROR root: Missing key in response for format string: 'identifier'
[2026-05-18 20:26:05,522] WARNING root: No data for SET; skipping.
[2026-05-18 20:26:06,276] ERROR root: Missing key in response for format string: 'identifier'
[2026-05-18 20:26:06,277] WARNING root: No data for SETD1A; skipping.
[2026-05-18 20:26:07,226] ERROR root: Missing key in response for format string: 'identifier'
[2026-05-18 20:26:07,227] WARNING root: No data for SETD2; skipping.
[2026-05-18 20:26:08,178] ERROR root: Missing key in response for format string: 'identifier'
[2026-05-18 20:26:08,179] WARNING root: No data for SETDB1; skipping.
[2026-05-18 20:26:08,952] ERROR root: Missing key in response for format string: 'identifier'
[2026-05-18 20:26:08,953] WARNING root: No data for SF1; skipping.
[2026-05-18 20:26:09,712] ERROR root: Missing key in response for format string: 'identifier'
[2026-05-18 20:26:09,713] WARNING root: No data for SF3A1; skipping.
[2026-05-18 20:26:10,467] ERROR root: Missing key in response for format string: 'identifier'
[2026-05-18 20:26:10,468] WARNING root: No data for SF3A2; skipping.
[2026-05-18 20:26:11,226] ERROR root: Missing key in response for format string: 'identifier'
[2026-05-18 20:26:11,228] WARNING root: No data for SF3A3; skipping.
[2026-05-18 20:26:12,175] ERROR root: Missing key in response for format string: 'identifier'
[2026-05-18 20:26:12,176] WARNING root: No data for SF3B1; skipping.
[2026-05-18 20:26:12,936] ERROR root: Missing key in response for format string: 'identifier'
[2026-05-18 20:26:12,937] WARNING root: No data for SF3B2; skipping.
[2026-05-18 20:26:13,702] ERROR root: Missing key in response for format string: 'identifier'
[2026-05-18 20:26:13,703] WARNING root: No data for SF3B3; skipping.
[2026-05-18 20:26:14,453] ERROR root: Missing key in response for format string: 'identifier'
[2026-05-18 20:26:14,454] WARNING root: No data for SF3B4; skipping.
[2026-05-18 20:26:15,213] ERROR root: Missing key in response for format string: 'identifier'
[2026-05-18 20:26:15,214] WARNING root: No data for SF3B5; skipping.
[2026-05-18 20:26:16,164] ERROR root: Missing key in response for format string: 'identifier'
[2026-05-18 20:26:16,165] WARNING root: No data for SFPQ; skipping.
[2026-05-18 20:26:16,921] ERROR root: Missing key in response for format string: 'identifier'
[2026-05-18 20:26:16,922] WARNING root: No data for SFSWAP; skipping.
[2026-05-18 20:26:17,678] ERROR root: Missing key in response for format string: 'identifier'
[2026-05-18 20:26:17,680] WARNING root: No data for SGPP1; skipping.
[2026-05-18 20:26:18,497] ERROR root: Missing key in response for format string: 'identifier'
[2026-05-18 20:26:18,498] WARNING root: No data for SHQ1; skipping.
[2026-05-18 20:26:19,259] ERROR root: Missing key in response for format string: 'identifier'
[2026-05-18 20:26:19,260] WARNING root: No data for SIGLEC14; skipping.
[2026-05-18 20:26:20,223] ERROR root: Missing key in response for format string: 'identifier'
[2026-05-18 20:26:20,224] WARNING root: No data for SIN3A; skipping.
[2026-05-18 20:26:20,988] ERROR root: Missing key in response for format string: 'identifier'
[2026-05-18 20:26:20,989] WARNING root: No data for SKA1; skipping.
[2026-05-18 20:26:21,743] ERROR root: Missing key in response for format string: 'identifier'
[2026-05-18 20:26:21,744] WARNING root: No data for SKA3; skipping.
[2026-05-18 20:26:22,695] ERROR root: Missing key in response for format string: 'identifier'
[2026-05-18 20:26:22,696] WARNING root: No data for SKP1; skipping.
[2026-05-18 20:26:24,063] ERROR root: Missing key in response for format string: 'identifier'
[2026-05-18 20:26:24,064] WARNING root: No data for SKP2; skipping.
[2026-05-18 20:26:25,223] ERROR root: Missing key in response for format string: 'identifier'
[2026-05-18 20:26:25,225] WARNING root: No data for SLBP; skipping.
[2026-05-18 20:26:26,094] ERROR root: Missing key in response for format string: 'identifier'
[2026-05-18 20:26:26,095] WARNING root: No data for SLC16A5; skipping.
[2026-05-18 20:26:26,858] ERROR root: Missing key in response for format string: 'identifier'
[2026-05-18 20:26:26,859] WARNING root: No data for SLC1A5; skipping.
[2026-05-18 20:26:27,619] ERROR root: Missing key in response for format string: 'identifier'
[2026-05-18 20:26:27,620] WARNING root: No data for SLC25A10; skipping.
[2026-05-18 20:26:28,374] ERROR root: Missing key in response for format string: 'identifier'
[2026-05-18 20:26:28,375] WARNING root: No data for SLC25A26; skipping.
[2026-05-18 20:26:29,132] ERROR root: Missing key in response for format string: 'identifier'
[2026-05-18 20:26:29,133] WARNING root: No data for SLC25A3; skipping.
[2026-05-18 20:26:29,890] ERROR root: Missing key in response for format string: 'identifier'
[2026-05-18 20:26:29,892] WARNING root: No data for SLC35B1; skipping.
[2026-05-18 20:26:30,641] ERROR root: Missing key in response for format string: 'identifier'
[2026-05-18 20:26:30,643] WARNING root: No data for SLC35G6; skipping.
[2026-05-18 20:26:31,402] ERROR root: Missing key in response for format string: 'identifier'
[2026-05-18 20:26:31,403] WARNING root: No data for SLC39A10; skipping.
[2026-05-18 20:26:32,164] ERROR root: Missing key in response for format string: 'identifier'
[2026-05-18 20:26:32,166] WARNING root: No data for SLC39A7; skipping.
[2026-05-18 20:26:32,924] ERROR root: Missing key in response for format string: 'identifier'
[2026-05-18 20:26:32,925] WARNING root: No data for SLC39A9; skipping.
[2026-05-18 20:26:33,869] ERROR root: Missing key in response for format string: 'identifier'
[2026-05-18 20:26:33,871] WARNING root: No data for SLC4A5; skipping.
[2026-05-18 20:26:34,812] ERROR root: Missing key in response for format string: 'identifier'
[2026-05-18 20:26:34,813] WARNING root: No data for SLC7A5; skipping.
[2026-05-18 20:26:35,565] ERROR root: Missing key in response for format string: 'identifier'
[2026-05-18 20:26:35,566] WARNING root: No data for SLC7A6OS; skipping.
[2026-05-18 20:26:36,717] ERROR root: Missing key in response for format string: 'identifier'
[2026-05-18 20:26:36,718] WARNING root: No data for SLC9B1; skipping.
[2026-05-18 20:26:37,486] ERROR root: Missing key in response for format string: 'identifier'
[2026-05-18 20:26:37,487] WARNING root: No data for SLU7; skipping.
[2026-05-18 20:26:38,246] ERROR root: Missing key in response for format string: 'identifier'
[2026-05-18 20:26:38,247] WARNING root: No data for SMAGP; skipping.
[2026-05-18 20:26:39,242] ERROR root: Missing key in response for format string: 'identifier'
[2026-05-18 20:26:39,244] WARNING root: No data for SMARCB1; skipping.
[2026-05-18 20:26:40,008] ERROR root: Missing key in response for format string: 'identifier'
[2026-05-18 20:26:40,009] WARNING root: No data for SMARCE1; skipping.
[2026-05-18 20:26:40,769] ERROR root: Missing key in response for format string: 'identifier'
[2026-05-18 20:26:40,770] WARNING root: No data for SMC1A; skipping.
[2026-05-18 20:26:41,721] ERROR root: Missing key in response for format string: 'identifier'
[2026-05-18 20:26:41,723] WARNING root: No data for SMC2; skipping.
[2026-05-18 20:26:42,662] ERROR root: Missing key in response for format string: 'identifier'
[2026-05-18 20:26:42,663] WARNING root: No data for SMC3; skipping.
[2026-05-18 20:26:43,709] ERROR root: Missing key in response for format string: 'identifier'
[2026-05-18 20:26:43,710] WARNING root: No data for SMC4; skipping.
[2026-05-18 20:26:44,669] ERROR root: Missing key in response for format string: 'identifier'
[2026-05-18 20:26:44,670] WARNING root: No data for SMC5; skipping.
[2026-05-18 20:26:45,626] ERROR root: Missing key in response for format string: 'identifier'
[2026-05-18 20:26:45,627] WARNING root: No data for SMC6; skipping.
[2026-05-18 20:26:46,578] ERROR root: Missing key in response for format string: 'identifier'
[2026-05-18 20:26:46,579] WARNING root: No data for SMG1; skipping.
[2026-05-18 20:26:47,339] ERROR root: Missing key in response for format string: 'identifier'
[2026-05-18 20:26:47,340] WARNING root: No data for SMG5; skipping.
[2026-05-18 20:26:48,099] ERROR root: Missing key in response for format string: 'identifier'
[2026-05-18 20:26:48,101] WARNING root: No data for SMG6; skipping.
[2026-05-18 20:26:49,046] ERROR root: Missing key in response for format string: 'identifier'
[2026-05-18 20:26:49,047] WARNING root: No data for SMN2; skipping.
[2026-05-18 20:26:49,809] ERROR root: Missing key in response for format string: 'identifier'
[2026-05-18 20:26:49,810] WARNING root: No data for SMNDC1; skipping.
[2026-05-18 20:26:50,560] ERROR root: Missing key in response for format string: 'identifier'
[2026-05-18 20:26:50,561] WARNING root: No data for SMU1; skipping.
[2026-05-18 20:26:51,327] ERROR root: Missing key in response for format string: 'identifier'
[2026-05-18 20:26:51,328] WARNING root: No data for SMUG1; skipping.
[2026-05-18 20:26:52,186] ERROR root: Missing key in response for format string: 'identifier'
[2026-05-18 20:26:52,187] WARNING root: No data for SNAPC1; skipping.
[2026-05-18 20:26:52,943] ERROR root: Missing key in response for format string: 'identifier'
[2026-05-18 20:26:52,944] WARNING root: No data for SNAPC2; skipping.
[2026-05-18 20:26:53,699] ERROR root: Missing key in response for format string: 'identifier'
[2026-05-18 20:26:53,701] WARNING root: No data for SNAPC3; skipping.
[2026-05-18 20:26:54,455] ERROR root: Missing key in response for format string: 'identifier'
[2026-05-18 20:26:54,456] WARNING root: No data for SNAPC4; skipping.
[2026-05-18 20:26:55,212] ERROR root: Missing key in response for format string: 'identifier'
[2026-05-18 20:26:55,213] WARNING root: No data for SNAPC5; skipping.
[2026-05-18 20:26:55,960] ERROR root: Missing key in response for format string: 'identifier'
[2026-05-18 20:26:55,961] WARNING root: No data for SNF8; skipping.
[2026-05-18 20:26:56,732] ERROR root: Missing key in response for format string: 'identifier'
[2026-05-18 20:26:56,734] WARNING root: No data for SNIP1; skipping.
[2026-05-18 20:26:57,498] ERROR root: Missing key in response for format string: 'identifier'
[2026-05-18 20:26:57,499] WARNING root: No data for SNRNP200; skipping.
[2026-05-18 20:26:58,251] ERROR root: Missing key in response for format string: 'identifier'
[2026-05-18 20:26:58,252] WARNING root: No data for SNRNP25; skipping.
[2026-05-18 20:26:59,010] ERROR root: Missing key in response for format string: 'identifier'
[2026-05-18 20:26:59,012] WARNING root: No data for SNRNP27; skipping.
[2026-05-18 20:26:59,768] ERROR root: Missing key in response for format string: 'identifier'
[2026-05-18 20:26:59,769] WARNING root: No data for SNRNP35; skipping.
[2026-05-18 20:27:00,601] ERROR root: Missing key in response for format string: 'identifier'
[2026-05-18 20:27:00,602] WARNING root: No data for SNRNP40; skipping.
[2026-05-18 20:27:01,357] ERROR root: Missing key in response for format string: 'identifier'
[2026-05-18 20:27:01,358] WARNING root: No data for SNRNP48; skipping.
[2026-05-18 20:27:02,116] ERROR root: Missing key in response for format string: 'identifier'
[2026-05-18 20:27:02,117] WARNING root: No data for SNRNP70; skipping.
[2026-05-18 20:27:02,876] ERROR root: Missing key in response for format string: 'identifier'
[2026-05-18 20:27:02,877] WARNING root: No data for SNRPA1; skipping.
[2026-05-18 20:27:03,628] ERROR root: Missing key in response for format string: 'identifier'
[2026-05-18 20:27:03,629] WARNING root: No data for SNRPB; skipping.
[2026-05-18 20:27:04,580] ERROR root: Missing key in response for format string: 'identifier'
[2026-05-18 20:27:04,581] WARNING root: No data for SNRPC; skipping.
[2026-05-18 20:27:05,333] ERROR root: Missing key in response for format string: 'identifier'
[2026-05-18 20:27:05,334] WARNING root: No data for SNRPD1; skipping.
[2026-05-18 20:27:06,295] ERROR root: Missing key in response for format string: 'identifier'
[2026-05-18 20:27:06,296] WARNING root: No data for SNRPD2; skipping.
[2026-05-18 20:27:07,046] ERROR root: Missing key in response for format string: 'identifier'
[2026-05-18 20:27:07,047] WARNING root: No data for SNRPD3; skipping.
[2026-05-18 20:27:07,809] ERROR root: Missing key in response for format string: 'identifier'
[2026-05-18 20:27:07,810] WARNING root: No data for SNRPE; skipping.
[2026-05-18 20:27:08,564] ERROR root: Missing key in response for format string: 'identifier'
[2026-05-18 20:27:08,565] WARNING root: No data for SNRPF; skipping.
[2026-05-18 20:27:09,319] ERROR root: Missing key in response for format string: 'identifier'
[2026-05-18 20:27:09,320] WARNING root: No data for SNRPG; skipping.
[2026-05-18 20:27:10,067] ERROR root: Missing key in response for format string: 'identifier'
[2026-05-18 20:27:10,068] WARNING root: No data for SNUPN; skipping.
[2026-05-18 20:27:10,825] ERROR root: Missing key in response for format string: 'identifier'
[2026-05-18 20:27:10,826] WARNING root: No data for SNW1; skipping.
[2026-05-18 20:27:11,582] ERROR root: Missing key in response for format string: 'identifier'
[2026-05-18 20:27:11,583] WARNING root: No data for SNX15; skipping.
[2026-05-18 20:27:12,730] ERROR root: Missing key in response for format string: 'identifier'
[2026-05-18 20:27:12,731] WARNING root: No data for SOD1; skipping.
[2026-05-18 20:27:13,863] ERROR root: Missing key in response for format string: 'identifier'
[2026-05-18 20:27:13,864] WARNING root: No data for SOD2; skipping.
[2026-05-18 20:27:14,820] ERROR root: Missing key in response for format string: 'identifier'
[2026-05-18 20:27:14,822] WARNING root: No data for SON; skipping.
[2026-05-18 20:27:15,772] ERROR root: Missing key in response for format string: 'identifier'
[2026-05-18 20:27:15,773] WARNING root: No data for SP2; skipping.
[2026-05-18 20:27:16,588] ERROR root: Missing key in response for format string: 'identifier'
[2026-05-18 20:27:16,590] WARNING root: No data for SPATA5; skipping.
[2026-05-18 20:27:17,346] ERROR root: Missing key in response for format string: 'identifier'
[2026-05-18 20:27:17,347] WARNING root: No data for SPATA5L1; skipping.
[2026-05-18 20:27:18,106] ERROR root: Missing key in response for format string: 'identifier'
[2026-05-18 20:27:18,107] WARNING root: No data for SPC24; skipping.
[2026-05-18 20:27:18,860] ERROR root: Missing key in response for format string: 'identifier'
[2026-05-18 20:27:18,861] WARNING root: No data for SPC25; skipping.
[2026-05-18 20:27:19,676] ERROR root: Missing key in response for format string: 'identifier'
[2026-05-18 20:27:19,677] WARNING root: No data for SPCS2; skipping.
[2026-05-18 20:27:20,442] ERROR root: Missing key in response for format string: 'identifier'
[2026-05-18 20:27:20,443] WARNING root: No data for SPCS3; skipping.
[2026-05-18 20:27:21,285] ERROR root: Missing key in response for format string: 'identifier'
[2026-05-18 20:27:21,286] WARNING root: No data for SPDL1; skipping.
[2026-05-18 20:27:22,036] ERROR root: Missing key in response for format string: 'identifier'
[2026-05-18 20:27:22,038] WARNING root: No data for SPDYE2; skipping.
[2026-05-18 20:27:22,791] ERROR root: Missing key in response for format string: 'identifier'
[2026-05-18 20:27:22,792] WARNING root: No data for SPRTN; skipping.
[2026-05-18 20:27:23,735] ERROR root: Missing key in response for format string: 'identifier'
[2026-05-18 20:27:23,737] WARNING root: No data for SPTLC1; skipping.
[2026-05-18 20:27:24,489] ERROR root: Missing key in response for format string: 'identifier'
[2026-05-18 20:27:24,490] WARNING root: No data for SPTSSA; skipping.
[2026-05-18 20:27:25,249] ERROR root: Missing key in response for format string: 'identifier'
[2026-05-18 20:27:25,250] WARNING root: No data for SRBD1; skipping.
[2026-05-18 20:27:26,006] ERROR root: Missing key in response for format string: 'identifier'
[2026-05-18 20:27:26,008] WARNING root: No data for SRCAP; skipping.
[2026-05-18 20:27:27,138] ERROR root: Missing key in response for format string: 'identifier'
[2026-05-18 20:27:27,139] WARNING root: No data for SRF; skipping.
[2026-05-18 20:27:27,895] ERROR root: Missing key in response for format string: 'identifier'
[2026-05-18 20:27:27,896] WARNING root: No data for SRFBP1; skipping.
[2026-05-18 20:27:28,650] ERROR root: Missing key in response for format string: 'identifier'
[2026-05-18 20:27:28,651] WARNING root: No data for SRP14; skipping.
[2026-05-18 20:27:29,422] ERROR root: Missing key in response for format string: 'identifier'
[2026-05-18 20:27:29,423] WARNING root: No data for SRP19; skipping.
[2026-05-18 20:27:30,177] ERROR root: Missing key in response for format string: 'identifier'
[2026-05-18 20:27:30,178] WARNING root: No data for SRP54; skipping.
[2026-05-18 20:27:30,931] ERROR root: Missing key in response for format string: 'identifier'
[2026-05-18 20:27:30,932] WARNING root: No data for SRP68; skipping.
[2026-05-18 20:27:31,686] ERROR root: Missing key in response for format string: 'identifier'
[2026-05-18 20:27:31,687] WARNING root: No data for SRP72; skipping.
[2026-05-18 20:27:32,443] ERROR root: Missing key in response for format string: 'identifier'
[2026-05-18 20:27:32,444] WARNING root: No data for SRP9; skipping.
[2026-05-18 20:27:33,202] ERROR root: Missing key in response for format string: 'identifier'
[2026-05-18 20:27:33,203] WARNING root: No data for SRPRB; skipping.
[2026-05-18 20:27:33,972] ERROR root: Missing key in response for format string: 'identifier'
[2026-05-18 20:27:33,973] WARNING root: No data for SRRM1; skipping.
[2026-05-18 20:27:34,729] ERROR root: Missing key in response for format string: 'identifier'
[2026-05-18 20:27:34,730] WARNING root: No data for SRRM2; skipping.
[2026-05-18 20:27:35,484] ERROR root: Missing key in response for format string: 'identifier'
[2026-05-18 20:27:35,485] WARNING root: No data for SRRT; skipping.
[2026-05-18 20:27:36,428] ERROR root: Missing key in response for format string: 'identifier'
[2026-05-18 20:27:36,429] WARNING root: No data for SRSF1; skipping.
[2026-05-18 20:27:37,182] ERROR root: Missing key in response for format string: 'identifier'
[2026-05-18 20:27:37,183] WARNING root: No data for SRSF10; skipping.
[2026-05-18 20:27:37,946] ERROR root: Missing key in response for format string: 'identifier'
[2026-05-18 20:27:37,947] WARNING root: No data for SRSF11; skipping.
[2026-05-18 20:27:38,886] ERROR root: Missing key in response for format string: 'identifier'
[2026-05-18 20:27:38,887] WARNING root: No data for SRSF2; skipping.
[2026-05-18 20:27:39,649] ERROR root: Missing key in response for format string: 'identifier'
[2026-05-18 20:27:39,650] WARNING root: No data for SRSF3; skipping.
[2026-05-18 20:27:40,418] ERROR root: Missing key in response for format string: 'identifier'
[2026-05-18 20:27:40,419] WARNING root: No data for SRSF6; skipping.
[2026-05-18 20:27:41,181] ERROR root: Missing key in response for format string: 'identifier'
[2026-05-18 20:27:41,182] WARNING root: No data for SRSF7; skipping.
[2026-05-18 20:27:41,945] ERROR root: Missing key in response for format string: 'identifier'
[2026-05-18 20:27:41,946] WARNING root: No data for SS18L2; skipping.
[2026-05-18 20:27:42,709] ERROR root: Missing key in response for format string: 'identifier'
[2026-05-18 20:27:42,710] WARNING root: No data for SSBP1; skipping.
[2026-05-18 20:27:43,917] ERROR root: Missing key in response for format string: 'identifier'
[2026-05-18 20:27:43,919] WARNING root: No data for SSBP3; skipping.
[2026-05-18 20:27:44,669] ERROR root: Missing key in response for format string: 'identifier'
[2026-05-18 20:27:44,670] WARNING root: No data for SSRP1; skipping.
[2026-05-18 20:27:45,444] ERROR root: Missing key in response for format string: 'identifier'
[2026-05-18 20:27:45,445] WARNING root: No data for SSU72; skipping.
[2026-05-18 20:27:46,408] ERROR root: Missing key in response for format string: 'identifier'
[2026-05-18 20:27:46,409] WARNING root: No data for SSX4; skipping.
[2026-05-18 20:27:47,236] ERROR root: Missing key in response for format string: 'identifier'
[2026-05-18 20:27:47,237] WARNING root: No data for STARD7; skipping.
[2026-05-18 20:27:48,187] ERROR root: Missing key in response for format string: 'identifier'
[2026-05-18 20:27:48,189] WARNING root: No data for STAT5A; skipping.
[2026-05-18 20:27:48,951] ERROR root: Missing key in response for format string: 'identifier'
[2026-05-18 20:27:48,952] WARNING root: No data for STIL; skipping.
[2026-05-18 20:27:49,706] ERROR root: Missing key in response for format string: 'identifier'
[2026-05-18 20:27:49,708] WARNING root: No data for STRAP; skipping.
[2026-05-18 20:27:50,466] ERROR root: Missing key in response for format string: 'identifier'
[2026-05-18 20:27:50,467] WARNING root: No data for STRIP1; skipping.
[2026-05-18 20:27:51,229] ERROR root: Missing key in response for format string: 'identifier'
[2026-05-18 20:27:51,230] WARNING root: No data for STX18; skipping.
[2026-05-18 20:27:51,980] ERROR root: Missing key in response for format string: 'identifier'
[2026-05-18 20:27:51,981] WARNING root: No data for STX5; skipping.
[2026-05-18 20:27:52,733] ERROR root: Missing key in response for format string: 'identifier'
[2026-05-18 20:27:52,734] WARNING root: No data for SUGP1; skipping.
[2026-05-18 20:27:53,503] ERROR root: Missing key in response for format string: 'identifier'
[2026-05-18 20:27:53,504] WARNING root: No data for SUGT1; skipping.
[2026-05-18 20:27:54,447] ERROR root: Missing key in response for format string: 'identifier'
[2026-05-18 20:27:54,448] WARNING root: No data for SUMO2; skipping.
[2026-05-18 20:27:55,394] ERROR root: Missing key in response for format string: 'identifier'
[2026-05-18 20:27:55,395] WARNING root: No data for SUPT16H; skipping.
[2026-05-18 20:27:56,156] ERROR root: Missing key in response for format string: 'identifier'
[2026-05-18 20:27:56,157] WARNING root: No data for SUPT4H1; skipping.
[2026-05-18 20:27:57,113] ERROR root: Missing key in response for format string: 'identifier'
[2026-05-18 20:27:57,114] WARNING root: No data for SUPT5H; skipping.
[2026-05-18 20:27:57,881] ERROR root: Missing key in response for format string: 'identifier'
[2026-05-18 20:27:57,882] WARNING root: No data for SUPT6H; skipping.
[2026-05-18 20:27:58,675] ERROR root: Missing key in response for format string: 'identifier'
[2026-05-18 20:27:58,676] WARNING root: No data for SUPV3L1; skipping.
[2026-05-18 20:27:59,449] ERROR root: Missing key in response for format string: 'identifier'
[2026-05-18 20:27:59,450] WARNING root: No data for SURF6; skipping.
[2026-05-18 20:28:00,215] ERROR root: Missing key in response for format string: 'identifier'
[2026-05-18 20:28:00,216] WARNING root: No data for SYF2; skipping.
[2026-05-18 20:28:00,973] ERROR root: Missing key in response for format string: 'identifier'
[2026-05-18 20:28:00,974] WARNING root: No data for SYMPK; skipping.
[2026-05-18 20:28:01,727] ERROR root: Missing key in response for format string: 'identifier'
[2026-05-18 20:28:01,728] WARNING root: No data for SYS1; skipping.
[2026-05-18 20:28:02,512] ERROR root: Missing key in response for format string: 'identifier'
[2026-05-18 20:28:02,513] WARNING root: No data for TACC3; skipping.
[2026-05-18 20:28:03,281] ERROR root: Missing key in response for format string: 'identifier'
[2026-05-18 20:28:03,282] WARNING root: No data for TADA2A; skipping.
[2026-05-18 20:28:04,031] ERROR root: Missing key in response for format string: 'identifier'
[2026-05-18 20:28:04,032] WARNING root: No data for TADA3; skipping.
[2026-05-18 20:28:04,997] ERROR root: Missing key in response for format string: 'identifier'
[2026-05-18 20:28:04,999] WARNING root: No data for TAF1; skipping.
[2026-05-18 20:28:05,764] ERROR root: Missing key in response for format string: 'identifier'
[2026-05-18 20:28:05,765] WARNING root: No data for TAF10; skipping.
[2026-05-18 20:28:06,538] ERROR root: Missing key in response for format string: 'identifier'
[2026-05-18 20:28:06,539] WARNING root: No data for TAF12; skipping.
[2026-05-18 20:28:07,426] ERROR root: Missing key in response for format string: 'identifier'
[2026-05-18 20:28:07,427] WARNING root: No data for TAF1B; skipping.
[2026-05-18 20:28:08,227] ERROR root: Missing key in response for format string: 'identifier'
[2026-05-18 20:28:08,229] WARNING root: No data for TAF1C; skipping.
[2026-05-18 20:28:08,982] ERROR root: Missing key in response for format string: 'identifier'
[2026-05-18 20:28:08,983] WARNING root: No data for TAF1D; skipping.
[2026-05-18 20:28:09,740] ERROR root: Missing key in response for format string: 'identifier'
[2026-05-18 20:28:09,742] WARNING root: No data for TAF2; skipping.
[2026-05-18 20:28:10,502] ERROR root: Missing key in response for format string: 'identifier'
[2026-05-18 20:28:10,503] WARNING root: No data for TAF5; skipping.
[2026-05-18 20:28:11,269] ERROR root: Missing key in response for format string: 'identifier'
[2026-05-18 20:28:11,271] WARNING root: No data for TAF6; skipping.
[2026-05-18 20:28:12,031] ERROR root: Missing key in response for format string: 'identifier'
[2026-05-18 20:28:12,032] WARNING root: No data for TAF7; skipping.
[2026-05-18 20:28:15,450] ERROR root: Missing key in response for format string: 'identifier'
[2026-05-18 20:28:15,451] WARNING root: No data for TAF8; skipping.
[2026-05-18 20:28:16,209] ERROR root: Missing key in response for format string: 'identifier'
[2026-05-18 20:28:16,210] WARNING root: No data for TAMM41; skipping.
[2026-05-18 20:28:16,967] ERROR root: Missing key in response for format string: 'identifier'
[2026-05-18 20:28:16,968] WARNING root: No data for TANGO6; skipping.
[2026-05-18 20:28:18,116] ERROR root: Missing key in response for format string: 'identifier'
[2026-05-18 20:28:18,117] WARNING root: No data for TARDBP; skipping.
[2026-05-18 20:28:18,904] ERROR root: Missing key in response for format string: 'identifier'
[2026-05-18 20:28:18,905] WARNING root: No data for TARS; skipping.
[2026-05-18 20:28:19,659] ERROR root: Missing key in response for format string: 'identifier'
[2026-05-18 20:28:19,661] WARNING root: No data for TARS2; skipping.
[2026-05-18 20:28:20,410] ERROR root: Missing key in response for format string: 'identifier'
[2026-05-18 20:28:20,411] WARNING root: No data for TBC1D28; skipping.
[2026-05-18 20:28:21,367] ERROR root: Missing key in response for format string: 'identifier'
[2026-05-18 20:28:21,369] WARNING root: No data for TBC1D3; skipping.
[2026-05-18 20:28:22,121] ERROR root: Missing key in response for format string: 'identifier'
[2026-05-18 20:28:22,122] WARNING root: No data for TBCA; skipping.
[2026-05-18 20:28:23,458] ERROR root: Missing key in response for format string: 'identifier'
[2026-05-18 20:28:23,459] WARNING root: No data for TBCB; skipping.
[2026-05-18 20:28:24,243] ERROR root: Missing key in response for format string: 'identifier'
[2026-05-18 20:28:24,244] WARNING root: No data for TBCC; skipping.
[2026-05-18 20:28:25,005] ERROR root: Missing key in response for format string: 'identifier'
[2026-05-18 20:28:25,007] WARNING root: No data for TBCD; skipping.
[2026-05-18 20:28:25,777] ERROR root: Missing key in response for format string: 'identifier'
[2026-05-18 20:28:25,778] WARNING root: No data for TBCE; skipping.
[2026-05-18 20:28:26,538] ERROR root: Missing key in response for format string: 'identifier'
[2026-05-18 20:28:26,539] WARNING root: No data for TBL3; skipping.
[2026-05-18 20:28:27,541] ERROR root: Missing key in response for format string: 'identifier'
[2026-05-18 20:28:27,542] WARNING root: No data for TBP; skipping.
[2026-05-18 20:28:28,409] ERROR root: Missing key in response for format string: 'identifier'
[2026-05-18 20:28:28,410] WARNING root: No data for TCERG1; skipping.
[2026-05-18 20:28:29,169] ERROR root: Missing key in response for format string: 'identifier'
[2026-05-18 20:28:29,171] WARNING root: No data for TCOF1; skipping.
[2026-05-18 20:28:30,334] ERROR root: Missing key in response for format string: 'identifier'
[2026-05-18 20:28:30,335] WARNING root: No data for TCP1; skipping.
[2026-05-18 20:28:31,096] ERROR root: Missing key in response for format string: 'identifier'
[2026-05-18 20:28:31,097] WARNING root: No data for TDGF1; skipping.
[2026-05-18 20:28:31,849] ERROR root: Missing key in response for format string: 'identifier'
[2026-05-18 20:28:31,850] WARNING root: No data for TEAD3; skipping.
[2026-05-18 20:28:32,608] ERROR root: Missing key in response for format string: 'identifier'
[2026-05-18 20:28:32,609] WARNING root: No data for TEFM; skipping.
[2026-05-18 20:28:33,566] ERROR root: Missing key in response for format string: 'identifier'
[2026-05-18 20:28:33,567] WARNING root: No data for TELO2; skipping.
[2026-05-18 20:28:34,519] ERROR root: Missing key in response for format string: 'identifier'
[2026-05-18 20:28:34,521] WARNING root: No data for TEN1; skipping.
[2026-05-18 20:28:35,464] ERROR root: Missing key in response for format string: 'identifier'
[2026-05-18 20:28:35,466] WARNING root: No data for TERF1; skipping.
[2026-05-18 20:28:36,408] ERROR root: Missing key in response for format string: 'identifier'
[2026-05-18 20:28:36,409] WARNING root: No data for TERF2; skipping.
[2026-05-18 20:28:37,167] ERROR root: Missing key in response for format string: 'identifier'
[2026-05-18 20:28:37,168] WARNING root: No data for TEX10; skipping.
[2026-05-18 20:28:38,113] ERROR root: Missing key in response for format string: 'identifier'
[2026-05-18 20:28:38,114] WARNING root: No data for TFAM; skipping.
[2026-05-18 20:28:38,875] ERROR root: Missing key in response for format string: 'identifier'
[2026-05-18 20:28:38,876] WARNING root: No data for TFB2M; skipping.
[2026-05-18 20:28:39,643] ERROR root: Missing key in response for format string: 'identifier'
[2026-05-18 20:28:39,644] WARNING root: No data for TFDP1; skipping.
[2026-05-18 20:28:40,402] ERROR root: Missing key in response for format string: 'identifier'
[2026-05-18 20:28:40,403] WARNING root: No data for TFIP11; skipping.
[2026-05-18 20:28:41,347] ERROR root: Missing key in response for format string: 'identifier'
[2026-05-18 20:28:41,348] WARNING root: No data for TFRC; skipping.
[2026-05-18 20:28:42,112] ERROR root: Missing key in response for format string: 'identifier'
[2026-05-18 20:28:42,113] WARNING root: No data for TGS1; skipping.
[2026-05-18 20:28:42,875] ERROR root: Missing key in response for format string: 'identifier'
[2026-05-18 20:28:42,876] WARNING root: No data for THAP1; skipping.
[2026-05-18 20:28:43,633] ERROR root: Missing key in response for format string: 'identifier'
[2026-05-18 20:28:43,634] WARNING root: No data for THAP11; skipping.
[2026-05-18 20:28:44,390] ERROR root: Missing key in response for format string: 'identifier'
[2026-05-18 20:28:44,391] WARNING root: No data for THG1L; skipping.
[2026-05-18 20:28:45,157] ERROR root: Missing key in response for format string: 'identifier'
[2026-05-18 20:28:45,158] WARNING root: No data for THOC1; skipping.
[2026-05-18 20:28:45,912] ERROR root: Missing key in response for format string: 'identifier'
[2026-05-18 20:28:45,913] WARNING root: No data for THOC2; skipping.
[2026-05-18 20:28:46,665] ERROR root: Missing key in response for format string: 'identifier'
[2026-05-18 20:28:46,667] WARNING root: No data for THOC3; skipping.
[2026-05-18 20:28:47,422] ERROR root: Missing key in response for format string: 'identifier'
[2026-05-18 20:28:47,423] WARNING root: No data for THOC5; skipping.
[2026-05-18 20:28:48,179] ERROR root: Missing key in response for format string: 'identifier'
[2026-05-18 20:28:48,180] WARNING root: No data for THOC6; skipping.
[2026-05-18 20:28:48,942] ERROR root: Missing key in response for format string: 'identifier'
[2026-05-18 20:28:48,943] WARNING root: No data for THOC7; skipping.
[2026-05-18 20:28:49,700] ERROR root: Missing key in response for format string: 'identifier'
[2026-05-18 20:28:49,701] WARNING root: No data for TICRR; skipping.
[2026-05-18 20:28:50,451] ERROR root: Missing key in response for format string: 'identifier'
[2026-05-18 20:28:50,453] WARNING root: No data for TIGD1; skipping.
[2026-05-18 20:28:51,402] ERROR root: Missing key in response for format string: 'identifier'
[2026-05-18 20:28:51,403] WARNING root: No data for TIMELESS; skipping.
[2026-05-18 20:28:52,388] ERROR root: Missing key in response for format string: 'identifier'
[2026-05-18 20:28:52,389] WARNING root: No data for TIMM10; skipping.
[2026-05-18 20:28:53,314] ERROR root: Missing key in response for format string: 'identifier'
[2026-05-18 20:28:53,316] WARNING root: No data for TIMM13; skipping.
[2026-05-18 20:28:54,079] ERROR root: Missing key in response for format string: 'identifier'
[2026-05-18 20:28:54,080] WARNING root: No data for TIMM22; skipping.
[2026-05-18 20:28:54,839] ERROR root: Missing key in response for format string: 'identifier'
[2026-05-18 20:28:54,840] WARNING root: No data for TIMM23B; skipping.
[2026-05-18 20:28:55,594] ERROR root: Missing key in response for format string: 'identifier'
[2026-05-18 20:28:55,595] WARNING root: No data for TIMM44; skipping.
[2026-05-18 20:28:56,356] ERROR root: Missing key in response for format string: 'identifier'
[2026-05-18 20:28:56,357] WARNING root: No data for TIMM8A; skipping.
[2026-05-18 20:28:57,121] ERROR root: Missing key in response for format string: 'identifier'
[2026-05-18 20:28:57,122] WARNING root: No data for TIMM9; skipping.
[2026-05-18 20:28:57,884] ERROR root: Missing key in response for format string: 'identifier'
[2026-05-18 20:28:57,885] WARNING root: No data for TINF2; skipping.
[2026-05-18 20:28:58,647] ERROR root: Missing key in response for format string: 'identifier'
[2026-05-18 20:28:58,648] WARNING root: No data for TIPIN; skipping.
[2026-05-18 20:28:59,598] ERROR root: Missing key in response for format string: 'identifier'
[2026-05-18 20:28:59,600] WARNING root: No data for TKT; skipping.
[2026-05-18 20:29:00,353] ERROR root: Missing key in response for format string: 'identifier'
[2026-05-18 20:29:00,354] WARNING root: No data for TLCD1; skipping.
[2026-05-18 20:29:01,292] ERROR root: Missing key in response for format string: 'identifier'
[2026-05-18 20:29:01,293] WARNING root: No data for TLN1; skipping.
[2026-05-18 20:29:02,076] ERROR root: Missing key in response for format string: 'identifier'
[2026-05-18 20:29:02,077] WARNING root: No data for TM7SF2; skipping.
[2026-05-18 20:29:02,826] ERROR root: Missing key in response for format string: 'identifier'
[2026-05-18 20:29:02,828] WARNING root: No data for TMA16; skipping.
[2026-05-18 20:29:03,639] ERROR root: Missing key in response for format string: 'identifier'
[2026-05-18 20:29:03,640] WARNING root: No data for TMED2; skipping.
[2026-05-18 20:29:04,403] ERROR root: Missing key in response for format string: 'identifier'
[2026-05-18 20:29:04,404] WARNING root: No data for TMEM127; skipping.
[2026-05-18 20:29:05,292] ERROR root: Missing key in response for format string: 'identifier'
[2026-05-18 20:29:05,293] WARNING root: No data for TMEM199; skipping.
[2026-05-18 20:29:06,100] ERROR root: Missing key in response for format string: 'identifier'
[2026-05-18 20:29:06,101] WARNING root: No data for TMEM240; skipping.
[2026-05-18 20:29:06,862] ERROR root: Missing key in response for format string: 'identifier'
[2026-05-18 20:29:06,863] WARNING root: No data for TMEM258; skipping.
[2026-05-18 20:29:07,624] ERROR root: Missing key in response for format string: 'identifier'
[2026-05-18 20:29:07,625] WARNING root: No data for TMSB10; skipping.
[2026-05-18 20:29:08,590] ERROR root: Missing key in response for format string: 'identifier'
[2026-05-18 20:29:08,591] WARNING root: No data for TMX2; skipping.
[2026-05-18 20:29:09,542] ERROR root: Missing key in response for format string: 'identifier'
[2026-05-18 20:29:09,543] WARNING root: No data for TNNT2; skipping.
[2026-05-18 20:29:10,310] ERROR root: Missing key in response for format string: 'identifier'
[2026-05-18 20:29:10,311] WARNING root: No data for TNPO3; skipping.
[2026-05-18 20:29:11,070] ERROR root: Missing key in response for format string: 'identifier'
[2026-05-18 20:29:11,071] WARNING root: No data for TOE1; skipping.
[2026-05-18 20:29:11,839] ERROR root: Missing key in response for format string: 'identifier'
[2026-05-18 20:29:11,840] WARNING root: No data for TOMM20; skipping.
[2026-05-18 20:29:12,598] ERROR root: Missing key in response for format string: 'identifier'
[2026-05-18 20:29:12,599] WARNING root: No data for TOMM22; skipping.
[2026-05-18 20:29:13,547] ERROR root: Missing key in response for format string: 'identifier'
[2026-05-18 20:29:13,548] WARNING root: No data for TOMM40; skipping.
[2026-05-18 20:29:14,307] ERROR root: Missing key in response for format string: 'identifier'
[2026-05-18 20:29:14,308] WARNING root: No data for TONSL; skipping.
[2026-05-18 20:29:15,260] ERROR root: Missing key in response for format string: 'identifier'
[2026-05-18 20:29:15,261] WARNING root: No data for TOP1; skipping.
[2026-05-18 20:29:16,211] ERROR root: Missing key in response for format string: 'identifier'
[2026-05-18 20:29:16,213] WARNING root: No data for TOP2A; skipping.
[2026-05-18 20:29:16,971] ERROR root: Missing key in response for format string: 'identifier'
[2026-05-18 20:29:16,972] WARNING root: No data for TOP3A; skipping.
[2026-05-18 20:29:18,057] ERROR root: Missing key in response for format string: 'identifier'
[2026-05-18 20:29:18,058] WARNING root: No data for TOPBP1; skipping.
[2026-05-18 20:29:18,812] ERROR root: Missing key in response for format string: 'identifier'
[2026-05-18 20:29:18,813] WARNING root: No data for TOR2A; skipping.
[2026-05-18 20:29:19,810] ERROR root: Missing key in response for format string: 'identifier'
[2026-05-18 20:29:19,811] WARNING root: No data for TP53RK; skipping.
[2026-05-18 20:29:20,570] ERROR root: Missing key in response for format string: 'identifier'
[2026-05-18 20:29:20,571] WARNING root: No data for TPI1; skipping.
[2026-05-18 20:29:21,536] ERROR root: Missing key in response for format string: 'identifier'
[2026-05-18 20:29:21,537] WARNING root: No data for TPR; skipping.
[2026-05-18 20:29:22,364] ERROR root: Missing key in response for format string: 'identifier'
[2026-05-18 20:29:22,366] WARNING root: No data for TPRKB; skipping.
[2026-05-18 20:29:23,854] ERROR root: Missing key in response for format string: 'identifier'
[2026-05-18 20:29:23,855] WARNING root: No data for TPT1; skipping.
[2026-05-18 20:29:25,005] ERROR root: Missing key in response for format string: 'identifier'
[2026-05-18 20:29:25,006] WARNING root: No data for TPX2; skipping.
[2026-05-18 20:29:25,773] ERROR root: Missing key in response for format string: 'identifier'
[2026-05-18 20:29:25,774] WARNING root: No data for TRA2B; skipping.
[2026-05-18 20:29:26,532] ERROR root: Missing key in response for format string: 'identifier'
[2026-05-18 20:29:26,533] WARNING root: No data for TRAIP; skipping.
[2026-05-18 20:29:27,289] ERROR root: Missing key in response for format string: 'identifier'
[2026-05-18 20:29:27,290] WARNING root: No data for TRAPPC1; skipping.
[2026-05-18 20:29:28,049] ERROR root: Missing key in response for format string: 'identifier'
[2026-05-18 20:29:28,050] WARNING root: No data for TRAPPC11; skipping.
[2026-05-18 20:29:28,804] ERROR root: Missing key in response for format string: 'identifier'
[2026-05-18 20:29:28,805] WARNING root: No data for TRAPPC3; skipping.
[2026-05-18 20:29:29,571] ERROR root: Missing key in response for format string: 'identifier'
[2026-05-18 20:29:29,572] WARNING root: No data for TRAPPC4; skipping.
[2026-05-18 20:29:30,325] ERROR root: Missing key in response for format string: 'identifier'
[2026-05-18 20:29:30,326] WARNING root: No data for TRAPPC5; skipping.
[2026-05-18 20:29:31,077] ERROR root: Missing key in response for format string: 'identifier'
[2026-05-18 20:29:31,078] WARNING root: No data for TRAPPC8; skipping.
[2026-05-18 20:29:31,836] ERROR root: Missing key in response for format string: 'identifier'
[2026-05-18 20:29:31,838] WARNING root: No data for TREML2; skipping.
[2026-05-18 20:29:32,591] ERROR root: Missing key in response for format string: 'identifier'
[2026-05-18 20:29:32,592] WARNING root: No data for TREX2; skipping.
[2026-05-18 20:29:33,497] ERROR root: Missing key in response for format string: 'identifier'
[2026-05-18 20:29:33,499] WARNING root: No data for TRIAP1; skipping.
[2026-05-18 20:29:34,257] ERROR root: Missing key in response for format string: 'identifier'
[2026-05-18 20:29:34,258] WARNING root: No data for TRIM49C; skipping.
[2026-05-18 20:29:35,636] ERROR root: Missing key in response for format string: 'identifier'
[2026-05-18 20:29:35,637] WARNING root: No data for TRMT10C; skipping.
[2026-05-18 20:29:36,388] ERROR root: Missing key in response for format string: 'identifier'
[2026-05-18 20:29:36,389] WARNING root: No data for TRMT112; skipping.
[2026-05-18 20:29:37,147] ERROR root: Missing key in response for format string: 'identifier'
[2026-05-18 20:29:37,149] WARNING root: No data for TRMT5; skipping.
[2026-05-18 20:29:37,900] ERROR root: Missing key in response for format string: 'identifier'
[2026-05-18 20:29:37,902] WARNING root: No data for TRMT6; skipping.
[2026-05-18 20:29:38,655] ERROR root: Missing key in response for format string: 'identifier'
[2026-05-18 20:29:38,656] WARNING root: No data for TRNP1; skipping.
[2026-05-18 20:29:39,412] ERROR root: Missing key in response for format string: 'identifier'
[2026-05-18 20:29:39,413] WARNING root: No data for TRNT1; skipping.
[2026-05-18 20:29:40,355] ERROR root: Missing key in response for format string: 'identifier'
[2026-05-18 20:29:40,356] WARNING root: No data for TRPM7; skipping.
[2026-05-18 20:29:41,122] ERROR root: Missing key in response for format string: 'identifier'
[2026-05-18 20:29:41,123] WARNING root: No data for TRRAP; skipping.
[2026-05-18 20:29:41,884] ERROR root: Missing key in response for format string: 'identifier'
[2026-05-18 20:29:41,885] WARNING root: No data for TSEN2; skipping.
[2026-05-18 20:29:42,649] ERROR root: Missing key in response for format string: 'identifier'
[2026-05-18 20:29:42,650] WARNING root: No data for TSEN34; skipping.
[2026-05-18 20:29:43,473] ERROR root: Missing key in response for format string: 'identifier'
[2026-05-18 20:29:43,474] WARNING root: No data for TSEN54; skipping.
[2026-05-18 20:29:44,271] ERROR root: Missing key in response for format string: 'identifier'
[2026-05-18 20:29:44,272] WARNING root: No data for TSFM; skipping.
[2026-05-18 20:29:45,224] ERROR root: Missing key in response for format string: 'identifier'
[2026-05-18 20:29:45,225] WARNING root: No data for TSG101; skipping.
[2026-05-18 20:29:45,977] ERROR root: Missing key in response for format string: 'identifier'
[2026-05-18 20:29:45,978] WARNING root: No data for TSPYL5; skipping.
[2026-05-18 20:29:46,846] ERROR root: Missing key in response for format string: 'identifier'
[2026-05-18 20:29:46,847] WARNING root: No data for TSR1; skipping.
[2026-05-18 20:29:47,647] ERROR root: Missing key in response for format string: 'identifier'
[2026-05-18 20:29:47,648] WARNING root: No data for TSR2; skipping.
[2026-05-18 20:29:48,428] ERROR root: Missing key in response for format string: 'identifier'
[2026-05-18 20:29:48,430] WARNING root: No data for TSSK3; skipping.
[2026-05-18 20:29:49,269] ERROR root: Missing key in response for format string: 'identifier'
[2026-05-18 20:29:49,270] WARNING root: No data for TTC1; skipping.
[2026-05-18 20:29:50,026] ERROR root: Missing key in response for format string: 'identifier'
[2026-05-18 20:29:50,027] WARNING root: No data for TTC27; skipping.
[2026-05-18 20:29:50,780] ERROR root: Missing key in response for format string: 'identifier'
[2026-05-18 20:29:50,782] WARNING root: No data for TTC4; skipping.
[2026-05-18 20:29:51,718] ERROR root: Missing key in response for format string: 'identifier'
[2026-05-18 20:29:51,719] WARNING root: No data for TTF2; skipping.
[2026-05-18 20:29:52,475] ERROR root: Missing key in response for format string: 'identifier'
[2026-05-18 20:29:52,476] WARNING root: No data for TTI1; skipping.
[2026-05-18 20:29:53,222] ERROR root: Missing key in response for format string: 'identifier'
[2026-05-18 20:29:53,224] WARNING root: No data for TTI2; skipping.
[2026-05-18 20:29:54,170] ERROR root: Missing key in response for format string: 'identifier'
[2026-05-18 20:29:54,171] WARNING root: No data for TTK; skipping.
[2026-05-18 20:29:54,931] ERROR root: Missing key in response for format string: 'identifier'
[2026-05-18 20:29:54,932] WARNING root: No data for TUBA1B; skipping.
[2026-05-18 20:29:55,694] ERROR root: Missing key in response for format string: 'identifier'
[2026-05-18 20:29:55,696] WARNING root: No data for TUBA1C; skipping.
[2026-05-18 20:29:56,447] ERROR root: Missing key in response for format string: 'identifier'
[2026-05-18 20:29:56,448] WARNING root: No data for TUBA3D; skipping.
[2026-05-18 20:29:57,398] ERROR root: Missing key in response for format string: 'identifier'
[2026-05-18 20:29:57,399] WARNING root: No data for TUBB; skipping.
[2026-05-18 20:29:58,237] ERROR root: Missing key in response for format string: 'identifier'
[2026-05-18 20:29:58,238] WARNING root: No data for TUBD1; skipping.
[2026-05-18 20:29:59,069] ERROR root: Missing key in response for format string: 'identifier'
[2026-05-18 20:29:59,070] WARNING root: No data for TUBE1; skipping.
[2026-05-18 20:29:59,861] ERROR root: Missing key in response for format string: 'identifier'
[2026-05-18 20:29:59,862] WARNING root: No data for TUBG1; skipping.
[2026-05-18 20:30:00,619] ERROR root: Missing key in response for format string: 'identifier'
[2026-05-18 20:30:00,620] WARNING root: No data for TUBGCP2; skipping.
[2026-05-18 20:30:01,413] ERROR root: Missing key in response for format string: 'identifier'
[2026-05-18 20:30:01,414] WARNING root: No data for TUBGCP3; skipping.
[2026-05-18 20:30:02,201] ERROR root: Missing key in response for format string: 'identifier'
[2026-05-18 20:30:02,202] WARNING root: No data for TUBGCP4; skipping.
[2026-05-18 20:30:02,963] ERROR root: Missing key in response for format string: 'identifier'
[2026-05-18 20:30:02,964] WARNING root: No data for TUBGCP5; skipping.
[2026-05-18 20:30:03,761] ERROR root: Missing key in response for format string: 'identifier'
[2026-05-18 20:30:03,762] WARNING root: No data for TUBGCP6; skipping.
[2026-05-18 20:30:04,516] ERROR root: Missing key in response for format string: 'identifier'
[2026-05-18 20:30:04,517] WARNING root: No data for TULP1; skipping.
[2026-05-18 20:30:05,274] ERROR root: Missing key in response for format string: 'identifier'
[2026-05-18 20:30:05,275] WARNING root: No data for TUT1; skipping.
[2026-05-18 20:30:06,036] ERROR root: Missing key in response for format string: 'identifier'
[2026-05-18 20:30:06,037] WARNING root: No data for TVP23C; skipping.
[2026-05-18 20:30:06,798] ERROR root: Missing key in response for format string: 'identifier'
[2026-05-18 20:30:06,799] WARNING root: No data for TWF1; skipping.
[2026-05-18 20:30:07,552] ERROR root: Missing key in response for format string: 'identifier'
[2026-05-18 20:30:07,553] WARNING root: No data for TWISTNB; skipping.
[2026-05-18 20:30:08,493] ERROR root: Missing key in response for format string: 'identifier'
[2026-05-18 20:30:08,495] WARNING root: No data for TXN; skipping.
[2026-05-18 20:30:09,247] ERROR root: Missing key in response for format string: 'identifier'
[2026-05-18 20:30:09,248] WARNING root: No data for TXNL4A; skipping.
[2026-05-18 20:30:10,006] ERROR root: Missing key in response for format string: 'identifier'
[2026-05-18 20:30:10,007] WARNING root: No data for TXNL4B; skipping.
[2026-05-18 20:30:10,944] ERROR root: Missing key in response for format string: 'identifier'
[2026-05-18 20:30:10,945] WARNING root: No data for U2AF1; skipping.
[2026-05-18 20:30:11,703] ERROR root: Missing key in response for format string: 'identifier'
[2026-05-18 20:30:11,704] WARNING root: No data for U2AF2; skipping.
[2026-05-18 20:30:12,462] ERROR root: Missing key in response for format string: 'identifier'
[2026-05-18 20:30:12,464] WARNING root: No data for U2SURP; skipping.
[2026-05-18 20:30:13,425] ERROR root: Missing key in response for format string: 'identifier'
[2026-05-18 20:30:13,427] WARNING root: No data for UBA1; skipping.
[2026-05-18 20:30:14,570] ERROR root: Missing key in response for format string: 'identifier'
[2026-05-18 20:30:14,571] WARNING root: No data for UBA2; skipping.
[2026-05-18 20:30:15,385] ERROR root: Missing key in response for format string: 'identifier'
[2026-05-18 20:30:15,387] WARNING root: No data for UBA3; skipping.
[2026-05-18 20:30:16,182] ERROR root: Missing key in response for format string: 'identifier'
[2026-05-18 20:30:16,183] WARNING root: No data for UBA5; skipping.
[2026-05-18 20:30:17,114] ERROR root: Missing key in response for format string: 'identifier'
[2026-05-18 20:30:17,115] WARNING root: No data for UBA52; skipping.
[2026-05-18 20:30:17,866] ERROR root: Missing key in response for format string: 'identifier'
[2026-05-18 20:30:17,867] WARNING root: No data for UBAP1; skipping.
[2026-05-18 20:30:18,863] ERROR root: Missing key in response for format string: 'identifier'
[2026-05-18 20:30:18,864] WARNING root: No data for UBC; skipping.
[2026-05-18 20:30:19,610] ERROR root: Missing key in response for format string: 'identifier'
[2026-05-18 20:30:19,611] WARNING root: No data for UBE2D3; skipping.
[2026-05-18 20:30:20,368] ERROR root: Missing key in response for format string: 'identifier'
[2026-05-18 20:30:20,369] WARNING root: No data for UBE2H; skipping.
[2026-05-18 20:30:21,532] ERROR root: Missing key in response for format string: 'identifier'
[2026-05-18 20:30:21,533] WARNING root: No data for UBE2I; skipping.
[2026-05-18 20:30:22,328] ERROR root: Missing key in response for format string: 'identifier'
[2026-05-18 20:30:22,329] WARNING root: No data for UBE2L3; skipping.
[2026-05-18 20:30:23,087] ERROR root: Missing key in response for format string: 'identifier'
[2026-05-18 20:30:23,088] WARNING root: No data for UBE2M; skipping.
[2026-05-18 20:30:24,210] ERROR root: Missing key in response for format string: 'identifier'
[2026-05-18 20:30:24,211] WARNING root: No data for UBE2N; skipping.
[2026-05-18 20:30:24,965] ERROR root: Missing key in response for format string: 'identifier'
[2026-05-18 20:30:24,966] WARNING root: No data for UBE2Z; skipping.
[2026-05-18 20:30:25,922] ERROR root: Missing key in response for format string: 'identifier'
[2026-05-18 20:30:25,923] WARNING root: No data for UBL5; skipping.
[2026-05-18 20:30:26,680] ERROR root: Missing key in response for format string: 'identifier'
[2026-05-18 20:30:26,681] WARNING root: No data for UBQLN4; skipping.
[2026-05-18 20:30:27,439] ERROR root: Missing key in response for format string: 'identifier'
[2026-05-18 20:30:27,441] WARNING root: No data for UBR4; skipping.
[2026-05-18 20:30:28,207] ERROR root: Missing key in response for format string: 'identifier'
[2026-05-18 20:30:28,208] WARNING root: No data for UBR5; skipping.
[2026-05-18 20:30:29,193] ERROR root: Missing key in response for format string: 'identifier'
[2026-05-18 20:30:29,194] WARNING root: No data for UBTF; skipping.
[2026-05-18 20:30:30,017] ERROR root: Missing key in response for format string: 'identifier'
[2026-05-18 20:30:30,018] WARNING root: No data for UFL1; skipping.
[2026-05-18 20:30:30,970] ERROR root: Missing key in response for format string: 'identifier'
[2026-05-18 20:30:30,972] WARNING root: No data for UFM1; skipping.
[2026-05-18 20:30:31,742] ERROR root: Missing key in response for format string: 'identifier'
[2026-05-18 20:30:31,743] WARNING root: No data for UNC45A; skipping.
[2026-05-18 20:30:32,494] ERROR root: Missing key in response for format string: 'identifier'
[2026-05-18 20:30:32,496] WARNING root: No data for UNC50; skipping.
[2026-05-18 20:30:33,447] ERROR root: Missing key in response for format string: 'identifier'
[2026-05-18 20:30:33,449] WARNING root: No data for UPF1; skipping.
[2026-05-18 20:30:34,208] ERROR root: Missing key in response for format string: 'identifier'
[2026-05-18 20:30:34,210] WARNING root: No data for UPF2; skipping.
[2026-05-18 20:30:34,976] ERROR root: Missing key in response for format string: 'identifier'
[2026-05-18 20:30:34,978] WARNING root: No data for UPF3A; skipping.
[2026-05-18 20:30:35,726] ERROR root: Missing key in response for format string: 'identifier'
[2026-05-18 20:30:35,727] WARNING root: No data for UQCC2; skipping.
[2026-05-18 20:30:36,481] ERROR root: Missing key in response for format string: 'identifier'
[2026-05-18 20:30:36,482] WARNING root: No data for UQCRB; skipping.
[2026-05-18 20:30:37,232] ERROR root: Missing key in response for format string: 'identifier'
[2026-05-18 20:30:37,233] WARNING root: No data for UQCRC1; skipping.
[2026-05-18 20:30:37,978] ERROR root: Missing key in response for format string: 'identifier'
[2026-05-18 20:30:37,979] WARNING root: No data for UQCRC2; skipping.
[2026-05-18 20:30:38,736] ERROR root: Missing key in response for format string: 'identifier'
[2026-05-18 20:30:38,738] WARNING root: No data for UQCRFS1; skipping.
[2026-05-18 20:30:41,535] ERROR root: Missing key in response for format string: 'identifier'
[2026-05-18 20:30:41,537] WARNING root: No data for UQCRH; skipping.
[2026-05-18 20:30:42,285] ERROR root: Missing key in response for format string: 'identifier'
[2026-05-18 20:30:42,287] WARNING root: No data for UQCRQ; skipping.
[2026-05-18 20:30:43,042] ERROR root: Missing key in response for format string: 'identifier'
[2026-05-18 20:30:43,044] WARNING root: No data for URB1; skipping.
[2026-05-18 20:30:43,798] ERROR root: Missing key in response for format string: 'identifier'
[2026-05-18 20:30:43,800] WARNING root: No data for URB2; skipping.
[2026-05-18 20:30:44,579] ERROR root: Missing key in response for format string: 'identifier'
[2026-05-18 20:30:44,580] WARNING root: No data for URI1; skipping.
[2026-05-18 20:30:45,341] ERROR root: Missing key in response for format string: 'identifier'
[2026-05-18 20:30:45,342] WARNING root: No data for URM1; skipping.
[2026-05-18 20:30:46,098] ERROR root: Missing key in response for format string: 'identifier'
[2026-05-18 20:30:46,099] WARNING root: No data for UROD; skipping.
[2026-05-18 20:30:46,851] ERROR root: Missing key in response for format string: 'identifier'
[2026-05-18 20:30:46,852] WARNING root: No data for USF2; skipping.
[2026-05-18 20:30:47,797] ERROR root: Missing key in response for format string: 'identifier'
[2026-05-18 20:30:47,799] WARNING root: No data for USP10; skipping.
[2026-05-18 20:30:48,560] ERROR root: Missing key in response for format string: 'identifier'
[2026-05-18 20:30:48,562] WARNING root: No data for USP19; skipping.
[2026-05-18 20:30:49,313] ERROR root: Missing key in response for format string: 'identifier'
[2026-05-18 20:30:49,314] WARNING root: No data for USP36; skipping.
[2026-05-18 20:30:50,065] ERROR root: Missing key in response for format string: 'identifier'
[2026-05-18 20:30:50,066] WARNING root: No data for USP37; skipping.
[2026-05-18 20:30:50,825] ERROR root: Missing key in response for format string: 'identifier'
[2026-05-18 20:30:50,826] WARNING root: No data for USP39; skipping.
[2026-05-18 20:30:51,592] ERROR root: Missing key in response for format string: 'identifier'
[2026-05-18 20:30:51,593] WARNING root: No data for USP5; skipping.
[2026-05-18 20:30:52,554] ERROR root: Missing key in response for format string: 'identifier'
[2026-05-18 20:30:52,555] WARNING root: No data for USP7; skipping.
[2026-05-18 20:30:53,331] ERROR root: Missing key in response for format string: 'identifier'
[2026-05-18 20:30:53,333] WARNING root: No data for USP8; skipping.
[2026-05-18 20:30:54,274] ERROR root: Missing key in response for format string: 'identifier'
[2026-05-18 20:30:54,276] WARNING root: No data for USP9X; skipping.
[2026-05-18 20:30:55,031] ERROR root: Missing key in response for format string: 'identifier'
[2026-05-18 20:30:55,032] WARNING root: No data for USPL1; skipping.
[2026-05-18 20:30:55,783] ERROR root: Missing key in response for format string: 'identifier'
[2026-05-18 20:30:55,784] WARNING root: No data for UTP15; skipping.
[2026-05-18 20:30:56,543] ERROR root: Missing key in response for format string: 'identifier'
[2026-05-18 20:30:56,544] WARNING root: No data for UTP18; skipping.
[2026-05-18 20:30:57,311] ERROR root: Missing key in response for format string: 'identifier'
[2026-05-18 20:30:57,312] WARNING root: No data for UTP20; skipping.
[2026-05-18 20:30:58,067] ERROR root: Missing key in response for format string: 'identifier'
[2026-05-18 20:30:58,068] WARNING root: No data for UTP23; skipping.
[2026-05-18 20:30:58,821] ERROR root: Missing key in response for format string: 'identifier'
[2026-05-18 20:30:58,822] WARNING root: No data for UTP3; skipping.
[2026-05-18 20:30:59,575] ERROR root: Missing key in response for format string: 'identifier'
[2026-05-18 20:30:59,576] WARNING root: No data for UTP6; skipping.
[2026-05-18 20:31:00,358] ERROR root: Missing key in response for format string: 'identifier'
[2026-05-18 20:31:00,359] WARNING root: No data for UXS1; skipping.
[2026-05-18 20:31:01,113] ERROR root: Missing key in response for format string: 'identifier'
[2026-05-18 20:31:01,114] WARNING root: No data for UXT; skipping.
[2026-05-18 20:31:01,886] ERROR root: Missing key in response for format string: 'identifier'
[2026-05-18 20:31:01,887] WARNING root: No data for VARS; skipping.
[2026-05-18 20:31:02,887] ERROR root: Missing key in response for format string: 'identifier'
[2026-05-18 20:31:02,889] WARNING root: No data for VARS2; skipping.
[2026-05-18 20:31:03,658] ERROR root: Missing key in response for format string: 'identifier'
[2026-05-18 20:31:03,660] WARNING root: No data for VBP1; skipping.
[2026-05-18 20:31:04,807] ERROR root: Missing key in response for format string: 'identifier'
[2026-05-18 20:31:04,809] WARNING root: No data for VCP; skipping.
[2026-05-18 20:31:05,757] ERROR root: Missing key in response for format string: 'identifier'
[2026-05-18 20:31:05,758] WARNING root: No data for VEZT; skipping.
[2026-05-18 20:31:06,909] ERROR root: Missing key in response for format string: 'identifier'
[2026-05-18 20:31:06,910] WARNING root: No data for VHL; skipping.
[2026-05-18 20:31:07,692] ERROR root: Missing key in response for format string: 'identifier'
[2026-05-18 20:31:07,693] WARNING root: No data for VMP1; skipping.
[2026-05-18 20:31:08,453] ERROR root: Missing key in response for format string: 'identifier'
[2026-05-18 20:31:08,454] WARNING root: No data for VPS13D; skipping.
[2026-05-18 20:31:09,210] ERROR root: Missing key in response for format string: 'identifier'
[2026-05-18 20:31:09,211] WARNING root: No data for VPS18; skipping.
[2026-05-18 20:31:09,966] ERROR root: Missing key in response for format string: 'identifier'
[2026-05-18 20:31:09,967] WARNING root: No data for VPS25; skipping.
[2026-05-18 20:31:10,724] ERROR root: Missing key in response for format string: 'identifier'
[2026-05-18 20:31:10,725] WARNING root: No data for VPS28; skipping.
[2026-05-18 20:31:11,541] ERROR root: Missing key in response for format string: 'identifier'
[2026-05-18 20:31:11,542] WARNING root: No data for VPS29; skipping.
[2026-05-18 20:31:12,297] ERROR root: Missing key in response for format string: 'identifier'
[2026-05-18 20:31:12,298] WARNING root: No data for VPS33A; skipping.
[2026-05-18 20:31:13,348] ERROR root: Missing key in response for format string: 'identifier'
[2026-05-18 20:31:13,350] WARNING root: No data for VPS35; skipping.
[2026-05-18 20:31:14,113] ERROR root: Missing key in response for format string: 'identifier'
[2026-05-18 20:31:14,114] WARNING root: No data for VPS37A; skipping.
[2026-05-18 20:31:14,861] ERROR root: Missing key in response for format string: 'identifier'
[2026-05-18 20:31:14,862] WARNING root: No data for VPS37C; skipping.
[2026-05-18 20:31:15,621] ERROR root: Missing key in response for format string: 'identifier'
[2026-05-18 20:31:15,622] WARNING root: No data for VPS41; skipping.
[2026-05-18 20:31:16,382] ERROR root: Missing key in response for format string: 'identifier'
[2026-05-18 20:31:16,383] WARNING root: No data for VPS51; skipping.
[2026-05-18 20:31:17,140] ERROR root: Missing key in response for format string: 'identifier'
[2026-05-18 20:31:17,141] WARNING root: No data for VPS54; skipping.
[2026-05-18 20:31:17,896] ERROR root: Missing key in response for format string: 'identifier'
[2026-05-18 20:31:17,898] WARNING root: No data for VPS72; skipping.
[2026-05-18 20:31:18,659] ERROR root: Missing key in response for format string: 'identifier'
[2026-05-18 20:31:18,660] WARNING root: No data for WAC; skipping.
[2026-05-18 20:31:19,606] ERROR root: Missing key in response for format string: 'identifier'
[2026-05-18 20:31:19,608] WARNING root: No data for WARS; skipping.
[2026-05-18 20:31:20,542] ERROR root: Missing key in response for format string: 'identifier'
[2026-05-18 20:31:20,544] WARNING root: No data for WBP1; skipping.
[2026-05-18 20:31:21,312] ERROR root: Missing key in response for format string: 'identifier'
[2026-05-18 20:31:21,313] WARNING root: No data for WBP11; skipping.
[2026-05-18 20:31:22,074] ERROR root: Missing key in response for format string: 'identifier'
[2026-05-18 20:31:22,075] WARNING root: No data for WBP1L; skipping.
[2026-05-18 20:31:22,823] ERROR root: Missing key in response for format string: 'identifier'
[2026-05-18 20:31:22,825] WARNING root: No data for WDHD1; skipping.
[2026-05-18 20:31:23,578] ERROR root: Missing key in response for format string: 'identifier'
[2026-05-18 20:31:23,580] WARNING root: No data for WDR1; skipping.
[2026-05-18 20:31:24,348] ERROR root: Missing key in response for format string: 'identifier'
[2026-05-18 20:31:24,350] WARNING root: No data for WDR12; skipping.
[2026-05-18 20:31:25,107] ERROR root: Missing key in response for format string: 'identifier'
[2026-05-18 20:31:25,108] WARNING root: No data for WDR18; skipping.
[2026-05-18 20:31:25,850] ERROR root: Missing key in response for format string: 'identifier'
[2026-05-18 20:31:25,851] WARNING root: No data for WDR24; skipping.
[2026-05-18 20:31:26,610] ERROR root: Missing key in response for format string: 'identifier'
[2026-05-18 20:31:26,611] WARNING root: No data for WDR25; skipping.
[2026-05-18 20:31:27,366] ERROR root: Missing key in response for format string: 'identifier'
[2026-05-18 20:31:27,368] WARNING root: No data for WDR26; skipping.
[2026-05-18 20:31:28,116] ERROR root: Missing key in response for format string: 'identifier'
[2026-05-18 20:31:28,118] WARNING root: No data for WDR3; skipping.
[2026-05-18 20:31:28,875] ERROR root: Missing key in response for format string: 'identifier'
[2026-05-18 20:31:28,876] WARNING root: No data for WDR33; skipping.
[2026-05-18 20:31:29,625] ERROR root: Missing key in response for format string: 'identifier'
[2026-05-18 20:31:29,626] WARNING root: No data for WDR36; skipping.
[2026-05-18 20:31:30,391] ERROR root: Missing key in response for format string: 'identifier'
[2026-05-18 20:31:30,392] WARNING root: No data for WDR4; skipping.
[2026-05-18 20:31:31,139] ERROR root: Missing key in response for format string: 'identifier'
[2026-05-18 20:31:31,140] WARNING root: No data for WDR43; skipping.
[2026-05-18 20:31:31,895] ERROR root: Missing key in response for format string: 'identifier'
[2026-05-18 20:31:31,896] WARNING root: No data for WDR46; skipping.
[2026-05-18 20:31:32,872] ERROR root: Missing key in response for format string: 'identifier'
[2026-05-18 20:31:32,873] WARNING root: No data for WDR5; skipping.
[2026-05-18 20:31:33,623] ERROR root: Missing key in response for format string: 'identifier'
[2026-05-18 20:31:33,624] WARNING root: No data for WDR54; skipping.
[2026-05-18 20:31:34,378] ERROR root: Missing key in response for format string: 'identifier'
[2026-05-18 20:31:34,379] WARNING root: No data for WDR55; skipping.
[2026-05-18 20:31:35,126] ERROR root: Missing key in response for format string: 'identifier'
[2026-05-18 20:31:35,127] WARNING root: No data for WDR61; skipping.
[2026-05-18 20:31:35,874] ERROR root: Missing key in response for format string: 'identifier'
[2026-05-18 20:31:35,876] WARNING root: No data for WDR7; skipping.
[2026-05-18 20:31:36,633] ERROR root: Missing key in response for format string: 'identifier'
[2026-05-18 20:31:36,634] WARNING root: No data for WDR70; skipping.
[2026-05-18 20:31:37,390] ERROR root: Missing key in response for format string: 'identifier'
[2026-05-18 20:31:37,391] WARNING root: No data for WDR74; skipping.
[2026-05-18 20:31:38,141] ERROR root: Missing key in response for format string: 'identifier'
[2026-05-18 20:31:38,142] WARNING root: No data for WDR75; skipping.
[2026-05-18 20:31:38,905] ERROR root: Missing key in response for format string: 'identifier'
[2026-05-18 20:31:38,906] WARNING root: No data for WDR77; skipping.
[2026-05-18 20:31:39,653] ERROR root: Missing key in response for format string: 'identifier'
[2026-05-18 20:31:39,654] WARNING root: No data for WDR82; skipping.
[2026-05-18 20:31:40,407] ERROR root: Missing key in response for format string: 'identifier'
[2026-05-18 20:31:40,409] WARNING root: No data for WDR83OS; skipping.
[2026-05-18 20:31:41,173] ERROR root: Missing key in response for format string: 'identifier'
[2026-05-18 20:31:41,174] WARNING root: No data for WDR92; skipping.
[2026-05-18 20:31:41,928] ERROR root: Missing key in response for format string: 'identifier'
[2026-05-18 20:31:41,929] WARNING root: No data for WDTC1; skipping.
[2026-05-18 20:31:42,864] ERROR root: Missing key in response for format string: 'identifier'
[2026-05-18 20:31:42,865] WARNING root: No data for WEE1; skipping.
[2026-05-18 20:31:43,985] ERROR root: Missing key in response for format string: 'identifier'
[2026-05-18 20:31:43,987] WARNING root: No data for WNK1; skipping.
[2026-05-18 20:31:44,751] ERROR root: Missing key in response for format string: 'identifier'
[2026-05-18 20:31:44,752] WARNING root: No data for WTAP; skipping.
[2026-05-18 20:31:45,504] ERROR root: Missing key in response for format string: 'identifier'
[2026-05-18 20:31:45,505] WARNING root: No data for XAB2; skipping.
[2026-05-18 20:31:46,456] ERROR root: Missing key in response for format string: 'identifier'
[2026-05-18 20:31:46,457] WARNING root: No data for XPO1; skipping.
[2026-05-18 20:31:47,481] ERROR root: Missing key in response for format string: 'identifier'
[2026-05-18 20:31:47,482] WARNING root: No data for XPO5; skipping.
[2026-05-18 20:31:48,629] ERROR root: Missing key in response for format string: 'identifier'
[2026-05-18 20:31:48,631] WARNING root: No data for XRCC1; skipping.
[2026-05-18 20:31:49,586] ERROR root: Missing key in response for format string: 'identifier'
[2026-05-18 20:31:49,587] WARNING root: No data for XRCC2; skipping.
[2026-05-18 20:31:50,542] ERROR root: Missing key in response for format string: 'identifier'
[2026-05-18 20:31:50,543] WARNING root: No data for XRCC3; skipping.
[2026-05-18 20:31:51,505] ERROR root: Missing key in response for format string: 'identifier'
[2026-05-18 20:31:51,507] WARNING root: No data for XRCC5; skipping.
[2026-05-18 20:31:52,458] ERROR root: Missing key in response for format string: 'identifier'
[2026-05-18 20:31:52,459] WARNING root: No data for XRCC6; skipping.
[2026-05-18 20:31:53,210] ERROR root: Missing key in response for format string: 'identifier'
[2026-05-18 20:31:53,212] WARNING root: No data for XRN1; skipping.
[2026-05-18 20:31:54,157] ERROR root: Missing key in response for format string: 'identifier'
[2026-05-18 20:31:54,158] WARNING root: No data for XRN2; skipping.
[2026-05-18 20:31:54,919] ERROR root: Missing key in response for format string: 'identifier'
[2026-05-18 20:31:54,921] WARNING root: No data for YARS; skipping.
[2026-05-18 20:31:55,677] ERROR root: Missing key in response for format string: 'identifier'
[2026-05-18 20:31:55,678] WARNING root: No data for YARS2; skipping.
[2026-05-18 20:31:56,617] ERROR root: Missing key in response for format string: 'identifier'
[2026-05-18 20:31:56,618] WARNING root: No data for YBX1; skipping.
[2026-05-18 20:31:57,371] ERROR root: Missing key in response for format string: 'identifier'
[2026-05-18 20:31:57,372] WARNING root: No data for YEATS2; skipping.
[2026-05-18 20:31:58,133] ERROR root: Missing key in response for format string: 'identifier'
[2026-05-18 20:31:58,134] WARNING root: No data for YEATS4; skipping.
[2026-05-18 20:31:58,882] ERROR root: Missing key in response for format string: 'identifier'
[2026-05-18 20:31:58,883] WARNING root: No data for YJEFN3; skipping.
[2026-05-18 20:31:59,634] ERROR root: Missing key in response for format string: 'identifier'
[2026-05-18 20:31:59,635] WARNING root: No data for YKT6; skipping.
[2026-05-18 20:32:00,394] ERROR root: Missing key in response for format string: 'identifier'
[2026-05-18 20:32:00,395] WARNING root: No data for YPEL1; skipping.
[2026-05-18 20:32:01,154] ERROR root: Missing key in response for format string: 'identifier'
[2026-05-18 20:32:01,156] WARNING root: No data for YPEL5; skipping.
[2026-05-18 20:32:01,910] ERROR root: Missing key in response for format string: 'identifier'
[2026-05-18 20:32:01,911] WARNING root: No data for YRDC; skipping.
[2026-05-18 20:32:02,669] ERROR root: Missing key in response for format string: 'identifier'
[2026-05-18 20:32:02,670] WARNING root: No data for YTHDC1; skipping.
[2026-05-18 20:32:03,817] ERROR root: Missing key in response for format string: 'identifier'
[2026-05-18 20:32:03,818] WARNING root: No data for YY1; skipping.
[2026-05-18 20:32:04,565] ERROR root: Missing key in response for format string: 'identifier'
[2026-05-18 20:32:04,566] WARNING root: No data for ZBTB11; skipping.
[2026-05-18 20:32:05,518] ERROR root: Missing key in response for format string: 'identifier'
[2026-05-18 20:32:05,519] WARNING root: No data for ZBTB17; skipping.
[2026-05-18 20:32:06,271] ERROR root: Missing key in response for format string: 'identifier'
[2026-05-18 20:32:06,272] WARNING root: No data for ZC3H18; skipping.
[2026-05-18 20:32:07,021] ERROR root: Missing key in response for format string: 'identifier'
[2026-05-18 20:32:07,022] WARNING root: No data for ZC3H8; skipping.
[2026-05-18 20:32:07,774] ERROR root: Missing key in response for format string: 'identifier'
[2026-05-18 20:32:07,775] WARNING root: No data for ZCCHC9; skipping.
[2026-05-18 20:32:08,532] ERROR root: Missing key in response for format string: 'identifier'
[2026-05-18 20:32:08,533] WARNING root: No data for ZCRB1; skipping.
[2026-05-18 20:32:09,345] ERROR root: Missing key in response for format string: 'identifier'
[2026-05-18 20:32:09,346] WARNING root: No data for ZFC3H1; skipping.
[2026-05-18 20:32:10,095] ERROR root: Missing key in response for format string: 'identifier'
[2026-05-18 20:32:10,097] WARNING root: No data for ZFP69B; skipping.
[2026-05-18 20:32:10,845] ERROR root: Missing key in response for format string: 'identifier'
[2026-05-18 20:32:10,846] WARNING root: No data for ZMAT2; skipping.
[2026-05-18 20:32:11,683] ERROR root: Missing key in response for format string: 'identifier'
[2026-05-18 20:32:11,684] WARNING root: No data for ZMAT5; skipping.
[2026-05-18 20:32:12,434] ERROR root: Missing key in response for format string: 'identifier'
[2026-05-18 20:32:12,435] WARNING root: No data for ZNF100; skipping.
[2026-05-18 20:32:13,185] ERROR root: Missing key in response for format string: 'identifier'
[2026-05-18 20:32:13,187] WARNING root: No data for ZNF131; skipping.
[2026-05-18 20:32:13,939] ERROR root: Missing key in response for format string: 'identifier'
[2026-05-18 20:32:13,940] WARNING root: No data for ZNF133; skipping.
[2026-05-18 20:32:14,686] ERROR root: Missing key in response for format string: 'identifier'
[2026-05-18 20:32:14,687] WARNING root: No data for ZNF207; skipping.
[2026-05-18 20:32:15,442] ERROR root: Missing key in response for format string: 'identifier'
[2026-05-18 20:32:15,443] WARNING root: No data for ZNF236; skipping.
[2026-05-18 20:32:16,192] ERROR root: Missing key in response for format string: 'identifier'
[2026-05-18 20:32:16,193] WARNING root: No data for ZNF24; skipping.
[2026-05-18 20:32:16,936] ERROR root: Missing key in response for format string: 'identifier'
[2026-05-18 20:32:16,937] WARNING root: No data for ZNF253; skipping.
[2026-05-18 20:32:17,692] ERROR root: Missing key in response for format string: 'identifier'
[2026-05-18 20:32:17,694] WARNING root: No data for ZNF284; skipping.
[2026-05-18 20:32:18,440] ERROR root: Missing key in response for format string: 'identifier'
[2026-05-18 20:32:18,441] WARNING root: No data for ZNF317; skipping.
[2026-05-18 20:32:19,198] ERROR root: Missing key in response for format string: 'identifier'
[2026-05-18 20:32:19,199] WARNING root: No data for ZNF335; skipping.
[2026-05-18 20:32:19,951] ERROR root: Missing key in response for format string: 'identifier'
[2026-05-18 20:32:19,953] WARNING root: No data for ZNF407; skipping.
[2026-05-18 20:32:20,716] ERROR root: Missing key in response for format string: 'identifier'
[2026-05-18 20:32:20,718] WARNING root: No data for ZNF468; skipping.
[2026-05-18 20:32:21,473] ERROR root: Missing key in response for format string: 'identifier'
[2026-05-18 20:32:21,474] WARNING root: No data for ZNF492; skipping.
[2026-05-18 20:32:22,231] ERROR root: Missing key in response for format string: 'identifier'
[2026-05-18 20:32:22,232] WARNING root: No data for ZNF506; skipping.
[2026-05-18 20:32:23,432] ERROR root: Missing key in response for format string: 'identifier'
[2026-05-18 20:32:23,434] WARNING root: No data for ZNF559; skipping.
[2026-05-18 20:32:24,188] ERROR root: Missing key in response for format string: 'identifier'
[2026-05-18 20:32:24,189] WARNING root: No data for ZNF574; skipping.
[2026-05-18 20:32:24,934] ERROR root: Missing key in response for format string: 'identifier'
[2026-05-18 20:32:24,936] WARNING root: No data for ZNF658; skipping.
[2026-05-18 20:32:25,686] ERROR root: Missing key in response for format string: 'identifier'
[2026-05-18 20:32:25,687] WARNING root: No data for ZNF674; skipping.
[2026-05-18 20:32:26,435] ERROR root: Missing key in response for format string: 'identifier'
[2026-05-18 20:32:26,437] WARNING root: No data for ZNF676; skipping.
[2026-05-18 20:32:27,188] ERROR root: Missing key in response for format string: 'identifier'
[2026-05-18 20:32:27,189] WARNING root: No data for ZNF687; skipping.
[2026-05-18 20:32:27,933] ERROR root: Missing key in response for format string: 'identifier'
[2026-05-18 20:32:27,934] WARNING root: No data for ZNF718; skipping.
[2026-05-18 20:32:28,686] ERROR root: Missing key in response for format string: 'identifier'
[2026-05-18 20:32:28,687] WARNING root: No data for ZNF720; skipping.
[2026-05-18 20:32:29,447] ERROR root: Missing key in response for format string: 'identifier'
[2026-05-18 20:32:29,449] WARNING root: No data for ZNF763; skipping.
[2026-05-18 20:32:30,205] ERROR root: Missing key in response for format string: 'identifier'
[2026-05-18 20:32:30,206] WARNING root: No data for ZNF830; skipping.
[2026-05-18 20:32:30,961] ERROR root: Missing key in response for format string: 'identifier'
[2026-05-18 20:32:30,962] WARNING root: No data for ZNHIT2; skipping.
[2026-05-18 20:32:31,716] ERROR root: Missing key in response for format string: 'identifier'
[2026-05-18 20:32:31,717] WARNING root: No data for ZNHIT3; skipping.
[2026-05-18 20:32:32,463] ERROR root: Missing key in response for format string: 'identifier'
[2026-05-18 20:32:32,464] WARNING root: No data for ZNHIT6; skipping.
[2026-05-18 20:32:33,411] ERROR root: Missing key in response for format string: 'identifier'
[2026-05-18 20:32:33,412] WARNING root: No data for ZNRD1; skipping.
[2026-05-18 20:32:34,159] ERROR root: Missing key in response for format string: 'identifier'
[2026-05-18 20:32:34,160] WARNING root: No data for ZRANB2; skipping.
[2026-05-18 20:32:34,918] ERROR root: Missing key in response for format string: 'identifier'
[2026-05-18 20:32:34,920] WARNING root: No data for ZRSR2; skipping.
[2026-05-18 20:32:35,677] ERROR root: Missing key in response for format string: 'identifier'
[2026-05-18 20:32:35,678] WARNING root: No data for ZW10; skipping.
[2026-05-18 20:32:36,429] ERROR root: Missing key in response for format string: 'identifier'
[2026-05-18 20:32:36,430] WARNING root: No data for ZWINT; skipping.
Traceback (most recent call last):
  File "<frozen runpy>", line 198, in _run_module_as_main
  File "<frozen runpy>", line 88, in _run_code
  File "/ictstr01/groups/ml01/workspace/goncalo.pinto/embpy/src/world_model/world_model/scripts/embed_perturbations.py", line 267, in <module>
    sys.exit(main())
             ^^^^^^
  File "/ictstr01/groups/ml01/workspace/goncalo.pinto/embpy/src/world_model/world_model/scripts/embed_perturbations.py", line 187, in main
    embeddings, statuses = provider.embed_with_status(perturbation_labels)
                           ^^^^^^^^^^^^^^^^^^^^^^^^^^^^^^^^^^^^^^^^^^^^^^^
  File "/ictstr01/groups/ml01/workspace/goncalo.pinto/embpy/src/world_model/world_model/data/embeddings/bio_embedder.py", line 191, in embed_with_status
    raise ValueError(
ValueError: BioEmbedder returned no embeddings for any of 2057 symbols. Check model_name='minilm_l6_v2', organism='human', resolver_backend='api'. If your dataset is mostly controls, set action_embedding.fail_on_unresolved=False and verify the output of embed_perturbations.py.
